holiday,workingday,temp,atemp,humidity,windspeed,hour,month,dayofweek,season_1,season_2,season_3,season_4,weather_1,weather_2,weather_3,weather_4,count
0,0,9.84,14.395,81,0.0,0,1,5,True,False,False,False,True,False,False,False,16
0,0,9.02,13.635,80,0.0,1,1,5,True,False,False,False,True,False,False,False,40
0,0,9.02,13.635,80,0.0,2,1,5,True,False,False,False,True,False,False,False,32
0,0,9.84,14.395,75,0.0,3,1,5,True,False,False,False,True,False,False,False,13
0,0,9.84,14.395,75,0.0,4,1,5,True,False,False,False,True,False,False,False,1
0,0,9.84,12.88,75,6.0032,5,1,5,True,False,False,False,False,True,False,False,1
0,0,9.02,13.635,80,0.0,6,1,5,True,False,False,False,True,False,False,False,2
0,0,8.2,12.88,86,0.0,7,1,5,True,False,False,False,True,False,False,False,3
0,0,9.84,14.395,75,0.0,8,1,5,True,False,False,False,True,False,False,False,8
0,0,13.12,17.425,76,0.0,9,1,5,True,False,False,False,True,False,False,False,14
0,0,15.58,19.695,76,16.9979,10,1,5,True,False,False,False,True,False,False,False,36
0,0,14.76,16.665,81,19.0012,11,1,5,True,False,False,False,True,False,False,False,56
0,0,17.22,21.21,77,19.0012,12,1,5,True,False,False,False,True,False,False,False,84
0,0,18.86,22.725,72,19.9995,13,1,5,True,False,False,False,False,True,False,False,94
0,0,18.86,22.725,72,19.0012,14,1,5,True,False,False,False,False,True,False,False,106
0,0,18.04,21.97,77,19.9995,15,1,5,True,False,False,False,False,True,False,False,110
0,0,17.22,21.21,82,19.9995,16,1,5,True,False,False,False,False,True,False,False,93
0,0,18.04,21.97,82,19.0012,17,1,5,True,False,False,False,False,True,False,False,67
0,0,17.22,21.21,88,16.9979,18,1,5,True,False,False,False,False,False,True,False,35
0,0,17.22,21.21,88,16.9979,19,1,5,True,False,False,False,False,False,True,False,37
0,0,16.4,20.455,87,16.9979,20,1,5,True,False,False,False,False,True,False,False,36
0,0,16.4,20.455,87,12.998,21,1,5,True,False,False,False,False,True,False,False,34
0,0,16.4,20.455,94,15.0013,22,1,5,True,False,False,False,False,True,False,False,28
0,0,18.86,22.725,88,19.9995,23,1,5,True,False,False,False,False,True,False,False,39
0,0,18.86,22.725,88,19.9995,0,1,6,True,False,False,False,False,True,False,False,17
0,0,18.04,21.97,94,16.9979,1,1,6,True,False,False,False,False,True,False,False,17
0,0,17.22,21.21,100,19.0012,2,1,6,True,False,False,False,False,True,False,False,9
0,0,18.86,22.725,94,12.998,3,1,6,True,False,False,False,False,True,False,False,6
0,0,18.86,22.725,94,12.998,4,1,6,True,False,False,False,False,True,False,False,3
0,0,17.22,21.21,77,19.9995,6,1,6,True,False,False,False,False,False,True,False,2
0,0,16.4,20.455,76,12.998,7,1,6,True,False,False,False,False,True,False,False,1
0,0,16.4,20.455,71,15.0013,8,1,6,True,False,False,False,False,False,True,False,8
0,0,15.58,19.695,76,15.0013,9,1,6,True,False,False,False,False,True,False,False,20
0,0,14.76,17.425,81,15.0013,10,1,6,True,False,False,False,False,True,False,False,53
0,0,14.76,16.665,71,16.9979,11,1,6,True,False,False,False,False,True,False,False,70
0,0,14.76,16.665,66,19.9995,12,1,6,True,False,False,False,False,True,False,False,93
0,0,14.76,17.425,66,8.9981,13,1,6,True,False,False,False,False,True,False,False,75
0,0,14.76,17.425,76,12.998,14,1,6,True,False,False,False,False,False,True,False,59
0,0,13.94,16.665,81,11.0014,15,1,6,True,False,False,False,False,False,True,False,74
0,0,13.94,16.665,71,11.0014,16,1,6,True,False,False,False,False,False,True,False,76
0,0,13.94,16.665,57,12.998,17,1,6,True,False,False,False,True,False,False,False,65
0,0,14.76,16.665,46,22.0028,18,1,6,True,False,False,False,False,True,False,False,53
0,0,13.12,14.395,42,30.0026,19,1,6,True,False,False,False,True,False,False,False,30
0,0,12.3,13.635,39,23.9994,20,1,6,True,False,False,False,True,False,False,False,22
0,0,10.66,11.365,44,22.0028,21,1,6,True,False,False,False,True,False,False,False,31
0,0,9.84,10.605,44,19.9995,22,1,6,True,False,False,False,True,False,False,False,9
0,0,9.02,11.365,47,11.0014,23,1,6,True,False,False,False,True,False,False,False,8
0,1,9.02,9.85,44,23.9994,0,1,0,True,False,False,False,True,False,False,False,5
0,1,8.2,8.335,44,27.9993,1,1,0,True,False,False,False,True,False,False,False,2
0,1,6.56,6.82,47,26.0027,4,1,0,True,False,False,False,True,False,False,False,1
0,1,6.56,6.82,47,19.0012,5,1,0,True,False,False,False,True,False,False,False,3
0,1,5.74,5.305,50,26.0027,6,1,0,True,False,False,False,True,False,False,False,30
0,1,5.74,6.82,50,12.998,7,1,0,True,False,False,False,True,False,False,False,64
0,1,5.74,6.06,50,19.0012,8,1,0,True,False,False,False,True,False,False,False,154
0,1,6.56,6.82,43,26.0027,9,1,0,True,False,False,False,True,False,False,False,88
0,1,7.38,8.335,43,16.9979,10,1,0,True,False,False,False,True,False,False,False,44
0,1,8.2,9.09,40,22.0028,11,1,0,True,False,False,False,True,False,False,False,51
0,1,9.02,10.605,35,19.9995,12,1,0,True,False,False,False,True,False,False,False,61
0,1,9.84,10.605,35,19.0012,13,1,0,True,False,False,False,True,False,False,False,61
0,1,10.66,12.12,30,19.0012,14,1,0,True,False,False,False,True,False,False,False,77
0,1,10.66,12.12,30,16.9979,15,1,0,True,False,False,False,True,False,False,False,72
0,1,10.66,12.12,30,16.9979,16,1,0,True,False,False,False,True,False,False,False,76
0,1,9.84,11.365,30,15.0013,17,1,0,True,False,False,False,True,False,False,False,157
0,1,9.84,12.88,32,7.0015,18,1,0,True,False,False,False,True,False,False,False,157
0,1,8.2,12.88,47,0.0,19,1,0,True,False,False,False,True,False,False,False,110
0,1,8.2,11.365,47,7.0015,20,1,0,True,False,False,False,True,False,False,False,52
0,1,7.38,9.85,64,8.9981,21,1,0,True,False,False,False,True,False,False,False,52
0,1,5.74,7.575,69,8.9981,22,1,0,True,False,False,False,True,False,False,False,20
0,1,7.38,10.605,55,7.0015,23,1,0,True,False,False,False,True,False,False,False,12
0,1,6.56,9.09,55,7.0015,0,1,1,True,False,False,False,True,False,False,False,5
0,1,6.56,9.09,59,7.0015,1,1,1,True,False,False,False,True,False,False,False,2
0,1,5.74,7.575,63,8.9981,2,1,1,True,False,False,False,True,False,False,False,1
0,1,5.74,9.09,63,6.0032,4,1,1,True,False,False,False,True,False,False,False,2
0,1,4.92,7.575,68,7.0015,5,1,1,True,False,False,False,True,False,False,False,4
0,1,4.92,7.575,74,7.0015,6,1,1,True,False,False,False,True,False,False,False,36
0,1,4.92,7.575,74,8.9981,7,1,1,True,False,False,False,True,False,False,False,94
0,1,5.74,7.575,69,11.0014,8,1,1,True,False,False,False,True,False,False,False,179
0,1,6.56,7.575,64,15.0013,9,1,1,True,False,False,False,True,False,False,False,100
0,1,6.56,6.82,69,22.0028,10,1,1,True,False,False,False,False,True,False,False,42
0,1,9.02,10.605,51,19.9995,11,1,1,True,False,False,False,True,False,False,False,57
0,1,9.02,11.365,51,11.0014,12,1,1,True,False,False,False,True,False,False,False,78
0,1,9.84,11.365,56,12.998,13,1,1,True,False,False,False,True,False,False,False,97
0,1,10.66,12.88,52,15.0013,14,1,1,True,False,False,False,True,False,False,False,63
0,1,11.48,13.635,52,16.9979,15,1,1,True,False,False,False,True,False,False,False,65
0,1,12.3,14.395,49,16.9979,16,1,1,True,False,False,False,True,False,False,False,83
0,1,11.48,13.635,48,15.0013,17,1,1,True,False,False,False,True,False,False,False,212
0,1,10.66,12.88,48,12.998,18,1,1,True,False,False,False,True,False,False,False,182
0,1,9.84,12.88,48,7.0015,19,1,1,True,False,False,False,True,False,False,False,112
0,1,9.84,12.88,48,7.0015,20,1,1,True,False,False,False,True,False,False,False,54
0,1,9.02,13.635,64,0.0,21,1,1,True,False,False,False,True,False,False,False,48
0,1,9.02,12.88,64,6.0032,22,1,1,True,False,False,False,True,False,False,False,35
0,1,8.2,11.365,69,6.0032,23,1,1,True,False,False,False,True,False,False,False,11
0,1,8.2,12.88,64,0.0,0,1,2,True,False,False,False,True,False,False,False,6
0,1,6.56,9.85,74,6.0032,1,1,2,True,False,False,False,True,False,False,False,6
0,1,6.56,9.85,74,6.0032,2,1,2,True,False,False,False,True,False,False,False,2
0,1,9.84,11.365,48,15.0013,4,1,2,True,False,False,False,True,False,False,False,2
0,1,9.02,11.365,47,11.0014,5,1,2,True,False,False,False,True,False,False,False,3
0,1,8.2,9.85,47,15.0013,6,1,2,True,False,False,False,True,False,False,False,33
0,1,7.38,9.09,43,12.998,7,1,2,True,False,False,False,True,False,False,False,88
0,1,8.2,9.09,40,19.9995,8,1,2,True,False,False,False,True,False,False,False,195
0,1,9.02,9.85,37,22.0028,9,1,2,True,False,False,False,True,False,False,False,115
0,1,9.02,9.85,37,22.0028,10,1,2,True,False,False,False,True,False,False,False,57
0,1,10.66,11.365,33,22.0028,11,1,2,True,False,False,False,True,False,False,False,46
0,1,10.66,11.365,33,22.0028,12,1,2,True,False,False,False,True,False,False,False,79
0,1,11.48,12.88,30,19.9995,13,1,2,True,False,False,False,True,False,False,False,71
0,1,12.3,14.395,28,12.998,14,1,2,True,False,False,False,True,False,False,False,62
0,1,12.3,14.395,28,12.998,15,1,2,True,False,False,False,True,False,False,False,62
0,1,12.3,15.91,28,6.0032,16,1,2,True,False,False,False,True,False,False,False,89
0,1,9.84,11.365,38,12.998,17,1,2,True,False,False,False,True,False,False,False,190
0,1,9.84,12.12,38,8.9981,18,1,2,True,False,False,False,True,False,False,False,169
0,1,9.84,12.88,38,7.0015,19,1,2,True,False,False,False,True,False,False,False,132
0,1,9.02,11.365,47,11.0014,20,1,2,True,False,False,False,True,False,False,False,89
0,1,8.2,9.85,51,12.998,21,1,2,True,False,False,False,True,False,False,False,43
0,1,7.38,9.85,55,8.9981,22,1,2,True,False,False,False,True,False,False,False,42
0,1,8.2,12.88,47,0.0,23,1,2,True,False,False,False,True,False,False,False,19
0,1,7.38,12.12,55,0.0,0,1,3,True,False,False,False,True,False,False,False,11
0,1,6.56,11.365,64,0.0,1,1,3,True,False,False,False,True,False,False,False,4
0,1,6.56,11.365,64,0.0,2,1,3,True,False,False,False,True,False,False,False,2
0,1,6.56,9.85,64,6.0032,4,1,3,True,False,False,False,False,True,False,False,1
0,1,5.74,9.09,69,6.0032,5,1,3,True,False,False,False,False,True,False,False,4
0,1,5.74,8.335,63,7.0015,6,1,3,True,False,False,False,False,True,False,False,36
0,1,6.56,11.365,59,0.0,7,1,3,True,False,False,False,False,True,False,False,95
0,1,6.56,11.365,59,0.0,8,1,3,True,False,False,False,True,False,False,False,219
0,1,7.38,12.12,51,0.0,9,1,3,True,False,False,False,False,True,False,False,122
0,1,8.2,12.88,47,0.0,10,1,3,True,False,False,False,True,False,False,False,45
0,1,9.02,12.88,44,6.0032,11,1,3,True,False,False,False,True,False,False,False,59
0,1,10.66,14.395,35,0.0,12,1,3,True,False,False,False,True,False,False,False,84
0,1,10.66,13.635,35,7.0015,13,1,3,True,False,False,False,True,False,False,False,67
0,1,11.48,13.635,36,11.0014,14,1,3,True,False,False,False,True,False,False,False,70
0,1,11.48,13.635,36,0.0,15,1,3,True,False,False,False,True,False,False,False,62
0,1,10.66,12.88,38,11.0014,16,1,3,True,False,False,False,True,False,False,False,86
0,1,9.02,11.365,51,11.0014,17,1,3,True,False,False,False,True,False,False,False,172
0,1,9.02,11.365,51,8.9981,18,1,3,True,False,False,False,True,False,False,False,163
0,1,9.02,12.88,55,6.0032,19,1,3,True,False,False,False,True,False,False,False,112
0,1,8.2,10.605,51,11.0014,20,1,3,True,False,False,False,True,False,False,False,69
0,1,9.02,10.605,55,15.0013,21,1,3,True,False,False,False,False,True,False,False,48
0,1,9.02,10.605,51,19.0012,22,1,3,True,False,False,False,False,True,False,False,52
0,1,8.2,9.85,59,12.998,23,1,3,True,False,False,False,False,True,False,False,23
0,1,8.2,9.85,64,12.998,0,1,4,True,False,False,False,False,True,False,False,17
0,1,8.2,9.85,69,15.0013,1,1,4,True,False,False,False,False,True,False,False,7
0,1,8.2,9.85,69,15.0013,2,1,4,True,False,False,False,False,True,False,False,1
0,1,8.2,10.605,69,8.9981,4,1,4,True,False,False,False,False,True,False,False,1
0,1,9.02,13.635,55,0.0,5,1,4,True,False,False,False,False,False,True,False,5
0,1,8.2,12.88,69,0.0,6,1,4,True,False,False,False,False,True,False,False,34
0,1,8.2,10.605,69,8.9981,7,1,4,True,False,False,False,True,False,False,False,84
0,1,8.2,9.85,51,16.9979,8,1,4,True,False,False,False,True,False,False,False,210
0,1,8.2,9.09,47,19.9995,9,1,4,True,False,False,False,True,False,False,False,134
0,1,9.02,9.85,37,22.0028,10,1,4,True,False,False,False,True,False,False,False,63
0,1,8.2,9.85,40,15.0013,11,1,4,True,False,False,False,False,True,False,False,67
0,1,8.2,9.85,37,16.9979,12,1,4,True,False,False,False,False,True,False,False,59
0,1,8.2,9.09,37,19.0012,13,1,4,True,False,False,False,False,True,False,False,73
0,1,8.2,9.85,40,16.9979,14,1,4,True,False,False,False,False,True,False,False,50
0,1,8.2,10.605,37,11.0014,15,1,4,True,False,False,False,False,True,False,False,72
0,1,8.2,10.605,37,11.0014,16,1,4,True,False,False,False,False,True,False,False,87
0,1,8.2,12.88,37,0.0,17,1,4,True,False,False,False,False,True,False,False,187
0,1,8.2,11.365,40,6.0032,18,1,4,True,False,False,False,True,False,False,False,123
0,1,6.56,9.85,55,6.0032,19,1,4,True,False,False,False,True,False,False,False,95
0,1,7.38,10.605,47,7.0015,20,1,4,True,False,False,False,True,False,False,False,51
0,1,7.38,9.85,47,8.9981,21,1,4,True,False,False,False,True,False,False,False,39
0,1,7.38,9.85,43,11.0014,22,1,4,True,False,False,False,False,True,False,False,36
0,1,7.38,9.85,51,11.0014,23,1,4,True,False,False,False,False,True,False,False,15
0,0,7.38,9.85,51,11.0014,0,1,5,True,False,False,False,False,True,False,False,25
0,0,7.38,10.605,55,6.0032,1,1,5,True,False,False,False,False,True,False,False,16
0,0,7.38,12.12,55,0.0,2,1,5,True,False,False,False,False,True,False,False,16
0,0,7.38,9.85,55,11.0014,3,1,5,True,False,False,False,False,False,True,False,7
0,0,7.38,9.85,55,11.0014,4,1,5,True,False,False,False,False,False,True,False,1
0,0,6.56,8.335,74,11.0014,5,1,5,True,False,False,False,False,True,False,False,5
0,0,6.56,8.335,74,11.0014,6,1,5,True,False,False,False,False,True,False,False,2
0,0,6.56,9.09,74,7.0015,7,1,5,True,False,False,False,False,True,False,False,9
0,0,6.56,9.09,93,7.0015,8,1,5,True,False,False,False,False,False,True,False,15
0,0,6.56,9.09,93,7.0015,9,1,5,True,False,False,False,False,False,True,False,20
0,0,7.38,9.85,80,11.0014,10,1,5,True,False,False,False,False,True,False,False,61
0,0,8.2,9.09,69,26.0027,11,1,5,True,False,False,False,False,True,False,False,62
0,0,8.2,9.09,59,23.9994,12,1,5,True,False,False,False,False,True,False,False,98
0,0,8.2,9.09,44,22.0028,13,1,5,True,False,False,False,True,False,False,False,102
0,0,8.2,8.335,32,32.9975,14,1,5,True,False,False,False,True,False,False,False,95
0,0,8.2,8.335,32,30.0026,15,1,5,True,False,False,False,True,False,False,False,74
0,0,7.38,6.82,29,30.0026,16,1,5,True,False,False,False,True,False,False,False,76
0,0,6.56,6.06,37,36.9974,17,1,5,True,False,False,False,True,False,False,False,69
0,0,5.74,6.06,39,19.9995,18,1,5,True,False,False,False,True,False,False,False,55
0,0,5.74,6.06,36,16.9979,19,1,5,True,False,False,False,True,False,False,False,30
0,0,4.92,6.06,36,16.9979,20,1,5,True,False,False,False,True,False,False,False,28
0,0,4.92,5.305,39,23.9994,21,1,5,True,False,False,False,True,False,False,False,37
0,0,4.92,5.305,36,26.0027,22,1,5,True,False,False,False,True,False,False,False,34
0,0,4.1,3.03,39,30.0026,23,1,5,True,False,False,False,True,False,False,False,22
0,0,4.1,3.79,42,26.0027,0,1,6,True,False,False,False,True,False,False,False,25
0,0,4.1,3.03,42,31.0009,1,1,6,True,False,False,False,True,False,False,False,12
0,0,4.1,3.03,46,31.0009,2,1,6,True,False,False,False,True,False,False,False,11
0,0,4.1,3.79,46,27.9993,3,1,6,True,False,False,False,True,False,False,False,4
0,0,3.28,4.545,53,12.998,4,1,6,True,False,False,False,True,False,False,False,1
0,0,3.28,4.545,53,12.998,5,1,6,True,False,False,False,True,False,False,False,1
0,0,4.1,4.545,49,19.0012,6,1,6,True,False,False,False,True,False,False,False,1
0,0,3.28,4.545,53,12.998,7,1,6,True,False,False,False,True,False,False,False,6
0,0,4.1,4.545,49,19.0012,8,1,6,True,False,False,False,True,False,False,False,10
0,0,4.92,3.79,46,35.0008,9,1,6,True,False,False,False,True,False,False,False,19
0,0,5.74,5.305,43,26.0027,10,1,6,True,False,False,False,True,False,False,False,49
0,0,6.56,6.06,40,35.0008,11,1,6,True,False,False,False,True,False,False,False,49
0,0,7.38,6.82,37,30.0026,12,1,6,True,False,False,False,True,False,False,False,83
0,0,8.2,8.335,34,30.0026,13,1,6,True,False,False,False,True,False,False,False,75
0,0,9.02,9.09,32,31.0009,14,1,6,True,False,False,False,True,False,False,False,72
0,0,9.02,9.85,35,23.9994,15,1,6,True,False,False,False,True,False,False,False,82
0,0,8.2,8.335,34,30.0026,16,1,6,True,False,False,False,True,False,False,False,92
0,0,7.38,7.575,37,26.0027,17,1,6,True,False,False,False,True,False,False,False,62
0,0,6.56,6.82,40,22.0028,18,1,6,True,False,False,False,True,False,False,False,48
0,0,6.56,6.82,43,22.0028,19,1,6,True,False,False,False,True,False,False,False,41
0,0,5.74,6.06,46,16.9979,20,1,6,True,False,False,False,True,False,False,False,38
0,0,5.74,5.305,46,27.9993,21,1,6,True,False,False,False,True,False,False,False,20
0,0,5.74,6.06,46,19.9995,22,1,6,True,False,False,False,True,False,False,False,15
0,0,4.92,6.82,50,12.998,23,1,6,True,False,False,False,True,False,False,False,6
0,1,4.92,6.06,50,19.0012,0,1,0,True,False,False,False,True,False,False,False,5
0,1,4.92,6.06,50,19.0012,1,1,0,True,False,False,False,True,False,False,False,1
0,1,4.92,6.06,50,15.0013,2,1,0,True,False,False,False,True,False,False,False,3
0,1,4.92,6.06,50,15.0013,3,1,0,True,False,False,False,True,False,False,False,1
0,1,4.1,6.06,54,8.9981,4,1,0,True,False,False,False,True,False,False,False,3
0,1,4.1,5.305,54,16.9979,5,1,0,True,False,False,False,True,False,False,False,3
0,1,4.92,6.06,50,19.0012,6,1,0,True,False,False,False,True,False,False,False,31
0,1,4.92,6.06,50,15.0013,7,1,0,True,False,False,False,True,False,False,False,77
0,1,4.92,6.06,50,19.0012,8,1,0,True,False,False,False,False,True,False,False,188
0,1,5.74,6.06,50,16.9979,9,1,0,True,False,False,False,False,True,False,False,94
0,1,5.74,6.06,50,19.9995,10,1,0,True,False,False,False,False,True,False,False,31
0,1,6.56,6.82,47,19.0012,11,1,0,True,False,False,False,False,True,False,False,30
0,1,8.2,9.09,40,19.0012,12,1,0,True,False,False,False,False,True,False,False,52
0,1,8.2,9.09,40,19.0012,13,1,0,True,False,False,False,False,True,False,False,54
0,1,8.2,9.85,40,15.0013,14,1,0,True,False,False,False,False,True,False,False,47
0,1,8.2,9.85,40,15.0013,15,1,0,True,False,False,False,False,True,False,False,45
0,1,8.2,10.605,40,8.9981,16,1,0,True,False,False,False,True,False,False,False,74
0,1,8.2,11.365,40,7.0015,17,1,0,True,False,False,False,True,False,False,False,178
0,1,8.2,9.85,40,15.0013,18,1,0,True,False,False,False,True,False,False,False,155
0,1,6.56,8.335,47,11.0014,19,1,0,True,False,False,False,True,False,False,False,95
0,1,6.56,8.335,50,11.0014,20,1,0,True,False,False,False,True,False,False,False,74
0,1,5.74,6.82,59,12.998,21,1,0,True,False,False,False,True,False,False,False,38
0,1,5.74,7.575,59,11.0014,22,1,0,True,False,False,False,True,False,False,False,24
0,1,5.74,7.575,59,11.0014,23,1,0,True,False,False,False,True,False,False,False,18
0,1,5.74,8.335,59,7.0015,0,1,1,True,False,False,False,True,False,False,False,12
0,1,5.74,7.575,59,11.0014,1,1,1,True,False,False,False,True,False,False,False,3
0,1,6.56,7.575,55,12.998,2,1,1,True,False,False,False,False,True,False,False,3
0,1,6.56,9.09,55,8.9981,5,1,1,True,False,False,False,False,True,False,False,6
0,1,6.56,9.09,55,8.9981,6,1,1,True,False,False,False,False,True,False,False,27
0,1,6.56,11.365,55,0.0,7,1,1,True,False,False,False,False,True,False,False,99
0,1,7.38,10.605,51,6.0032,8,1,1,True,False,False,False,False,True,False,False,217
0,1,7.38,9.85,51,11.0014,9,1,1,True,False,False,False,False,True,False,False,130
0,1,8.2,10.605,51,11.0014,10,1,1,True,False,False,False,False,True,False,False,54
0,1,8.2,10.605,47,8.9981,11,1,1,True,False,False,False,False,True,False,False,35
0,1,8.2,11.365,51,7.0015,12,1,1,True,False,False,False,False,True,False,False,57
0,1,8.2,11.365,59,6.0032,13,1,1,True,False,False,False,False,True,False,False,52
0,1,8.2,11.365,59,6.0032,14,1,1,True,False,False,False,False,True,False,False,63
0,1,6.56,9.85,80,6.0032,15,1,1,True,False,False,False,False,True,False,False,47
0,1,6.56,7.575,86,15.0013,16,1,1,True,False,False,False,False,True,False,False,76
0,1,6.56,7.575,86,15.0013,17,1,1,True,False,False,False,False,True,False,False,136
0,1,6.56,9.09,93,7.0015,18,1,1,True,False,False,False,False,False,True,False,95
0,1,6.56,11.365,93,0.0,19,1,1,True,False,False,False,False,False,True,False,51
0,1,6.56,7.575,93,12.998,20,1,1,True,False,False,False,False,False,True,False,32
0,1,6.56,9.85,86,6.0032,21,1,1,True,False,False,False,False,False,True,False,20
0,1,6.56,9.09,93,7.0015,22,1,1,True,False,False,False,False,False,True,False,29
0,1,6.56,9.85,93,6.0032,23,1,1,True,False,False,False,False,False,True,False,19
0,1,6.56,9.85,86,6.0032,0,1,2,True,False,False,False,False,True,False,False,7
0,1,6.56,9.09,86,7.0015,1,1,2,True,False,False,False,False,True,False,False,6
0,1,5.74,7.575,86,8.9981,2,1,2,True,False,False,False,True,False,False,False,1
0,1,5.74,7.575,86,11.0014,5,1,2,True,False,False,False,True,False,False,False,5
0,1,4.92,7.575,93,8.9981,6,1,2,True,False,False,False,True,False,False,False,16
0,1,5.74,7.575,69,8.9981,7,1,2,True,False,False,False,True,False,False,False,54
0,1,6.56,8.335,59,11.0014,8,1,2,True,False,False,False,True,False,False,False,128
0,1,6.56,6.82,59,22.0028,9,1,2,True,False,False,False,True,False,False,False,81
0,1,7.38,9.09,55,15.0013,10,1,2,True,False,False,False,True,False,False,False,39
0,1,8.2,9.09,51,26.0027,11,1,2,True,False,False,False,True,False,False,False,35
0,1,8.2,7.575,47,39.0007,12,1,2,True,False,False,False,True,False,False,False,55
0,1,9.02,9.85,44,23.9994,13,1,2,True,False,False,False,True,False,False,False,49
0,1,8.2,9.09,47,22.0028,14,1,2,True,False,False,False,True,False,False,False,44
0,1,8.2,8.335,47,27.9993,15,1,2,True,False,False,False,True,False,False,False,49
0,1,9.02,9.85,44,22.0028,16,1,2,True,False,False,False,True,False,False,False,68
0,1,8.2,9.09,47,23.9994,17,1,2,True,False,False,False,True,False,False,False,139
0,1,8.2,7.575,47,35.0008,18,1,2,True,False,False,False,True,False,False,False,137
0,1,7.38,7.575,47,27.9993,19,1,2,True,False,False,False,True,False,False,False,83
0,1,6.56,6.82,50,22.0028,20,1,2,True,False,False,False,True,False,False,False,56
0,1,6.56,6.82,55,22.0028,21,1,2,True,False,False,False,True,False,False,False,57
0,1,6.56,6.06,55,30.0026,22,1,2,True,False,False,False,True,False,False,False,33
0,1,5.74,5.305,59,27.9993,23,1,2,True,False,False,False,True,False,False,False,20
0,1,5.74,6.06,59,19.0012,0,1,3,True,False,False,False,True,False,False,False,7
0,1,5.74,6.06,50,19.0012,1,1,3,True,False,False,False,True,False,False,False,2
0,1,5.74,6.06,50,23.9994,2,1,3,True,False,False,False,True,False,False,False,2
0,1,5.74,6.06,50,22.0028,3,1,3,True,False,False,False,True,False,False,False,3
0,1,5.74,6.06,50,16.9979,4,1,3,True,False,False,False,True,False,False,False,4
0,1,5.74,6.06,50,19.9995,5,1,3,True,False,False,False,True,False,False,False,3
0,1,4.92,7.575,54,8.9981,6,1,3,True,False,False,False,True,False,False,False,28
0,1,4.92,7.575,54,8.9981,7,1,3,True,False,False,False,True,False,False,False,72
0,1,5.74,6.82,50,12.998,8,1,3,True,False,False,False,True,False,False,False,202
0,1,5.74,6.06,50,22.0028,9,1,3,True,False,False,False,True,False,False,False,139
0,1,6.56,6.82,50,23.9994,10,1,3,True,False,False,False,False,True,False,False,38
0,1,8.2,8.335,44,30.0026,11,1,3,True,False,False,False,False,True,False,False,37
0,1,8.2,8.335,44,27.9993,12,1,3,True,False,False,False,True,False,False,False,52
0,1,9.02,9.85,41,30.0026,13,1,3,True,False,False,False,True,False,False,False,83
0,1,9.02,9.85,41,26.0027,14,1,3,True,False,False,False,True,False,False,False,42
0,1,9.84,10.605,38,19.9995,15,1,3,True,False,False,False,True,False,False,False,60
0,1,9.84,10.605,38,23.9994,16,1,3,True,False,False,False,True,False,False,False,78
0,1,8.2,9.09,40,19.0012,17,1,3,True,False,False,False,True,False,False,False,162
0,1,8.2,9.09,40,22.0028,18,1,3,True,False,False,False,True,False,False,False,144
0,1,6.56,7.575,47,16.9979,19,1,3,True,False,False,False,True,False,False,False,99
0,1,6.56,7.575,47,15.0013,20,1,3,True,False,False,False,True,False,False,False,64
0,1,5.74,6.06,46,19.9995,21,1,3,True,False,False,False,True,False,False,False,40
0,1,5.74,6.06,46,22.0028,22,1,3,True,False,False,False,True,False,False,False,30
0,1,4.92,6.82,50,12.998,23,1,3,True,False,False,False,True,False,False,False,15
0,1,4.92,6.82,50,12.998,0,1,4,True,False,False,False,True,False,False,False,14
0,1,4.1,6.06,54,11.0014,1,1,4,True,False,False,False,True,False,False,False,5
0,1,4.1,6.06,54,8.9981,2,1,4,True,False,False,False,True,False,False,False,1
0,1,4.1,6.82,54,7.0015,3,1,4,True,False,False,False,True,False,False,False,1
0,1,4.1,6.82,54,6.0032,5,1,4,True,False,False,False,True,False,False,False,8
0,1,4.1,9.09,54,0.0,6,1,4,True,False,False,False,True,False,False,False,17
0,1,4.1,6.06,74,11.0014,7,1,4,True,False,False,False,True,False,False,False,70
0,1,4.92,8.335,68,0.0,8,1,4,True,False,False,False,True,False,False,False,158
0,1,5.74,7.575,69,8.9981,9,1,4,True,False,False,False,True,False,False,False,117
0,1,7.38,9.09,55,12.998,10,1,4,True,False,False,False,True,False,False,False,44
0,1,7.38,8.335,51,19.0012,11,1,4,True,False,False,False,True,False,False,False,53
0,1,8.2,9.85,44,16.9979,12,1,4,True,False,False,False,True,False,False,False,61
0,1,9.02,9.85,37,26.0027,13,1,4,True,False,False,False,True,False,False,False,77
0,1,9.02,10.605,41,19.0012,14,1,4,True,False,False,False,True,False,False,False,64
0,1,9.84,12.12,38,11.0014,15,1,4,True,False,False,False,True,False,False,False,68
0,1,9.02,12.12,41,7.0015,16,1,4,True,False,False,False,True,False,False,False,90
0,1,9.02,11.365,41,11.0014,17,1,4,True,False,False,False,True,False,False,False,159
0,1,8.2,12.88,47,0.0,18,1,4,True,False,False,False,True,False,False,False,139
0,1,6.56,9.85,59,6.0032,19,1,4,True,False,False,False,True,False,False,False,92
0,1,7.38,12.12,59,0.0,20,1,4,True,False,False,False,True,False,False,False,68
0,1,6.56,11.365,69,0.0,21,1,4,True,False,False,False,True,False,False,False,52
0,1,6.56,11.365,69,0.0,22,1,4,True,False,False,False,False,True,False,False,36
0,1,7.38,12.12,55,0.0,23,1,4,True,False,False,False,False,True,False,False,27
0,0,7.38,12.12,55,0.0,0,1,5,True,False,False,False,True,False,False,False,28
0,0,6.56,9.85,59,6.0032,1,1,5,True,False,False,False,False,True,False,False,20
0,0,6.56,9.85,59,6.0032,2,1,5,True,False,False,False,False,True,False,False,12
0,0,6.56,11.365,59,0.0,3,1,5,True,False,False,False,False,True,False,False,8
0,0,6.56,11.365,59,0.0,4,1,5,True,False,False,False,False,True,False,False,5
0,0,6.56,11.365,59,0.0,5,1,5,True,False,False,False,True,False,False,False,1
0,0,5.74,8.335,63,7.0015,6,1,5,True,False,False,False,True,False,False,False,3
0,0,5.74,10.605,63,0.0,7,1,5,True,False,False,False,True,False,False,False,10
0,0,5.74,7.575,63,8.9981,8,1,5,True,False,False,False,True,False,False,False,23
0,0,6.56,9.09,64,8.9981,9,1,5,True,False,False,False,True,False,False,False,33
0,0,7.38,9.85,59,11.0014,10,1,5,True,False,False,False,True,False,False,False,59
0,0,8.2,9.85,55,15.0013,11,1,5,True,False,False,False,True,False,False,False,72
0,0,9.84,11.365,48,15.0013,12,1,5,True,False,False,False,True,False,False,False,89
0,0,11.48,12.88,38,19.9995,13,1,5,True,False,False,False,True,False,False,False,101
0,0,12.3,14.395,39,19.0012,14,1,5,True,False,False,False,True,False,False,False,118
0,0,13.12,15.91,36,12.998,15,1,5,True,False,False,False,False,True,False,False,129
0,0,13.94,16.665,34,12.998,16,1,5,True,False,False,False,False,True,False,False,128
0,0,13.12,15.15,36,19.0012,17,1,5,True,False,False,False,False,True,False,False,83
0,0,12.3,14.395,45,16.9979,18,1,5,True,False,False,False,False,True,False,False,84
0,0,13.12,15.15,39,16.9979,19,1,5,True,False,False,False,False,True,False,False,74
0,0,13.12,15.15,39,16.9979,20,1,5,True,False,False,False,False,True,False,False,41
0,0,13.12,15.15,39,15.0013,21,1,5,True,False,False,False,False,True,False,False,57
0,0,12.3,15.91,42,7.0015,22,1,5,True,False,False,False,False,True,False,False,26
0,0,12.3,14.395,45,19.0012,23,1,5,True,False,False,False,True,False,False,False,44
0,0,10.66,15.15,56,0.0,0,1,6,True,False,False,False,True,False,False,False,39
0,0,10.66,13.635,56,8.9981,1,1,6,True,False,False,False,True,False,False,False,23
0,0,10.66,14.395,56,6.0032,2,1,6,True,False,False,False,True,False,False,False,16
0,0,9.02,13.635,69,0.0,3,1,6,True,False,False,False,True,False,False,False,15
0,0,10.66,12.88,56,11.0014,4,1,6,True,False,False,False,True,False,False,False,1
0,0,10.66,12.88,56,11.0014,5,1,6,True,False,False,False,False,True,False,False,2
0,0,10.66,12.88,56,11.0014,6,1,6,True,False,False,False,False,True,False,False,1
0,0,9.84,10.605,56,19.9995,7,1,6,True,False,False,False,False,True,False,False,3
0,0,9.02,10.605,55,19.0012,8,1,6,True,False,False,False,True,False,False,False,18
0,0,9.02,10.605,51,16.9979,9,1,6,True,False,False,False,True,False,False,False,32
0,0,9.02,10.605,51,19.0012,10,1,6,True,False,False,False,True,False,False,False,79
0,0,9.84,11.365,44,16.9979,11,1,6,True,False,False,False,True,False,False,False,93
0,0,9.84,10.605,41,19.0012,12,1,6,True,False,False,False,True,False,False,False,104
0,0,10.66,11.365,35,19.9995,13,1,6,True,False,False,False,True,False,False,False,118
0,0,11.48,13.635,36,16.9979,14,1,6,True,False,False,False,True,False,False,False,91
0,0,10.66,12.12,38,16.9979,15,1,6,True,False,False,False,True,False,False,False,113
0,0,9.84,11.365,38,15.0013,16,1,6,True,False,False,False,True,False,False,False,99
0,0,9.02,10.605,37,16.9979,17,1,6,True,False,False,False,True,False,False,False,105
0,0,8.2,10.605,40,11.0014,18,1,6,True,False,False,False,True,False,False,False,67
0,0,7.38,9.85,47,8.9981,19,1,6,True,False,False,False,True,False,False,False,61
0,0,7.38,9.85,47,11.0014,20,1,6,True,False,False,False,True,False,False,False,57
0,0,7.38,9.85,51,11.0014,21,1,6,True,False,False,False,True,False,False,False,28
0,0,8.2,10.605,49,8.9981,22,1,6,True,False,False,False,False,True,False,False,21
0,0,8.2,11.365,40,7.0015,23,1,6,True,False,False,False,False,True,False,False,18
1,0,8.2,9.85,47,15.0013,0,1,0,True,False,False,False,False,True,False,False,17
1,0,8.2,9.85,44,12.998,1,1,0,True,False,False,False,False,True,False,False,16
1,0,7.38,8.335,43,16.9979,2,1,0,True,False,False,False,False,True,False,False,8
1,0,7.38,9.09,43,12.998,3,1,0,True,False,False,False,False,True,False,False,2
1,0,7.38,9.85,43,8.9981,4,1,0,True,False,False,False,False,True,False,False,3
1,0,7.38,9.85,43,11.0014,5,1,0,True,False,False,False,False,True,False,False,1
1,0,7.38,9.09,43,12.998,6,1,0,True,False,False,False,False,True,False,False,5
1,0,6.56,9.09,50,8.9981,7,1,0,True,False,False,False,False,True,False,False,13
1,0,6.56,7.575,47,15.0013,8,1,0,True,False,False,False,False,True,False,False,33
1,0,6.56,7.575,47,15.0013,9,1,0,True,False,False,False,False,True,False,False,47
1,0,6.56,7.575,50,16.9979,10,1,0,True,False,False,False,False,True,False,False,57
1,0,6.56,7.575,55,12.998,11,1,0,True,False,False,False,False,True,False,False,64
1,0,7.38,9.85,47,8.9981,12,1,0,True,False,False,False,False,True,False,False,80
1,0,7.38,9.85,47,8.9981,13,1,0,True,False,False,False,False,True,False,False,93
1,0,7.38,10.605,43,7.0015,14,1,0,True,False,False,False,False,True,False,False,86
1,0,8.2,10.605,47,11.0014,15,1,0,True,False,False,False,False,True,False,False,93
1,0,8.2,10.605,47,11.0014,16,1,0,True,False,False,False,False,True,False,False,82
1,0,8.2,9.85,51,12.998,17,1,0,True,False,False,False,True,False,False,False,71
1,0,7.38,8.335,55,16.9979,18,1,0,True,False,False,False,False,True,False,False,92
1,0,7.38,9.09,59,12.998,19,1,0,True,False,False,False,False,False,True,False,60
1,0,6.56,7.575,80,12.998,20,1,0,True,False,False,False,False,False,True,False,33
1,0,6.56,7.575,80,12.998,21,1,0,True,False,False,False,False,False,True,False,27
1,0,5.74,6.06,93,16.9979,22,1,0,True,False,False,False,False,False,True,False,13
1,0,6.56,6.82,86,19.0012,23,1,0,True,False,False,False,False,False,True,False,4
0,1,8.2,9.09,86,22.0028,12,1,1,True,False,False,False,False,True,False,False,3
0,1,8.2,9.85,86,15.0013,13,1,1,True,False,False,False,False,True,False,False,22
0,1,9.02,11.365,80,11.0014,14,1,1,True,False,False,False,False,True,False,False,28
0,1,9.02,11.365,87,11.0014,15,1,1,True,False,False,False,False,True,False,False,35
0,1,9.02,11.365,87,12.998,16,1,1,True,False,False,False,False,True,False,False,61
0,1,9.02,11.365,82,12.998,17,1,1,True,False,False,False,False,True,False,False,125
0,1,9.02,11.365,80,11.0014,18,1,1,True,False,False,False,False,True,False,False,133
0,1,9.02,11.365,80,8.9981,19,1,1,True,False,False,False,False,True,False,False,99
0,1,9.02,13.635,87,0.0,20,1,1,True,False,False,False,False,True,False,False,83
0,1,9.02,12.12,93,7.0015,21,1,1,True,False,False,False,False,True,False,False,41
0,1,9.02,12.88,93,6.0032,22,1,1,True,False,False,False,False,True,False,False,33
0,1,9.02,13.635,93,0.0,23,1,1,True,False,False,False,False,True,False,False,20
0,1,9.02,13.635,93,0.0,0,1,2,True,False,False,False,False,True,False,False,3
0,1,9.02,11.365,93,8.9981,1,1,2,True,False,False,False,False,False,True,False,7
0,1,9.02,11.365,93,8.9981,2,1,2,True,False,False,False,False,False,True,False,3
0,1,9.02,11.365,93,8.9981,4,1,2,True,False,False,False,False,False,True,False,2
0,1,9.02,12.88,93,6.0032,5,1,2,True,False,False,False,False,True,False,False,7
0,1,9.02,12.88,93,6.0032,6,1,2,True,False,False,False,False,True,False,False,32
0,1,9.84,12.88,92,7.0015,7,1,2,True,False,False,False,False,True,False,False,90
0,1,9.84,12.88,93,7.0015,8,1,2,True,False,False,False,False,True,False,False,197
0,1,9.84,12.88,93,7.0015,9,1,2,True,False,False,False,False,True,False,False,109
0,1,10.66,13.635,93,8.9981,10,1,2,True,False,False,False,False,True,False,False,47
0,1,11.48,15.15,87,6.0032,11,1,2,True,False,False,False,False,True,False,False,52
0,1,12.3,15.91,81,6.0032,12,1,2,True,False,False,False,False,True,False,False,70
0,1,16.4,20.455,62,19.0012,13,1,2,True,False,False,False,True,False,False,False,78
0,1,16.4,20.455,58,16.9979,14,1,2,True,False,False,False,True,False,False,False,75
0,1,16.4,20.455,54,19.0012,15,1,2,True,False,False,False,True,False,False,False,82
0,1,15.58,19.695,58,26.0027,16,1,2,True,False,False,False,True,False,False,False,104
0,1,14.76,16.665,57,22.0028,17,1,2,True,False,False,False,True,False,False,False,197
0,1,13.94,15.91,61,19.0012,18,1,2,True,False,False,False,True,False,False,False,161
0,1,13.12,14.395,57,27.9993,19,1,2,True,False,False,False,True,False,False,False,112
0,1,13.12,15.15,49,19.9995,20,1,2,True,False,False,False,True,False,False,False,76
0,1,13.12,14.395,49,27.9993,21,1,2,True,False,False,False,True,False,False,False,59
0,1,12.3,15.15,52,11.0014,22,1,2,True,False,False,False,True,False,False,False,59
0,1,12.3,13.635,52,31.0009,23,1,2,True,False,False,False,True,False,False,False,28
0,1,6.56,9.09,64,7.0015,0,2,1,True,False,False,False,False,True,False,False,8
0,1,6.56,9.09,69,7.0015,1,2,1,True,False,False,False,False,True,False,False,3
0,1,6.56,11.365,69,0.0,2,2,1,True,False,False,False,False,True,False,False,2
0,1,6.56,11.365,69,0.0,3,2,1,True,False,False,False,False,True,False,False,2
0,1,5.74,10.605,93,0.0,5,2,1,True,False,False,False,False,False,True,False,3
0,1,5.74,10.605,93,0.0,6,2,1,True,False,False,False,False,False,True,False,22
0,1,6.56,11.365,93,0.0,7,2,1,True,False,False,False,False,False,True,False,52
0,1,6.56,11.365,93,0.0,8,2,1,True,False,False,False,False,False,True,False,135
0,1,6.56,11.365,93,0.0,9,2,1,True,False,False,False,False,True,False,False,116
0,1,6.56,11.365,93,0.0,10,2,1,True,False,False,False,False,True,False,False,47
0,1,7.38,12.12,86,0.0,11,2,1,True,False,False,False,False,True,False,False,51
0,1,8.2,12.88,86,0.0,12,2,1,True,False,False,False,False,True,False,False,55
0,1,8.2,12.88,86,0.0,13,2,1,True,False,False,False,False,True,False,False,52
0,1,9.02,12.88,80,6.0032,14,2,1,True,False,False,False,False,True,False,False,54
0,1,9.84,14.395,75,0.0,15,2,1,True,False,False,False,False,True,False,False,52
0,1,9.84,12.12,75,8.9981,16,2,1,True,False,False,False,False,True,False,False,64
0,1,9.84,14.395,75,0.0,17,2,1,True,False,False,False,False,True,False,False,176
0,1,9.84,12.88,81,7.0015,18,2,1,True,False,False,False,False,True,False,False,168
0,1,9.84,12.12,81,8.9981,19,2,1,True,False,False,False,False,True,False,False,108
0,1,9.02,11.365,87,8.9981,20,2,1,True,False,False,False,False,True,False,False,74
0,1,9.02,11.365,87,8.9981,21,2,1,True,False,False,False,False,True,False,False,64
0,1,9.02,12.88,87,6.0032,22,2,1,True,False,False,False,False,True,False,False,36
0,1,8.2,9.85,93,12.998,23,2,1,True,False,False,False,False,False,True,False,16
0,1,9.02,12.12,93,7.0015,0,2,2,True,False,False,False,False,False,True,False,2
0,1,9.02,11.365,93,12.998,1,2,2,True,False,False,False,False,False,True,False,3
0,1,9.02,11.365,93,8.9981,2,2,2,True,False,False,False,False,False,True,False,4
0,1,9.02,11.365,93,8.9981,3,2,2,True,False,False,False,False,False,True,False,1
0,1,9.02,10.605,93,19.0012,4,2,2,True,False,False,False,False,False,True,False,1
0,1,9.02,12.12,93,7.0015,5,2,2,True,False,False,False,False,False,True,False,3
0,1,9.02,12.12,93,7.0015,6,2,2,True,False,False,False,False,False,True,False,18
0,1,9.02,10.605,93,15.0013,7,2,2,True,False,False,False,False,False,True,False,49
0,1,9.02,10.605,93,15.0013,8,2,2,True,False,False,False,False,False,True,False,155
0,1,9.84,12.88,93,6.0032,9,2,2,True,False,False,False,False,True,False,False,123
0,1,9.02,13.635,100,0.0,10,2,2,True,False,False,False,False,True,False,False,61
0,1,9.84,11.365,93,12.998,11,2,2,True,False,False,False,False,True,False,False,52
0,1,9.84,11.365,93,15.0013,12,2,2,True,False,False,False,False,True,False,False,64
0,1,13.94,16.665,93,11.0014,13,2,2,True,False,False,False,True,False,False,False,75
0,1,15.58,19.695,82,26.0027,14,2,2,True,False,False,False,True,False,False,False,63
0,1,15.58,19.695,76,22.0028,15,2,2,True,False,False,False,True,False,False,False,76
0,1,14.76,16.665,71,19.9995,16,2,2,True,False,False,False,True,False,False,False,103
0,1,14.76,15.91,53,35.0008,17,2,2,True,False,False,False,True,False,False,False,190
0,1,13.94,14.395,42,36.9974,18,2,2,True,False,False,False,True,False,False,False,182
0,1,11.48,12.12,45,32.9975,19,2,2,True,False,False,False,True,False,False,False,91
0,1,9.84,9.85,48,36.9974,20,2,2,True,False,False,False,True,False,False,False,75
0,1,9.02,9.85,47,22.0028,21,2,2,True,False,False,False,True,False,False,False,63
0,1,9.02,10.605,44,16.9979,22,2,2,True,False,False,False,True,False,False,False,40
0,1,8.2,8.335,44,30.0026,23,2,2,True,False,False,False,True,False,False,False,32
0,1,8.2,8.335,40,30.0026,0,2,3,True,False,False,False,True,False,False,False,12
0,1,8.2,7.575,44,35.0008,1,2,3,True,False,False,False,True,False,False,False,5
0,1,7.38,8.335,43,16.9979,2,2,3,True,False,False,False,True,False,False,False,2
0,1,7.38,8.335,43,16.9979,3,2,3,True,False,False,False,True,False,False,False,1
0,1,6.56,6.82,50,19.9995,5,2,3,True,False,False,False,True,False,False,False,2
0,1,6.56,6.82,43,23.9994,6,2,3,True,False,False,False,True,False,False,False,39
0,1,5.74,6.06,50,22.0028,7,2,3,True,False,False,False,True,False,False,False,87
0,1,5.74,6.06,50,23.9994,8,2,3,True,False,False,False,True,False,False,False,188
0,1,6.56,6.82,47,19.9995,9,2,3,True,False,False,False,True,False,False,False,133
0,1,7.38,7.575,43,22.0028,10,2,3,True,False,False,False,True,False,False,False,52
0,1,7.38,6.82,43,30.0026,11,2,3,True,False,False,False,True,False,False,False,64
0,1,8.2,9.09,40,23.9994,12,2,3,True,False,False,False,True,False,False,False,69
0,1,8.2,8.335,40,27.9993,13,2,3,True,False,False,False,True,False,False,False,51
0,1,9.02,9.85,37,26.0027,14,2,3,True,False,False,False,True,False,False,False,47
0,1,9.02,9.85,37,22.0028,15,2,3,True,False,False,False,True,False,False,False,60
0,1,9.02,10.605,37,16.9979,16,2,3,True,False,False,False,True,False,False,False,78
0,1,8.2,9.85,40,12.998,17,2,3,True,False,False,False,True,False,False,False,175
0,1,8.2,10.605,40,11.0014,18,2,3,True,False,False,False,True,False,False,False,147
0,1,8.2,12.88,40,0.0,19,2,3,True,False,False,False,True,False,False,False,96
0,1,8.2,11.365,47,6.0032,20,2,3,True,False,False,False,True,False,False,False,109
0,1,7.38,10.605,55,7.0015,21,2,3,True,False,False,False,True,False,False,False,54
0,1,7.38,10.605,51,6.0032,22,2,3,True,False,False,False,True,False,False,False,41
0,1,8.2,11.365,47,7.0015,23,2,3,True,False,False,False,True,False,False,False,38
0,1,8.2,12.88,44,0.0,0,2,4,True,False,False,False,False,True,False,False,13
0,1,6.56,11.365,59,0.0,1,2,4,True,False,False,False,False,True,False,False,7
0,1,5.74,8.335,63,7.0015,2,2,4,True,False,False,False,False,True,False,False,1
0,1,5.74,8.335,63,7.0015,3,2,4,True,False,False,False,False,True,False,False,1
0,1,5.74,7.575,63,8.9981,5,2,4,True,False,False,False,False,True,False,False,7
0,1,6.56,11.365,55,0.0,6,2,4,True,False,False,False,False,True,False,False,28
0,1,5.74,10.605,59,0.0,7,2,4,True,False,False,False,True,False,False,False,87
0,1,5.74,7.575,74,8.9981,8,2,4,True,False,False,False,True,False,False,False,220
0,1,6.56,9.09,80,8.9981,9,2,4,True,False,False,False,False,True,False,False,127
0,1,8.2,10.605,51,8.9981,10,2,4,True,False,False,False,False,True,False,False,51
0,1,9.02,11.365,51,11.0014,11,2,4,True,False,False,False,True,False,False,False,64
0,1,9.84,12.12,48,11.0014,12,2,4,True,False,False,False,False,True,False,False,86
0,1,10.66,12.88,50,15.0013,13,2,4,True,False,False,False,False,True,False,False,82
0,1,11.48,13.635,45,11.0014,14,2,4,True,False,False,False,False,True,False,False,91
0,1,11.48,13.635,48,16.9979,15,2,4,True,False,False,False,False,True,False,False,90
0,1,12.3,14.395,42,15.0013,16,2,4,True,False,False,False,False,True,False,False,99
0,1,10.66,13.635,56,8.9981,17,2,4,True,False,False,False,False,True,False,False,205
0,1,9.84,12.88,60,7.0015,18,2,4,True,False,False,False,False,True,False,False,155
0,1,9.84,12.12,65,8.9981,19,2,4,True,False,False,False,False,True,False,False,103
0,1,9.84,12.12,65,11.0014,20,2,4,True,False,False,False,False,True,False,False,71
0,1,9.84,12.12,70,11.0014,21,2,4,True,False,False,False,False,True,False,False,43
0,1,9.84,12.12,65,11.0014,22,2,4,True,False,False,False,False,True,False,False,46
0,1,9.84,12.12,70,8.9981,23,2,4,True,False,False,False,False,True,False,False,31
0,0,9.84,12.12,70,11.0014,0,2,5,True,False,False,False,False,True,False,False,39
0,0,9.84,12.12,65,11.0014,1,2,5,True,False,False,False,False,True,False,False,18
0,0,9.84,12.12,75,11.0014,2,2,5,True,False,False,False,False,True,False,False,17
0,0,9.84,12.12,75,11.0014,3,2,5,True,False,False,False,False,True,False,False,11
0,0,9.02,11.365,93,8.9981,4,2,5,True,False,False,False,False,False,True,False,8
0,0,8.2,11.365,100,6.0032,5,2,5,True,False,False,False,False,False,True,False,9
0,0,8.2,12.88,100,0.0,6,2,5,True,False,False,False,False,False,True,False,4
0,0,9.02,12.88,93,6.0032,7,2,5,True,False,False,False,False,False,True,False,4
0,0,8.2,11.365,100,6.0032,8,2,5,True,False,False,False,False,False,True,False,10
0,0,8.2,11.365,100,6.0032,9,2,5,True,False,False,False,False,False,True,False,20
0,0,8.2,10.605,100,8.9981,10,2,5,True,False,False,False,False,False,True,False,34
0,0,9.02,11.365,100,8.9981,11,2,5,True,False,False,False,False,False,True,False,47
0,0,9.02,11.365,100,11.0014,12,2,5,True,False,False,False,False,False,True,False,52
0,0,9.02,11.365,100,11.0014,13,2,5,True,False,False,False,False,False,True,False,72
0,0,9.02,13.635,100,0.0,14,2,5,True,False,False,False,False,False,True,False,55
0,0,9.02,13.635,100,0.0,15,2,5,True,False,False,False,False,False,True,False,60
0,0,9.02,11.365,100,8.9981,16,2,5,True,False,False,False,False,False,True,False,71
0,0,9.84,10.605,100,19.0012,17,2,5,True,False,False,False,False,True,False,False,78
0,0,11.48,12.12,93,30.0026,18,2,5,True,False,False,False,False,True,False,False,83
0,0,11.48,12.12,93,30.0026,19,2,5,True,False,False,False,False,True,False,False,84
0,0,12.3,14.395,87,16.9979,20,2,5,True,False,False,False,True,False,False,False,69
0,0,10.66,12.88,100,12.998,21,2,5,True,False,False,False,True,False,False,False,56
0,0,10.66,13.635,93,8.9981,22,2,5,True,False,False,False,True,False,False,False,45
0,0,10.66,12.88,93,15.0013,23,2,5,True,False,False,False,True,False,False,False,59
0,0,10.66,12.88,70,12.998,0,2,6,True,False,False,False,True,False,False,False,39
0,0,10.66,11.365,65,27.9993,1,2,6,True,False,False,False,True,False,False,False,44
0,0,10.66,11.365,60,22.0028,2,2,6,True,False,False,False,True,False,False,False,20
0,0,10.66,14.395,60,6.0032,3,2,6,True,False,False,False,True,False,False,False,13
0,0,10.66,11.365,60,23.9994,4,2,6,True,False,False,False,True,False,False,False,2
0,0,10.66,12.88,60,15.0013,5,2,6,True,False,False,False,True,False,False,False,1
0,0,10.66,12.88,60,15.0013,6,2,6,True,False,False,False,True,False,False,False,1
0,0,9.84,12.12,65,11.0014,7,2,6,True,False,False,False,True,False,False,False,8
0,0,9.84,12.88,65,7.0015,8,2,6,True,False,False,False,True,False,False,False,23
0,0,11.48,14.395,56,7.0015,9,2,6,True,False,False,False,True,False,False,False,45
0,0,12.3,14.395,52,16.9979,10,2,6,True,False,False,False,True,False,False,False,89
0,0,13.12,15.15,49,16.9979,11,2,6,True,False,False,False,True,False,False,False,117
0,0,13.94,16.665,46,0.0,12,2,6,True,False,False,False,True,False,False,False,174
0,0,13.94,18.18,46,0.0,13,2,6,True,False,False,False,True,False,False,False,182
0,0,13.94,17.425,46,6.0032,14,2,6,True,False,False,False,True,False,False,False,161
0,0,13.94,17.425,46,6.0032,15,2,6,True,False,False,False,True,False,False,False,182
0,0,13.94,17.425,49,7.0015,16,2,6,True,False,False,False,True,False,False,False,157
0,0,13.94,18.18,46,0.0,17,2,6,True,False,False,False,True,False,False,False,121
0,0,12.3,15.15,56,11.0014,18,2,6,True,False,False,False,True,False,False,False,78
0,0,11.48,14.395,61,8.9981,19,2,6,True,False,False,False,True,False,False,False,21
0,0,11.48,14.395,61,7.0015,20,2,6,True,False,False,False,True,False,False,False,26
0,0,10.66,15.15,60,0.0,21,2,6,True,False,False,False,True,False,False,False,27
0,0,10.66,15.15,60,0.0,22,2,6,True,False,False,False,True,False,False,False,62
0,0,9.84,14.395,65,0.0,23,2,6,True,False,False,False,True,False,False,False,30
0,1,9.84,14.395,65,0.0,0,2,0,True,False,False,False,True,False,False,False,15
0,1,9.02,13.635,75,0.0,1,2,0,True,False,False,False,True,False,False,False,5
0,1,8.2,12.88,80,0.0,2,2,0,True,False,False,False,True,False,False,False,3
0,1,8.2,12.88,86,0.0,3,2,0,True,False,False,False,True,False,False,False,1
0,1,8.2,12.88,86,0.0,4,2,0,True,False,False,False,True,False,False,False,2
0,1,8.2,12.88,86,0.0,5,2,0,True,False,False,False,True,False,False,False,10
0,1,7.38,12.12,93,0.0,6,2,0,True,False,False,False,True,False,False,False,30
0,1,7.38,12.12,86,0.0,7,2,0,True,False,False,False,True,False,False,False,95
0,1,6.56,11.365,100,0.0,8,2,0,True,False,False,False,False,True,False,False,230
0,1,9.02,13.635,80,0.0,9,2,0,True,False,False,False,True,False,False,False,118
0,1,9.84,12.88,75,7.0015,10,2,0,True,False,False,False,True,False,False,False,55
0,1,12.3,15.91,65,6.0032,11,2,0,True,False,False,False,True,False,False,False,47
0,1,13.12,17.425,62,0.0,12,2,0,True,False,False,False,False,True,False,False,66
0,1,14.76,18.18,57,6.0032,13,2,0,True,False,False,False,False,True,False,False,64
0,1,14.76,18.18,57,6.0032,14,2,0,True,False,False,False,False,True,False,False,60
0,1,15.58,19.695,54,6.0032,15,2,0,True,False,False,False,False,True,False,False,50
0,1,14.76,17.425,57,8.9981,16,2,0,True,False,False,False,False,True,False,False,114
0,1,13.12,15.91,70,11.0014,17,2,0,True,False,False,False,False,True,False,False,216
0,1,13.94,16.665,66,8.9981,18,2,0,True,False,False,False,False,True,False,False,175
0,1,13.12,17.425,70,0.0,19,2,0,True,False,False,False,False,True,False,False,128
0,1,13.12,16.665,70,7.0015,20,2,0,True,False,False,False,False,True,False,False,88
0,1,13.12,17.425,70,0.0,21,2,0,True,False,False,False,True,False,False,False,78
0,1,11.48,15.15,81,6.0032,22,2,0,True,False,False,False,True,False,False,False,37
0,1,12.3,16.665,81,0.0,23,2,0,True,False,False,False,False,True,False,False,25
0,1,11.48,15.91,87,0.0,0,2,1,True,False,False,False,False,True,False,False,10
0,1,11.48,15.91,87,0.0,1,2,1,True,False,False,False,False,True,False,False,4
0,1,10.66,13.635,93,7.0015,2,2,1,True,False,False,False,False,True,False,False,2
0,1,11.48,13.635,93,11.0014,3,2,1,True,False,False,False,False,False,True,False,1
0,1,10.66,12.88,93,11.0014,4,2,1,True,False,False,False,True,False,False,False,3
0,1,10.66,11.365,81,22.0028,5,2,1,True,False,False,False,True,False,False,False,2
0,1,10.66,11.365,70,22.0028,6,2,1,True,False,False,False,True,False,False,False,39
0,1,9.84,9.85,65,27.9993,7,2,1,True,False,False,False,True,False,False,False,100
0,1,9.84,9.85,56,32.9975,8,2,1,True,False,False,False,True,False,False,False,243
0,1,9.84,9.85,52,32.9975,9,2,1,True,False,False,False,True,False,False,False,135
0,1,9.02,9.09,47,36.9974,10,2,1,True,False,False,False,True,False,False,False,48
0,1,9.02,9.09,47,31.0009,11,2,1,True,False,False,False,True,False,False,False,50
0,1,9.84,9.85,38,32.9975,12,2,1,True,False,False,False,True,False,False,False,65
0,1,9.84,9.85,32,30.0026,13,2,1,True,False,False,False,False,True,False,False,50
0,1,9.02,9.85,37,27.9993,14,2,1,True,False,False,False,True,False,False,False,64
0,1,9.02,9.85,35,26.0027,15,2,1,True,False,False,False,True,False,False,False,51
0,1,9.02,9.09,35,35.0008,16,2,1,True,False,False,False,True,False,False,False,83
0,1,9.02,9.09,32,39.0007,17,2,1,True,False,False,False,True,False,False,False,176
0,1,8.2,9.09,32,26.0027,18,2,1,True,False,False,False,True,False,False,False,152
0,1,6.56,6.06,40,31.0009,19,2,1,True,False,False,False,True,False,False,False,101
0,1,6.56,6.82,40,22.0028,20,2,1,True,False,False,False,True,False,False,False,56
0,1,5.74,5.305,33,31.0009,21,2,1,True,False,False,False,True,False,False,False,54
0,1,4.92,5.305,33,23.9994,22,2,1,True,False,False,False,True,False,False,False,29
0,1,4.92,5.305,33,22.0028,23,2,1,True,False,False,False,True,False,False,False,12
0,1,4.1,3.79,36,23.9994,0,2,2,True,False,False,False,True,False,False,False,17
0,1,4.1,5.305,36,15.0013,1,2,2,True,False,False,False,True,False,False,False,7
0,1,3.28,3.79,38,19.0012,2,2,2,True,False,False,False,True,False,False,False,3
0,1,2.46,3.79,45,8.9981,3,2,2,True,False,False,False,True,False,False,False,2
0,1,2.46,5.305,45,7.0015,5,2,2,True,False,False,False,True,False,False,False,7
0,1,2.46,7.575,45,0.0,6,2,2,True,False,False,False,True,False,False,False,43
0,1,2.46,5.305,49,7.0015,7,2,2,True,False,False,False,True,False,False,False,99
0,1,4.1,6.82,42,0.0,8,2,2,True,False,False,False,True,False,False,False,199
0,1,4.92,6.82,39,11.0014,9,2,2,True,False,False,False,True,False,False,False,123
0,1,5.74,9.09,36,0.0,10,2,2,True,False,False,False,True,False,False,False,59
0,1,5.74,7.575,43,11.0014,11,2,2,True,False,False,False,False,True,False,False,41
0,1,7.38,9.09,40,15.0013,12,2,2,True,False,False,False,False,True,False,False,61
0,1,7.38,8.335,40,16.9979,13,2,2,True,False,False,False,True,False,False,False,69
0,1,8.2,9.09,34,19.9995,14,2,2,True,False,False,False,True,False,False,False,58
0,1,8.2,9.09,34,19.0012,15,2,2,True,False,False,False,False,True,False,False,64
0,1,8.2,9.85,37,16.9979,16,2,2,True,False,False,False,False,True,False,False,79
0,1,8.2,9.85,34,16.9979,17,2,2,True,False,False,False,False,True,False,False,166
0,1,7.38,8.335,47,19.9995,18,2,2,True,False,False,False,False,True,False,False,170
0,1,5.74,6.06,86,16.9979,19,2,2,True,False,False,False,False,False,True,False,88
0,1,5.74,7.575,86,11.0014,20,2,2,True,False,False,False,False,False,True,False,84
0,1,5.74,7.575,86,11.0014,21,2,2,True,False,False,False,False,True,False,False,83
0,1,6.56,8.335,80,11.0014,22,2,2,True,False,False,False,False,False,True,False,46
0,1,6.56,7.575,80,12.998,23,2,2,True,False,False,False,False,False,True,False,37
0,1,5.74,6.82,86,12.998,0,2,3,True,False,False,False,False,False,True,False,16
0,1,5.74,7.575,80,8.9981,1,2,3,True,False,False,False,False,False,True,False,7
0,1,5.74,7.575,80,8.9981,2,2,3,True,False,False,False,False,False,True,False,3
0,1,5.74,6.82,59,15.0013,4,2,3,True,False,False,False,False,True,False,False,1
0,1,4.92,6.06,50,15.0013,5,2,3,True,False,False,False,False,True,False,False,6
0,1,4.92,6.06,54,19.0012,6,2,3,True,False,False,False,False,True,False,False,26
0,1,4.1,3.79,50,27.9993,7,2,3,True,False,False,False,True,False,False,False,99
0,1,4.1,3.79,49,22.0028,8,2,3,True,False,False,False,True,False,False,False,178
0,1,4.92,5.305,42,23.9994,9,2,3,True,False,False,False,True,False,False,False,122
0,1,4.92,5.305,42,19.9995,10,2,3,True,False,False,False,True,False,False,False,35
0,1,5.74,6.06,39,23.9994,11,2,3,True,False,False,False,True,False,False,False,45
0,1,6.56,6.82,34,26.0027,12,2,3,True,False,False,False,True,False,False,False,69
0,1,7.38,8.335,29,19.9995,13,2,3,True,False,False,False,True,False,False,False,62
0,1,8.2,9.09,27,19.0012,14,2,3,True,False,False,False,True,False,False,False,48
0,1,8.2,9.85,25,16.9979,15,2,3,True,False,False,False,True,False,False,False,50
0,1,8.2,9.09,27,19.9995,16,2,3,True,False,False,False,True,False,False,False,80
0,1,7.38,9.09,26,12.998,17,2,3,True,False,False,False,True,False,False,False,165
0,1,6.56,9.09,28,8.9981,18,2,3,True,False,False,False,True,False,False,False,160
0,1,5.74,8.335,28,7.0015,19,2,3,True,False,False,False,True,False,False,False,112
0,1,5.74,9.09,31,6.0032,20,2,3,True,False,False,False,True,False,False,False,97
0,1,5.74,10.605,39,0.0,21,2,3,True,False,False,False,True,False,False,False,72
0,1,4.92,9.85,39,0.0,22,2,3,True,False,False,False,True,False,False,False,51
0,1,4.92,7.575,42,7.0015,23,2,3,True,False,False,False,True,False,False,False,34
0,1,4.1,6.82,49,7.0015,0,2,4,True,False,False,False,True,False,False,False,14
0,1,4.1,6.82,54,6.0032,1,2,4,True,False,False,False,True,False,False,False,7
0,1,4.1,6.82,54,6.0032,2,2,4,True,False,False,False,True,False,False,False,3
0,1,3.28,6.06,63,6.0032,5,2,4,True,False,False,False,True,False,False,False,4
0,1,4.1,9.09,68,0.0,6,2,4,True,False,False,False,True,False,False,False,24
0,1,3.28,8.335,73,0.0,7,2,4,True,False,False,False,True,False,False,False,74
0,1,4.1,6.06,74,11.0014,8,2,4,True,False,False,False,True,False,False,False,216
0,1,4.92,6.06,74,15.0013,9,2,4,True,False,False,False,True,False,False,False,140
0,1,5.74,6.82,69,12.998,10,2,4,True,False,False,False,True,False,False,False,44
0,1,9.02,11.365,47,8.9981,11,2,4,True,False,False,False,True,False,False,False,64
0,1,9.02,11.365,47,8.9981,12,2,4,True,False,False,False,True,False,False,False,71
0,1,9.84,11.365,35,12.998,13,2,4,True,False,False,False,True,False,False,False,110
0,1,12.3,14.395,26,16.9979,14,2,4,True,False,False,False,True,False,False,False,84
0,1,13.12,15.91,21,11.0014,15,2,4,True,False,False,False,True,False,False,False,74
0,1,12.3,14.395,28,12.998,16,2,4,True,False,False,False,True,False,False,False,125
0,1,12.3,16.665,24,0.0,17,2,4,True,False,False,False,True,False,False,False,211
0,1,11.48,15.91,28,0.0,18,2,4,True,False,False,False,True,False,False,False,174
0,1,10.66,15.15,33,0.0,19,2,4,True,False,False,False,True,False,False,False,101
0,1,9.02,11.365,55,8.9981,20,2,4,True,False,False,False,True,False,False,False,63
0,1,8.2,10.605,59,8.9981,21,2,4,True,False,False,False,True,False,False,False,47
0,1,8.2,11.365,64,6.0032,22,2,4,True,False,False,False,True,False,False,False,43
0,1,7.38,12.12,69,0.0,23,2,4,True,False,False,False,True,False,False,False,53
0,0,6.56,9.85,69,6.0032,0,2,5,True,False,False,False,True,False,False,False,30
0,0,5.74,10.605,86,0.0,1,2,5,True,False,False,False,True,False,False,False,24
0,0,5.74,10.605,80,0.0,2,2,5,True,False,False,False,True,False,False,False,15
0,0,4.92,9.85,80,0.0,3,2,5,True,False,False,False,True,False,False,False,10
0,0,4.92,8.335,74,6.0032,4,2,5,True,False,False,False,True,False,False,False,4
0,0,4.92,8.335,74,6.0032,5,2,5,True,False,False,False,True,False,False,False,1
0,0,4.92,6.82,93,12.998,6,2,5,True,False,False,False,True,False,False,False,2
0,0,4.92,7.575,80,7.0015,7,2,5,True,False,False,False,True,False,False,False,11
0,0,5.74,7.575,86,8.9981,8,2,5,True,False,False,False,True,False,False,False,30
0,0,6.56,9.09,64,8.9981,9,2,5,True,False,False,False,True,False,False,False,43
0,0,9.02,10.605,41,16.9979,10,2,5,True,False,False,False,True,False,False,False,84
0,0,12.3,13.635,28,22.0028,11,2,5,True,False,False,False,True,False,False,False,114
0,0,12.3,13.635,39,31.0009,12,2,5,True,False,False,False,True,False,False,False,120
0,0,12.3,13.635,39,27.9993,13,2,5,True,False,False,False,True,False,False,False,135
0,0,13.94,15.91,31,19.0012,14,2,5,True,False,False,False,True,False,False,False,120
0,0,13.94,15.15,29,27.9993,15,2,5,True,False,False,False,True,False,False,False,174
0,0,13.94,15.15,29,27.9993,16,2,5,True,False,False,False,True,False,False,False,145
0,0,13.12,14.395,31,35.0008,17,2,5,True,False,False,False,True,False,False,False,137
0,0,11.48,12.88,38,22.0028,18,2,5,True,False,False,False,True,False,False,False,64
0,0,11.48,13.635,38,11.0014,19,2,5,True,False,False,False,True,False,False,False,41
0,0,10.66,12.88,41,15.0013,20,2,5,True,False,False,False,True,False,False,False,40
0,0,10.66,15.15,41,0.0,21,2,5,True,False,False,False,True,False,False,False,51
0,0,9.84,12.88,44,6.0032,22,2,5,True,False,False,False,True,False,False,False,45
0,0,9.02,11.365,51,8.9981,23,2,5,True,False,False,False,True,False,False,False,32
0,0,8.2,11.365,64,7.0015,0,2,6,True,False,False,False,True,False,False,False,39
0,0,8.2,11.365,59,6.0032,1,2,6,True,False,False,False,True,False,False,False,24
0,0,8.2,11.365,75,6.0032,2,2,6,True,False,False,False,False,True,False,False,20
0,0,8.2,11.365,69,7.0015,3,2,6,True,False,False,False,False,True,False,False,12
0,0,8.2,10.605,69,11.0014,4,2,6,True,False,False,False,False,True,False,False,2
0,0,8.2,10.605,69,8.9981,6,2,6,True,False,False,False,False,True,False,False,5
0,0,9.02,13.635,55,0.0,7,2,6,True,False,False,False,False,True,False,False,3
0,0,9.02,11.365,64,12.998,8,2,6,True,False,False,False,False,True,False,False,12
0,0,9.84,11.365,60,15.0013,9,2,6,True,False,False,False,False,True,False,False,47
0,0,12.3,13.635,45,22.0028,10,2,6,True,False,False,False,True,False,False,False,105
0,0,13.12,14.395,39,30.0026,11,2,6,True,False,False,False,True,False,False,False,112
0,0,14.76,15.91,32,31.0009,12,2,6,True,False,False,False,True,False,False,False,152
0,0,15.58,19.695,29,23.9994,13,2,6,True,False,False,False,True,False,False,False,154
0,0,16.4,20.455,30,27.9993,14,2,6,True,False,False,False,False,True,False,False,161
0,0,16.4,20.455,30,19.9995,15,2,6,True,False,False,False,False,True,False,False,162
0,0,17.22,21.21,28,22.0028,16,2,6,True,False,False,False,False,True,False,False,134
0,0,17.22,21.21,28,22.0028,17,2,6,True,False,False,False,True,False,False,False,125
0,0,16.4,20.455,32,19.9995,18,2,6,True,False,False,False,True,False,False,False,95
0,0,16.4,20.455,35,19.0012,19,2,6,True,False,False,False,True,False,False,False,61
0,0,16.4,20.455,35,22.0028,20,2,6,True,False,False,False,True,False,False,False,47
0,0,16.4,20.455,35,23.9994,21,2,6,True,False,False,False,True,False,False,False,51
0,0,16.4,20.455,35,19.9995,22,2,6,True,False,False,False,True,False,False,False,36
0,0,16.4,20.455,35,23.9994,23,2,6,True,False,False,False,True,False,False,False,30
0,1,15.58,19.695,37,23.9994,0,2,0,True,False,False,False,True,False,False,False,11
0,1,15.58,19.695,37,23.9994,1,2,0,True,False,False,False,True,False,False,False,7
0,1,14.76,16.665,40,19.9995,2,2,0,True,False,False,False,True,False,False,False,2
0,1,13.94,15.91,46,15.0013,3,2,0,True,False,False,False,True,False,False,False,2
0,1,13.12,15.15,53,19.0012,4,2,0,True,False,False,False,True,False,False,False,2
0,1,13.12,15.15,53,19.0012,5,2,0,True,False,False,False,True,False,False,False,3
0,1,13.94,15.15,46,19.9995,6,2,0,True,False,False,False,True,False,False,False,26
0,1,13.94,15.15,46,19.9995,7,2,0,True,False,False,False,True,False,False,False,98
0,1,15.58,19.695,40,31.0009,8,2,0,True,False,False,False,True,False,False,False,256
0,1,16.4,20.455,37,26.0027,9,2,0,True,False,False,False,True,False,False,False,130
0,1,18.04,21.97,33,15.0013,10,2,0,True,False,False,False,True,False,False,False,55
0,1,21.32,25.0,23,16.9979,11,2,0,True,False,False,False,True,False,False,False,53
0,1,22.96,26.515,22,30.0026,12,2,0,True,False,False,False,True,False,False,False,126
0,1,23.78,27.275,19,26.0027,13,2,0,True,False,False,False,True,False,False,False,120
0,1,24.6,29.545,15,32.9975,14,2,0,True,False,False,False,True,False,False,False,90
0,1,22.96,26.515,21,43.9989,15,2,0,True,False,False,False,True,False,False,False,90
0,1,21.32,25.0,27,31.0009,16,2,0,True,False,False,False,True,False,False,False,118
0,1,18.86,22.725,33,40.9973,17,2,0,True,False,False,False,True,False,False,False,243
0,1,16.4,20.455,40,40.9973,18,2,0,True,False,False,False,True,False,False,False,205
0,1,15.58,19.695,43,32.9975,19,2,0,True,False,False,False,True,False,False,False,98
0,1,14.76,15.91,46,31.0009,20,2,0,True,False,False,False,True,False,False,False,70
0,1,14.76,15.91,50,35.0008,21,2,0,True,False,False,False,True,False,False,False,43
0,1,13.94,14.395,46,43.9989,22,2,0,True,False,False,False,True,False,False,False,45
0,1,13.12,14.395,49,32.9975,23,2,0,True,False,False,False,True,False,False,False,20
0,1,12.3,13.635,49,27.9993,0,2,1,True,False,False,False,True,False,False,False,19
0,1,12.3,12.12,42,51.9987,1,2,1,True,False,False,False,True,False,False,False,5
0,1,11.48,11.365,41,46.0022,2,2,1,True,False,False,False,True,False,False,False,3
0,1,9.02,9.09,37,35.0008,4,2,1,True,False,False,False,True,False,False,False,1
0,1,9.02,9.09,32,31.0009,5,2,1,True,False,False,False,True,False,False,False,4
0,1,8.2,9.09,32,22.0028,6,2,1,True,False,False,False,True,False,False,False,30
0,1,8.2,9.09,32,23.9994,7,2,1,True,False,False,False,True,False,False,False,105
0,1,8.2,9.09,32,23.9994,8,2,1,True,False,False,False,True,False,False,False,223
0,1,9.02,9.85,29,30.0026,9,2,1,True,False,False,False,True,False,False,False,110
0,1,9.84,10.605,27,19.0012,10,2,1,True,False,False,False,True,False,False,False,52
0,1,10.66,12.12,25,16.9979,11,2,1,True,False,False,False,True,False,False,False,57
0,1,11.48,13.635,24,16.9979,12,2,1,True,False,False,False,True,False,False,False,71
0,1,13.12,15.15,21,15.0013,13,2,1,True,False,False,False,True,False,False,False,82
0,1,13.94,15.91,19,15.0013,14,2,1,True,False,False,False,True,False,False,False,79
0,1,13.94,16.665,19,11.0014,15,2,1,True,False,False,False,True,False,False,False,85
0,1,13.94,15.91,19,16.9979,16,2,1,True,False,False,False,True,False,False,False,98
0,1,13.12,15.15,22,15.0013,17,2,1,True,False,False,False,True,False,False,False,206
0,1,12.3,15.15,22,8.9981,18,2,1,True,False,False,False,True,False,False,False,212
0,1,11.48,14.395,26,8.9981,19,2,1,True,False,False,False,True,False,False,False,145
0,1,10.66,13.635,33,7.0015,20,2,1,True,False,False,False,True,False,False,False,101
0,1,9.84,14.395,52,0.0,21,2,1,True,False,False,False,True,False,False,False,66
0,1,9.84,14.395,44,0.0,22,2,1,True,False,False,False,True,False,False,False,41
0,1,9.02,12.88,44,6.0032,23,2,1,True,False,False,False,False,True,False,False,20
0,1,9.02,12.88,41,6.0032,0,2,2,True,False,False,False,True,False,False,False,15
0,1,8.2,11.365,44,6.0032,1,2,2,True,False,False,False,True,False,False,False,9
0,1,8.2,9.85,47,12.998,3,2,2,True,False,False,False,False,True,False,False,1
0,1,8.2,9.85,51,12.998,4,2,2,True,False,False,False,True,False,False,False,1
0,1,8.2,9.85,47,12.998,5,2,2,True,False,False,False,True,False,False,False,5
0,1,8.2,9.85,55,15.0013,6,2,2,True,False,False,False,True,False,False,False,33
0,1,8.2,9.85,55,15.0013,7,2,2,True,False,False,False,False,True,False,False,108
0,1,9.02,11.365,55,11.0014,8,2,2,True,False,False,False,False,True,False,False,230
0,1,9.84,10.605,52,19.0012,9,2,2,True,False,False,False,True,False,False,False,124
0,1,10.66,11.365,41,26.0027,10,2,2,True,False,False,False,True,False,False,False,69
0,1,13.94,15.15,34,19.9995,11,2,2,True,False,False,False,True,False,False,False,66
0,1,15.58,19.695,32,22.0028,12,2,2,True,False,False,False,True,False,False,False,86
0,1,17.22,21.21,30,23.9994,13,2,2,True,False,False,False,True,False,False,False,93
0,1,18.86,22.725,28,27.9993,14,2,2,True,False,False,False,True,False,False,False,82
0,1,18.86,22.725,28,27.9993,15,2,2,True,False,False,False,True,False,False,False,117
0,1,18.86,22.725,31,26.0027,16,2,2,True,False,False,False,True,False,False,False,122
0,1,18.86,22.725,28,19.0012,17,2,2,True,False,False,False,True,False,False,False,255
0,1,16.4,20.455,40,15.0013,18,2,2,True,False,False,False,True,False,False,False,222
0,1,13.94,15.91,53,15.0013,19,2,2,True,False,False,False,True,False,False,False,161
0,1,15.58,19.695,43,12.998,20,2,2,True,False,False,False,True,False,False,False,118
0,1,14.76,17.425,46,12.998,21,2,2,True,False,False,False,True,False,False,False,92
0,1,13.94,16.665,53,12.998,22,2,2,True,False,False,False,True,False,False,False,73
0,1,15.58,19.695,40,15.0013,23,2,2,True,False,False,False,True,False,False,False,33
0,1,13.94,16.665,53,12.998,0,2,3,True,False,False,False,True,False,False,False,17
0,1,13.94,15.91,53,15.0013,1,2,3,True,False,False,False,True,False,False,False,6
0,1,13.94,15.91,53,15.0013,2,2,3,True,False,False,False,False,True,False,False,6
0,1,13.94,16.665,53,12.998,3,2,3,True,False,False,False,True,False,False,False,4
0,1,13.12,15.91,57,12.998,4,2,3,True,False,False,False,True,False,False,False,4
0,1,13.12,16.665,66,6.0032,5,2,3,True,False,False,False,True,False,False,False,12
0,1,12.3,15.15,70,8.9981,6,2,3,True,False,False,False,True,False,False,False,47
0,1,13.12,16.665,57,7.0015,7,2,3,True,False,False,False,True,False,False,False,126
0,1,13.12,16.665,57,6.0032,8,2,3,True,False,False,False,True,False,False,False,285
0,1,14.76,17.425,57,12.998,9,2,3,True,False,False,False,True,False,False,False,179
0,1,15.58,19.695,54,12.998,10,2,3,True,False,False,False,True,False,False,False,88
0,1,18.04,21.97,44,16.9979,11,2,3,True,False,False,False,False,True,False,False,90
0,1,19.68,23.485,41,15.0013,12,2,3,True,False,False,False,True,False,False,False,101
0,1,22.14,25.76,34,15.0013,13,2,3,True,False,False,False,True,False,False,False,123
0,1,24.6,31.06,31,15.0013,14,2,3,True,False,False,False,True,False,False,False,81
0,1,24.6,30.305,28,16.9979,15,2,3,True,False,False,False,True,False,False,False,106
0,1,22.96,26.515,35,19.9995,16,2,3,True,False,False,False,False,True,False,False,146
0,1,23.78,27.275,32,19.9995,17,2,3,True,False,False,False,False,True,False,False,274
0,1,22.14,25.76,42,19.0012,18,2,3,True,False,False,False,False,True,False,False,222
0,1,19.68,23.485,55,22.0028,19,2,3,True,False,False,False,True,False,False,False,175
0,1,19.68,23.485,59,22.0028,20,2,3,True,False,False,False,True,False,False,False,139
0,1,21.32,25.0,55,26.0027,21,2,3,True,False,False,False,True,False,False,False,124
0,1,20.5,24.24,59,19.0012,22,2,3,True,False,False,False,True,False,False,False,76
0,1,18.86,22.725,67,19.9995,23,2,3,True,False,False,False,True,False,False,False,44
0,1,18.04,21.97,72,19.0012,0,2,4,True,False,False,False,True,False,False,False,32
0,1,18.04,21.97,72,15.0013,1,2,4,True,False,False,False,True,False,False,False,8
0,1,18.04,21.97,72,19.0012,2,2,4,True,False,False,False,True,False,False,False,7
0,1,18.86,22.725,67,16.9979,3,2,4,True,False,False,False,True,False,False,False,8
0,1,18.86,22.725,67,16.9979,4,2,4,True,False,False,False,True,False,False,False,1
0,1,18.86,22.725,67,7.0015,5,2,4,True,False,False,False,False,True,False,False,7
0,1,18.04,21.97,72,11.0014,6,2,4,True,False,False,False,False,True,False,False,50
0,1,17.22,21.21,77,15.0013,7,2,4,True,False,False,False,False,True,False,False,116
0,1,17.22,21.21,77,12.998,8,2,4,True,False,False,False,False,True,False,False,272
0,1,17.22,21.21,77,12.998,9,2,4,True,False,False,False,False,True,False,False,169
0,1,18.04,21.97,72,15.0013,10,2,4,True,False,False,False,False,True,False,False,95
0,1,18.04,21.97,72,11.0014,11,2,4,True,False,False,False,True,False,False,False,113
0,1,20.5,24.24,59,12.998,12,2,4,True,False,False,False,True,False,False,False,185
0,1,24.6,31.06,43,12.998,13,2,4,True,False,False,False,True,False,False,False,176
0,1,27.06,31.06,36,19.9995,14,2,4,True,False,False,False,True,False,False,False,191
0,1,27.06,31.06,36,22.0028,15,2,4,True,False,False,False,True,False,False,False,172
0,1,27.06,31.06,36,19.0012,16,2,4,True,False,False,False,True,False,False,False,232
0,1,27.06,31.06,34,23.9994,17,2,4,True,False,False,False,True,False,False,False,327
0,1,26.24,31.06,33,22.0028,18,2,4,True,False,False,False,True,False,False,False,224
0,1,25.42,31.06,29,39.0007,19,2,4,True,False,False,False,True,False,False,False,162
0,1,24.6,31.06,31,12.998,20,2,4,True,False,False,False,True,False,False,False,124
0,1,23.78,27.275,21,32.9975,21,2,4,True,False,False,False,True,False,False,False,72
0,1,22.14,25.76,10,16.9979,22,2,4,True,False,False,False,True,False,False,False,107
0,1,21.32,25.0,8,19.0012,23,2,4,True,False,False,False,True,False,False,False,77
0,0,19.68,23.485,12,32.9975,0,2,5,True,False,False,False,True,False,False,False,29
0,0,18.86,22.725,14,27.9993,1,2,5,True,False,False,False,True,False,False,False,31
0,0,18.04,21.97,13,26.0027,2,2,5,True,False,False,False,True,False,False,False,17
0,0,17.22,21.21,14,19.9995,3,2,5,True,False,False,False,True,False,False,False,7
0,0,16.4,20.455,15,22.0028,4,2,5,True,False,False,False,True,False,False,False,3
0,0,16.4,20.455,15,22.0028,5,2,5,True,False,False,False,True,False,False,False,3
0,0,16.4,20.455,17,27.9993,6,2,5,True,False,False,False,True,False,False,False,6
0,0,15.58,19.695,17,35.0008,7,2,5,True,False,False,False,True,False,False,False,22
0,0,15.58,19.695,17,39.0007,8,2,5,True,False,False,False,True,False,False,False,45
0,0,16.4,20.455,16,43.9989,9,2,5,True,False,False,False,True,False,False,False,55
0,0,17.22,21.21,16,39.0007,10,2,5,True,False,False,False,True,False,False,False,106
0,0,18.04,21.97,16,39.0007,11,2,5,True,False,False,False,True,False,False,False,123
0,0,18.04,21.97,18,32.9975,12,2,5,True,False,False,False,True,False,False,False,119
0,0,18.04,21.97,16,40.9973,13,2,5,True,False,False,False,True,False,False,False,155
0,0,18.86,22.725,15,43.9989,14,2,5,True,False,False,False,True,False,False,False,196
0,0,18.04,21.97,16,50.0021,15,2,5,True,False,False,False,True,False,False,False,171
0,0,18.04,21.97,16,43.0006,16,2,5,True,False,False,False,True,False,False,False,120
0,0,17.22,21.21,19,40.9973,17,2,5,True,False,False,False,True,False,False,False,127
0,0,14.76,15.91,25,30.0026,18,2,5,True,False,False,False,True,False,False,False,88
0,0,13.94,15.15,29,23.9994,19,2,5,True,False,False,False,True,False,False,False,59
0,0,13.12,14.395,28,35.0008,20,2,5,True,False,False,False,True,False,False,False,47
0,0,13.12,13.635,26,36.9974,21,2,5,True,False,False,False,True,False,False,False,33
0,0,12.3,12.88,28,32.9975,22,2,5,True,False,False,False,True,False,False,False,44
0,0,11.48,12.12,33,30.0026,23,2,5,True,False,False,False,True,False,False,False,29
0,1,12.3,13.635,70,31.0009,0,3,1,True,False,False,False,True,False,False,False,7
0,1,10.66,11.365,70,23.9994,1,3,1,True,False,False,False,True,False,False,False,3
0,1,9.84,10.605,65,26.0027,2,3,1,True,False,False,False,True,False,False,False,4
0,1,9.02,10.605,69,19.0012,3,3,1,True,False,False,False,True,False,False,False,2
0,1,9.02,10.605,69,16.9979,4,3,1,True,False,False,False,True,False,False,False,1
0,1,8.2,9.09,64,19.0012,5,3,1,True,False,False,False,True,False,False,False,2
0,1,8.2,9.09,59,19.9995,6,3,1,True,False,False,False,True,False,False,False,46
0,1,8.2,9.09,59,22.0028,7,3,1,True,False,False,False,True,False,False,False,107
0,1,8.2,9.09,59,26.0027,8,3,1,True,False,False,False,True,False,False,False,214
0,1,9.02,9.85,55,27.9993,9,3,1,True,False,False,False,True,False,False,False,124
0,1,9.84,10.605,52,19.0012,10,3,1,True,False,False,False,True,False,False,False,68
0,1,11.48,13.635,45,16.9979,11,3,1,True,False,False,False,True,False,False,False,56
0,1,12.3,15.15,39,8.9981,12,3,1,True,False,False,False,True,False,False,False,86
0,1,13.12,17.425,39,0.0,13,3,1,True,False,False,False,True,False,False,False,78
0,1,13.12,16.665,36,8.9981,14,3,1,True,False,False,False,True,False,False,False,79
0,1,13.94,18.18,34,0.0,15,3,1,True,False,False,False,True,False,False,False,64
0,1,13.94,17.425,34,6.0032,16,3,1,True,False,False,False,True,False,False,False,102
0,1,13.94,17.425,34,6.0032,17,3,1,True,False,False,False,True,False,False,False,242
0,1,13.12,15.91,39,12.998,18,3,1,True,False,False,False,True,False,False,False,224
0,1,12.3,15.15,49,8.9981,19,3,1,True,False,False,False,True,False,False,False,119
0,1,12.3,15.91,61,6.0032,20,3,1,True,False,False,False,True,False,False,False,88
0,1,10.66,15.15,56,0.0,21,3,1,True,False,False,False,True,False,False,False,63
0,1,9.84,13.635,62,7.0015,22,3,1,True,False,False,False,True,False,False,False,47
0,1,9.84,11.365,65,15.0013,23,3,1,True,False,False,False,True,False,False,False,25
0,1,9.02,11.365,69,11.0014,0,3,2,True,False,False,False,True,False,False,False,8
0,1,9.02,11.365,69,12.998,1,3,2,True,False,False,False,True,False,False,False,4
0,1,9.02,11.365,69,12.998,2,3,2,True,False,False,False,True,False,False,False,2
0,1,9.02,10.605,69,19.0012,3,3,2,True,False,False,False,True,False,False,False,4
0,1,8.2,10.605,75,8.9981,4,3,2,True,False,False,False,True,False,False,False,1
0,1,9.02,10.605,69,15.0013,5,3,2,True,False,False,False,True,False,False,False,5
0,1,9.02,10.605,55,16.9979,6,3,2,True,False,False,False,True,False,False,False,40
0,1,9.02,10.605,64,16.9979,7,3,2,True,False,False,False,True,False,False,False,110
0,1,9.84,10.605,65,19.0012,8,3,2,True,False,False,False,True,False,False,False,256
0,1,11.48,12.88,56,19.9995,9,3,2,True,False,False,False,True,False,False,False,148
0,1,13.12,15.15,49,19.0012,10,3,2,True,False,False,False,True,False,False,False,76
0,1,13.94,15.15,53,22.0028,11,3,2,True,False,False,False,True,False,False,False,73
0,1,16.4,20.455,43,12.998,12,3,2,True,False,False,False,True,False,False,False,82
0,1,20.5,24.24,25,0.0,13,3,2,True,False,False,False,True,False,False,False,125
0,1,21.32,25.0,23,19.9995,14,3,2,True,False,False,False,True,False,False,False,96
0,1,22.14,25.76,19,27.9993,15,3,2,True,False,False,False,True,False,False,False,110
0,1,22.14,25.76,19,22.0028,16,3,2,True,False,False,False,True,False,False,False,139
0,1,20.5,24.24,23,19.0012,17,3,2,True,False,False,False,True,False,False,False,268
0,1,18.86,22.725,23,32.9975,18,3,2,True,False,False,False,True,False,False,False,201
0,1,16.4,20.455,28,35.0008,19,3,2,True,False,False,False,True,False,False,False,150
0,1,14.76,16.665,29,27.9993,20,3,2,True,False,False,False,True,False,False,False,95
0,1,13.94,14.395,29,31.0009,21,3,2,True,False,False,False,True,False,False,False,71
0,1,12.3,12.88,26,36.9974,22,3,2,True,False,False,False,True,False,False,False,48
0,1,10.66,10.605,30,35.0008,23,3,2,True,False,False,False,True,False,False,False,22
0,1,9.84,9.85,30,31.0009,0,3,3,True,False,False,False,True,False,False,False,13
0,1,9.84,9.85,30,31.0009,1,3,3,True,False,False,False,True,False,False,False,1
0,1,8.2,8.335,27,31.0009,2,3,3,True,False,False,False,True,False,False,False,3
0,1,8.2,8.335,27,31.0009,3,3,3,True,False,False,False,True,False,False,False,1
0,1,6.56,6.06,31,32.9975,4,3,3,True,False,False,False,True,False,False,False,1
0,1,5.74,6.06,33,19.9995,5,3,3,True,False,False,False,True,False,False,False,8
0,1,5.74,6.06,33,19.9995,6,3,3,True,False,False,False,True,False,False,False,35
0,1,4.92,4.545,42,27.9993,7,3,3,True,False,False,False,True,False,False,False,111
0,1,5.74,6.06,39,19.9995,8,3,3,True,False,False,False,True,False,False,False,220
0,1,6.56,6.82,37,19.0012,9,3,3,True,False,False,False,True,False,False,False,145
0,1,7.38,9.09,29,12.998,10,3,3,True,False,False,False,True,False,False,False,56
0,1,8.2,11.365,29,6.0032,11,3,3,True,False,False,False,True,False,False,False,50
0,1,9.02,11.365,25,8.9981,12,3,3,True,False,False,False,True,False,False,False,72
0,1,9.02,12.88,25,6.0032,13,3,3,True,False,False,False,True,False,False,False,80
0,1,9.84,12.88,21,7.0015,14,3,3,True,False,False,False,True,False,False,False,78
0,1,9.84,14.395,23,0.0,15,3,3,True,False,False,False,True,False,False,False,68
0,1,10.66,15.15,23,0.0,16,3,3,True,False,False,False,True,False,False,False,71
0,1,10.66,15.15,22,0.0,17,3,3,True,False,False,False,True,False,False,False,202
0,1,9.84,10.605,35,22.0028,18,3,3,True,False,False,False,True,False,False,False,167
0,1,8.2,9.85,40,16.9979,19,3,3,True,False,False,False,True,False,False,False,106
0,1,8.2,11.365,40,6.0032,20,3,3,True,False,False,False,True,False,False,False,70
0,1,7.38,10.605,40,7.0015,21,3,3,True,False,False,False,True,False,False,False,51
0,1,8.2,12.88,40,0.0,22,3,3,True,False,False,False,True,False,False,False,53
0,1,7.38,10.605,43,6.0032,23,3,3,True,False,False,False,False,True,False,False,23
0,1,8.2,9.85,55,12.998,0,3,4,True,False,False,False,False,True,False,False,12
0,1,7.38,9.09,64,12.998,1,3,4,True,False,False,False,False,True,False,False,4
0,1,7.38,9.09,64,12.998,2,3,4,True,False,False,False,False,True,False,False,2
0,1,7.38,8.335,74,16.9979,3,3,4,True,False,False,False,False,True,False,False,1
0,1,7.38,9.09,74,12.998,4,3,4,True,False,False,False,False,True,False,False,1
0,1,6.56,9.09,74,8.9981,5,3,4,True,False,False,False,False,True,False,False,7
0,1,6.56,9.85,74,6.0032,6,3,4,True,False,False,False,False,True,False,False,29
0,1,6.56,9.09,80,8.9981,7,3,4,True,False,False,False,True,False,False,False,83
0,1,7.38,9.85,74,8.9981,8,3,4,True,False,False,False,True,False,False,False,228
0,1,9.02,11.365,60,8.9981,9,3,4,True,False,False,False,True,False,False,False,150
0,1,9.84,11.365,60,16.9979,10,3,4,True,False,False,False,True,False,False,False,66
0,1,11.48,13.635,52,15.0013,11,3,4,True,False,False,False,True,False,False,False,89
0,1,13.12,15.15,43,11.0014,12,3,4,True,False,False,False,True,False,False,False,97
0,1,13.94,15.91,42,15.0013,13,3,4,True,False,False,False,True,False,False,False,87
0,1,14.76,16.665,40,19.0012,14,3,4,True,False,False,False,True,False,False,False,95
0,1,14.76,16.665,40,19.9995,15,3,4,True,False,False,False,True,False,False,False,106
0,1,14.76,17.425,46,12.998,16,3,4,True,False,False,False,True,False,False,False,118
0,1,14.76,16.665,50,16.9979,17,3,4,True,False,False,False,False,True,False,False,228
0,1,13.94,15.15,53,19.9995,18,3,4,True,False,False,False,False,True,False,False,187
0,1,13.12,15.15,61,16.9979,19,3,4,True,False,False,False,True,False,False,False,107
0,1,12.3,14.395,70,12.998,20,3,4,True,False,False,False,False,True,False,False,87
0,1,12.3,14.395,70,15.0013,21,3,4,True,False,False,False,False,True,False,False,70
0,1,12.3,14.395,70,12.998,22,3,4,True,False,False,False,True,False,False,False,44
0,1,12.3,15.15,75,11.0014,23,3,4,True,False,False,False,False,True,False,False,46
0,0,11.48,14.395,81,7.0015,0,3,5,True,False,False,False,False,True,False,False,19
0,0,12.3,15.91,81,7.0015,1,3,5,True,False,False,False,False,True,False,False,25
0,0,12.3,14.395,87,12.998,2,3,5,True,False,False,False,False,True,False,False,20
0,0,12.3,14.395,87,12.998,3,3,5,True,False,False,False,False,True,False,False,2
0,0,12.3,15.15,93,11.0014,4,3,5,True,False,False,False,False,True,False,False,1
0,0,12.3,15.15,100,8.9981,5,3,5,True,False,False,False,False,True,False,False,3
0,0,12.3,14.395,100,15.0013,6,3,5,True,False,False,False,False,True,False,False,4
0,0,12.3,13.635,100,19.9995,7,3,5,True,False,False,False,False,True,False,False,15
0,0,12.3,13.635,100,19.9995,8,3,5,True,False,False,False,False,True,False,False,45
0,0,13.12,15.15,93,15.0013,9,3,5,True,False,False,False,False,True,False,False,63
0,0,13.94,16.665,93,12.998,10,3,5,True,False,False,False,False,True,False,False,103
0,0,16.4,20.455,76,15.0013,11,3,5,True,False,False,False,False,True,False,False,159
0,0,18.04,21.97,67,16.9979,12,3,5,True,False,False,False,False,True,False,False,167
0,0,18.86,22.725,67,19.0012,13,3,5,True,False,False,False,False,True,False,False,190
0,0,19.68,23.485,59,19.0012,14,3,5,True,False,False,False,False,True,False,False,198
0,0,18.86,22.725,63,19.9995,15,3,5,True,False,False,False,False,True,False,False,205
0,0,19.68,23.485,59,19.9995,16,3,5,True,False,False,False,False,True,False,False,204
0,0,19.68,23.485,59,23.9994,17,3,5,True,False,False,False,False,True,False,False,164
0,0,19.68,23.485,59,22.0028,18,3,5,True,False,False,False,False,True,False,False,152
0,0,18.86,22.725,67,22.0028,19,3,5,True,False,False,False,False,True,False,False,89
0,0,18.04,21.97,77,22.0028,20,3,5,True,False,False,False,False,True,False,False,70
0,0,18.04,21.97,72,22.0028,21,3,5,True,False,False,False,False,True,False,False,72
0,0,17.22,21.21,77,19.9995,22,3,5,True,False,False,False,False,True,False,False,63
0,0,18.04,21.97,77,19.9995,23,3,5,True,False,False,False,False,True,False,False,44
0,0,17.22,21.21,77,23.9994,0,3,6,True,False,False,False,False,True,False,False,52
0,0,17.22,21.21,77,19.0012,1,3,6,True,False,False,False,False,True,False,False,39
0,0,16.4,20.455,82,19.0012,2,3,6,True,False,False,False,False,True,False,False,32
0,0,17.22,21.21,82,19.9995,3,3,6,True,False,False,False,False,True,False,False,11
0,0,17.22,21.21,88,23.9994,4,3,6,True,False,False,False,False,True,False,False,3
0,0,17.22,21.21,94,23.9994,6,3,6,True,False,False,False,False,True,False,False,2
0,0,17.22,21.21,100,30.0026,7,3,6,True,False,False,False,False,False,True,False,5
0,0,16.4,20.455,100,19.9995,8,3,6,True,False,False,False,False,True,False,False,9
0,0,17.22,21.21,100,19.0012,9,3,6,True,False,False,False,False,True,False,False,22
0,0,17.22,21.21,100,19.9995,10,3,6,True,False,False,False,False,True,False,False,31
0,0,17.22,21.21,100,15.0013,11,3,6,True,False,False,False,False,True,False,False,62
0,0,18.86,22.725,94,22.0028,12,3,6,True,False,False,False,False,True,False,False,79
0,0,18.86,22.725,94,23.9994,13,3,6,True,False,False,False,False,True,False,False,105
0,0,18.04,21.97,100,15.0013,14,3,6,True,False,False,False,False,False,True,False,39
0,0,18.04,21.97,100,15.0013,15,3,6,True,False,False,False,False,False,True,False,7
0,0,14.76,16.665,100,19.0012,16,3,6,True,False,False,False,False,False,True,False,11
0,0,13.94,15.15,100,19.9995,17,3,6,True,False,False,False,False,False,True,False,25
0,0,13.12,14.395,100,23.9994,18,3,6,True,False,False,False,False,False,True,False,23
0,0,12.3,12.88,100,32.9975,19,3,6,True,False,False,False,False,False,True,False,11
0,0,11.48,12.12,100,27.9993,20,3,6,True,False,False,False,False,False,True,False,11
0,0,9.84,9.09,93,40.9973,21,3,6,True,False,False,False,False,False,True,False,7
0,0,9.02,9.85,100,26.0027,22,3,6,True,False,False,False,False,True,False,False,10
0,0,9.02,9.85,100,27.9993,23,3,6,True,False,False,False,False,True,False,False,9
0,1,8.2,9.09,100,22.0028,0,3,0,True,False,False,False,False,False,True,False,4
0,1,8.2,9.09,100,22.0028,1,3,0,True,False,False,False,False,False,True,False,2
0,1,8.2,7.575,80,39.0007,3,3,0,True,False,False,False,True,False,False,False,1
0,1,8.2,7.575,80,35.0008,4,3,0,True,False,False,False,True,False,False,False,1
0,1,8.2,9.09,75,23.9994,5,3,0,True,False,False,False,True,False,False,False,1
0,1,8.2,9.09,75,26.0027,6,3,0,True,False,False,False,True,False,False,False,34
0,1,8.2,8.335,75,27.9993,7,3,0,True,False,False,False,True,False,False,False,91
0,1,8.2,9.09,75,26.0027,8,3,0,True,False,False,False,True,False,False,False,211
0,1,9.02,9.09,64,31.0009,9,3,0,True,False,False,False,True,False,False,False,134
0,1,9.84,10.605,60,19.9995,10,3,0,True,False,False,False,True,False,False,False,58
0,1,10.66,10.605,48,30.0026,11,3,0,True,False,False,False,True,False,False,False,60
0,1,12.3,13.635,42,27.9993,12,3,0,True,False,False,False,True,False,False,False,96
0,1,13.12,14.395,36,26.0027,13,3,0,True,False,False,False,True,False,False,False,70
0,1,13.12,14.395,36,27.9993,14,3,0,True,False,False,False,True,False,False,False,77
0,1,13.94,15.15,31,26.0027,15,3,0,True,False,False,False,True,False,False,False,96
0,1,13.94,15.15,31,23.9994,16,3,0,True,False,False,False,True,False,False,False,122
0,1,13.94,15.15,29,23.9994,17,3,0,True,False,False,False,True,False,False,False,233
0,1,13.12,15.15,31,15.0013,18,3,0,True,False,False,False,True,False,False,False,233
0,1,12.3,14.395,33,15.0013,19,3,0,True,False,False,False,True,False,False,False,145
0,1,12.3,15.15,33,11.0014,20,3,0,True,False,False,False,True,False,False,False,92
0,1,11.48,13.635,38,15.0013,21,3,0,True,False,False,False,True,False,False,False,54
0,1,10.66,12.88,48,11.0014,22,3,0,True,False,False,False,True,False,False,False,35
0,1,11.48,15.91,48,0.0,23,3,0,True,False,False,False,True,False,False,False,22
0,1,10.66,14.395,48,6.0032,0,3,1,True,False,False,False,True,False,False,False,10
0,1,9.84,12.12,52,8.9981,1,3,1,True,False,False,False,True,False,False,False,4
0,1,9.84,12.12,52,8.9981,2,3,1,True,False,False,False,True,False,False,False,1
0,1,9.84,12.88,52,6.0032,3,3,1,True,False,False,False,True,False,False,False,7
0,1,9.02,13.635,64,0.0,4,3,1,True,False,False,False,True,False,False,False,2
0,1,8.2,11.365,69,7.0015,5,3,1,True,False,False,False,True,False,False,False,10
0,1,8.2,12.88,59,0.0,6,3,1,True,False,False,False,True,False,False,False,45
0,1,7.38,9.85,64,8.9981,7,3,1,True,False,False,False,True,False,False,False,128
0,1,9.02,11.365,55,12.998,8,3,1,True,False,False,False,True,False,False,False,257
0,1,10.66,12.88,41,11.0014,9,3,1,True,False,False,False,True,False,False,False,151
0,1,12.3,14.395,33,12.998,10,3,1,True,False,False,False,False,True,False,False,71
0,1,14.76,17.425,25,11.0014,11,3,1,True,False,False,False,False,True,False,False,78
0,1,14.76,18.94,23,0.0,12,3,1,True,False,False,False,False,True,False,False,99
0,1,15.58,19.695,25,7.0015,13,3,1,True,False,False,False,False,True,False,False,98
0,1,15.58,19.695,20,0.0,14,3,1,True,False,False,False,False,True,False,False,72
0,1,14.76,18.94,18,0.0,15,3,1,True,False,False,False,False,True,False,False,112
0,1,15.58,19.695,27,11.0014,16,3,1,True,False,False,False,True,False,False,False,108
0,1,14.76,17.425,27,15.0013,17,3,1,True,False,False,False,True,False,False,False,248
0,1,13.94,16.665,27,12.998,18,3,1,True,False,False,False,True,False,False,False,235
0,1,13.94,17.425,31,7.0015,19,3,1,True,False,False,False,True,False,False,False,150
0,1,13.12,16.665,39,6.0032,20,3,1,True,False,False,False,True,False,False,False,76
0,1,12.3,14.395,49,12.998,21,3,1,True,False,False,False,True,False,False,False,75
0,1,12.3,14.395,49,15.0013,22,3,1,True,False,False,False,True,False,False,False,55
0,1,11.48,13.635,61,12.998,23,3,1,True,False,False,False,True,False,False,False,41
0,1,10.66,14.395,65,6.0032,0,3,2,True,False,False,False,True,False,False,False,9
0,1,10.66,13.635,52,8.9981,1,3,2,True,False,False,False,True,False,False,False,4
0,1,10.66,13.635,52,8.9981,2,3,2,True,False,False,False,True,False,False,False,2
0,1,9.84,12.88,70,6.0032,3,3,2,True,False,False,False,True,False,False,False,3
0,1,9.84,12.88,75,7.0015,4,3,2,True,False,False,False,True,False,False,False,2
0,1,9.84,12.12,81,8.9981,5,3,2,True,False,False,False,False,True,False,False,8
0,1,9.84,12.88,85,7.0015,6,3,2,True,False,False,False,False,True,False,False,49
0,1,9.84,12.12,87,11.0014,7,3,2,True,False,False,False,False,True,False,False,141
0,1,9.84,12.12,87,8.9981,8,3,2,True,False,False,False,False,True,False,False,249
0,1,10.66,12.12,87,16.9979,9,3,2,True,False,False,False,False,True,False,False,141
0,1,12.3,14.395,75,16.9979,10,3,2,True,False,False,False,False,True,False,False,57
0,1,13.12,14.395,76,26.0027,11,3,2,True,False,False,False,False,True,False,False,59
0,1,13.12,15.15,76,16.9979,12,3,2,True,False,False,False,False,True,False,False,98
0,1,13.12,14.395,76,23.9994,13,3,2,True,False,False,False,False,True,False,False,99
0,1,13.94,15.15,76,19.9995,14,3,2,True,False,False,False,False,True,False,False,71
0,1,14.76,16.665,71,19.9995,15,3,2,True,False,False,False,False,True,False,False,79
0,1,13.94,15.15,76,22.0028,16,3,2,True,False,False,False,False,True,False,False,112
0,1,13.94,15.15,76,19.9995,17,3,2,True,False,False,False,False,True,False,False,194
0,1,13.94,15.91,76,16.9979,18,3,2,True,False,False,False,False,True,False,False,188
0,1,13.94,15.15,76,22.0028,19,3,2,True,False,False,False,False,True,False,False,134
0,1,13.12,15.91,87,12.998,20,3,2,True,False,False,False,False,True,False,False,91
0,1,13.12,15.15,93,22.0028,21,3,2,True,False,False,False,False,True,False,False,62
0,1,13.12,15.91,93,11.0014,22,3,2,True,False,False,False,False,False,True,False,21
0,1,13.94,16.665,93,12.998,23,3,2,True,False,False,False,False,False,True,False,18
0,1,13.94,15.91,0,16.9979,0,3,3,True,False,False,False,False,False,True,False,3
0,1,13.94,15.91,0,16.9979,1,3,3,True,False,False,False,False,False,True,False,2
0,1,13.94,15.91,0,16.9979,2,3,3,True,False,False,False,False,False,True,False,1
0,1,14.76,17.425,0,12.998,5,3,3,True,False,False,False,False,False,True,False,3
0,1,14.76,16.665,0,22.0028,6,3,3,True,False,False,False,False,False,True,False,12
0,1,15.58,19.695,0,15.0013,7,3,3,True,False,False,False,False,False,True,False,37
0,1,15.58,19.695,0,19.0012,8,3,3,True,False,False,False,False,False,True,False,44
0,1,16.4,20.455,0,15.0013,9,3,3,True,False,False,False,False,False,True,False,24
0,1,16.4,20.455,0,11.0014,10,3,3,True,False,False,False,False,False,True,False,17
0,1,16.4,20.455,0,16.9979,11,3,3,True,False,False,False,False,False,True,False,11
0,1,17.22,21.21,0,15.0013,12,3,3,True,False,False,False,False,False,True,False,34
0,1,17.22,21.21,0,15.0013,13,3,3,True,False,False,False,False,False,True,False,12
0,1,18.04,21.97,0,19.9995,14,3,3,True,False,False,False,False,False,True,False,12
0,1,18.04,21.97,0,15.0013,15,3,3,True,False,False,False,False,False,True,False,14
0,1,17.22,21.21,0,16.9979,16,3,3,True,False,False,False,False,False,True,False,21
0,1,18.04,21.97,0,26.0027,17,3,3,True,False,False,False,False,True,False,False,111
0,1,18.04,21.97,0,23.9994,18,3,3,True,False,False,False,False,False,True,False,82
0,1,18.04,21.97,0,39.0007,19,3,3,True,False,False,False,False,False,True,False,56
0,1,14.76,16.665,0,22.0028,20,3,3,True,False,False,False,False,False,True,False,38
0,1,14.76,17.425,0,15.0013,21,3,3,True,False,False,False,False,False,True,False,28
0,1,13.94,16.665,0,8.9981,22,3,3,True,False,False,False,False,True,False,False,34
0,1,13.94,17.425,0,6.0032,23,3,3,True,False,False,False,False,False,True,False,27
0,1,13.94,17.425,100,6.0032,0,3,4,True,False,False,False,False,True,False,False,6
0,1,13.94,17.425,100,7.0015,1,3,4,True,False,False,False,False,False,True,False,8
0,1,13.94,17.425,100,7.0015,2,3,4,True,False,False,False,False,False,True,False,5
0,1,13.12,16.665,93,6.0032,3,3,4,True,False,False,False,False,True,False,False,2
0,1,12.3,14.395,81,15.0013,5,3,4,True,False,False,False,True,False,False,False,7
0,1,10.66,12.12,81,19.0012,6,3,4,True,False,False,False,True,False,False,False,32
0,1,10.66,12.88,70,12.998,7,3,4,True,False,False,False,True,False,False,False,114
0,1,11.48,13.635,70,16.9979,8,3,4,True,False,False,False,True,False,False,False,259
0,1,12.3,14.395,61,19.0012,9,3,4,True,False,False,False,False,True,False,False,156
0,1,13.12,15.15,57,19.9995,10,3,4,True,False,False,False,False,True,False,False,78
0,1,13.12,15.15,57,19.9995,11,3,4,True,False,False,False,False,True,False,False,81
0,1,13.94,15.91,53,16.9979,12,3,4,True,False,False,False,False,True,False,False,111
0,1,14.76,16.665,53,16.9979,13,3,4,True,False,False,False,True,False,False,False,107
0,1,14.76,16.665,50,23.9994,14,3,4,True,False,False,False,False,True,False,False,89
0,1,13.94,15.91,53,16.9979,15,3,4,True,False,False,False,False,True,False,False,85
0,1,13.94,15.15,49,19.9995,16,3,4,True,False,False,False,False,True,False,False,113
0,1,13.94,15.91,49,15.0013,17,3,4,True,False,False,False,True,False,False,False,223
0,1,13.12,15.15,49,22.0028,18,3,4,True,False,False,False,True,False,False,False,153
0,1,12.3,13.635,56,22.0028,19,3,4,True,False,False,False,True,False,False,False,118
0,1,12.3,15.15,56,11.0014,20,3,4,True,False,False,False,True,False,False,False,76
0,1,12.3,14.395,52,16.9979,21,3,4,True,False,False,False,False,True,False,False,53
0,1,12.3,15.15,52,11.0014,22,3,4,True,False,False,False,True,False,False,False,64
0,1,12.3,14.395,52,16.9979,23,3,4,True,False,False,False,True,False,False,False,37
0,0,10.66,13.635,60,8.9981,0,3,5,True,False,False,False,True,False,False,False,34
0,0,9.84,11.365,65,12.998,1,3,5,True,False,False,False,True,False,False,False,18
0,0,9.84,11.365,65,12.998,2,3,5,True,False,False,False,True,False,False,False,14
0,0,9.84,11.365,65,16.9979,3,3,5,True,False,False,False,True,False,False,False,7
0,0,9.84,11.365,65,16.9979,4,3,5,True,False,False,False,True,False,False,False,1
0,0,9.02,11.365,69,12.998,5,3,5,True,False,False,False,True,False,False,False,2
0,0,9.02,10.605,75,16.9979,6,3,5,True,False,False,False,True,False,False,False,4
0,0,9.84,11.365,70,12.998,7,3,5,True,False,False,False,True,False,False,False,23
0,0,10.66,12.88,65,11.0014,8,3,5,True,False,False,False,True,False,False,False,53
0,0,11.48,14.395,65,7.0015,9,3,5,True,False,False,False,True,False,False,False,101
0,0,13.12,15.15,66,15.0013,10,3,5,True,False,False,False,True,False,False,False,99
0,0,13.94,15.15,49,22.0028,11,3,5,True,False,False,False,True,False,False,False,119
0,0,13.94,15.91,53,19.0012,12,3,5,True,False,False,False,True,False,False,False,158
0,0,14.76,16.665,51,23.9994,13,3,5,True,False,False,False,True,False,False,False,157
0,0,16.4,20.455,50,30.0026,14,3,5,True,False,False,False,True,False,False,False,166
0,0,17.22,21.21,44,32.9975,15,3,5,True,False,False,False,True,False,False,False,182
0,0,18.86,22.725,41,30.0026,16,3,5,True,False,False,False,True,False,False,False,244
0,0,18.86,22.725,44,22.0028,17,3,5,True,False,False,False,True,False,False,False,213
0,0,17.22,21.21,54,11.0014,18,3,5,True,False,False,False,True,False,False,False,145
0,0,17.22,21.21,54,6.0032,19,3,5,True,False,False,False,True,False,False,False,112
0,0,16.4,20.455,58,7.0015,20,3,5,True,False,False,False,True,False,False,False,86
0,0,15.58,19.695,62,0.0,21,3,5,True,False,False,False,True,False,False,False,82
0,0,14.76,18.94,71,0.0,22,3,5,True,False,False,False,True,False,False,False,63
0,0,15.58,19.695,66,6.0032,23,3,5,True,False,False,False,True,False,False,False,49
0,0,15.58,19.695,62,7.0015,0,3,6,True,False,False,False,True,False,False,False,38
0,0,14.76,17.425,66,8.9981,1,3,6,True,False,False,False,True,False,False,False,33
0,0,13.94,16.665,76,8.9981,3,3,6,True,False,False,False,True,False,False,False,23
0,0,13.94,16.665,66,11.0014,4,3,6,True,False,False,False,True,False,False,False,13
0,0,14.76,17.425,62,8.9981,5,3,6,True,False,False,False,True,False,False,False,3
0,0,13.94,18.18,66,0.0,6,3,6,True,False,False,False,True,False,False,False,2
0,0,14.76,17.425,62,12.998,7,3,6,True,False,False,False,True,False,False,False,10
0,0,16.4,20.455,50,19.9995,8,3,6,True,False,False,False,True,False,False,False,34
0,0,16.4,20.455,50,27.9993,9,3,6,True,False,False,False,True,False,False,False,44
0,0,17.22,21.21,47,16.9979,10,3,6,True,False,False,False,True,False,False,False,122
0,0,18.04,21.97,41,27.9993,11,3,6,True,False,False,False,True,False,False,False,181
0,0,18.86,22.725,38,26.0027,12,3,6,True,False,False,False,True,False,False,False,194
0,0,18.86,22.725,38,26.0027,13,3,6,True,False,False,False,True,False,False,False,221
0,0,18.86,22.725,41,19.9995,14,3,6,True,False,False,False,True,False,False,False,250
0,0,19.68,23.485,39,22.0028,15,3,6,True,False,False,False,True,False,False,False,304
0,0,18.86,22.725,41,26.0027,16,3,6,True,False,False,False,True,False,False,False,256
0,0,18.04,21.97,41,23.9994,17,3,6,True,False,False,False,True,False,False,False,241
0,0,16.4,20.455,43,23.9994,18,3,6,True,False,False,False,True,False,False,False,147
0,0,14.76,16.665,50,23.9994,19,3,6,True,False,False,False,True,False,False,False,101
0,0,13.12,15.15,57,19.9995,20,3,6,True,False,False,False,True,False,False,False,77
0,0,12.3,14.395,56,16.9979,21,3,6,True,False,False,False,True,False,False,False,58
0,0,12.3,13.635,56,22.0028,22,3,6,True,False,False,False,True,False,False,False,37
0,0,10.66,12.88,65,15.0013,23,3,6,True,False,False,False,True,False,False,False,28
0,1,10.66,13.635,65,7.0015,0,3,0,True,False,False,False,True,False,False,False,11
0,1,10.66,14.395,65,6.0032,1,3,0,True,False,False,False,True,False,False,False,1
0,1,10.66,14.395,65,6.0032,2,3,0,True,False,False,False,True,False,False,False,1
0,1,10.66,13.635,65,8.9981,3,3,0,True,False,False,False,True,False,False,False,3
0,1,9.84,12.12,70,8.9981,5,3,0,True,False,False,False,True,False,False,False,8
0,1,10.66,13.635,65,8.9981,6,3,0,True,False,False,False,True,False,False,False,28
0,1,11.48,15.91,61,0.0,7,3,0,True,False,False,False,False,True,False,False,88
0,1,12.3,15.15,56,8.9981,8,3,0,True,False,False,False,False,True,False,False,241
0,1,13.12,15.15,53,22.0028,9,3,0,True,False,False,False,True,False,False,False,140
0,1,13.94,15.91,42,16.9979,10,3,0,True,False,False,False,True,False,False,False,84
0,1,14.76,16.665,40,16.9979,11,3,0,True,False,False,False,True,False,False,False,71
0,1,15.58,19.695,37,0.0,12,3,0,True,False,False,False,True,False,False,False,94
0,1,15.58,19.695,36,22.0028,13,3,0,True,False,False,False,True,False,False,False,75
0,1,15.58,19.695,34,0.0,14,3,0,True,False,False,False,False,True,False,False,79
0,1,15.58,19.695,37,11.0014,15,3,0,True,False,False,False,True,False,False,False,101
0,1,16.4,20.455,35,7.0015,16,3,0,True,False,False,False,True,False,False,False,107
0,1,15.58,19.695,40,12.998,17,3,0,True,False,False,False,True,False,False,False,271
0,1,14.76,18.18,40,7.0015,18,3,0,True,False,False,False,True,False,False,False,235
0,1,14.76,17.425,43,8.9981,19,3,0,True,False,False,False,True,False,False,False,150
0,1,13.94,15.91,46,15.0013,20,3,0,True,False,False,False,True,False,False,False,129
0,1,13.94,16.665,46,8.9981,21,3,0,True,False,False,False,True,False,False,False,63
0,1,13.12,16.665,49,7.0015,22,3,0,True,False,False,False,True,False,False,False,47
0,1,13.12,17.425,53,0.0,23,3,0,True,False,False,False,True,False,False,False,19
0,1,13.12,17.425,53,0.0,0,3,1,True,False,False,False,True,False,False,False,14
0,1,12.3,15.15,62,6.0032,1,3,1,True,False,False,False,True,False,False,False,10
0,1,12.3,15.15,62,6.0032,2,3,1,True,False,False,False,True,False,False,False,3
0,1,9.84,12.88,75,6.0032,4,3,1,True,False,False,False,True,False,False,False,2
0,1,9.84,11.365,75,12.998,5,3,1,True,False,False,False,True,False,False,False,11
0,1,9.02,11.365,80,12.998,6,3,1,True,False,False,False,True,False,False,False,35
0,1,9.84,12.12,75,11.0014,7,3,1,True,False,False,False,True,False,False,False,119
0,1,10.66,14.395,70,6.0032,8,3,1,True,False,False,False,True,False,False,False,282
0,1,12.3,16.665,70,0.0,9,3,1,True,False,False,False,False,True,False,False,157
0,1,13.12,15.91,66,12.998,10,3,1,True,False,False,False,False,True,False,False,78
0,1,13.94,15.91,57,15.0013,11,3,1,True,False,False,False,False,True,False,False,78
0,1,14.76,17.425,50,15.0013,12,3,1,True,False,False,False,False,True,False,False,102
0,1,14.76,16.665,57,19.0012,13,3,1,True,False,False,False,False,True,False,False,97
0,1,15.58,19.695,46,19.9995,14,3,1,True,False,False,False,False,True,False,False,88
0,1,15.58,19.695,43,19.0012,15,3,1,True,False,False,False,False,True,False,False,90
0,1,15.58,19.695,46,22.0028,16,3,1,True,False,False,False,False,True,False,False,114
0,1,14.76,17.425,62,12.998,17,3,1,True,False,False,False,False,True,False,False,217
0,1,14.76,16.665,62,19.9995,18,3,1,True,False,False,False,False,True,False,False,225
0,1,13.94,15.91,71,19.0012,19,3,1,True,False,False,False,False,True,False,False,152
0,1,13.94,15.91,71,19.0012,20,3,1,True,False,False,False,False,True,False,False,88
0,1,13.12,16.665,81,7.0015,21,3,1,True,False,False,False,False,False,True,False,55
0,1,13.12,15.91,87,11.0014,22,3,1,True,False,False,False,False,True,False,False,21
0,1,13.12,15.91,87,11.0014,23,3,1,True,False,False,False,False,True,False,False,18
0,1,12.3,14.395,93,16.9979,0,3,2,True,False,False,False,False,False,True,False,8
0,1,12.3,13.635,100,19.9995,1,3,2,True,False,False,False,False,False,True,False,3
0,1,11.48,13.635,100,15.0013,3,3,2,True,False,False,False,False,True,False,False,3
0,1,12.3,15.15,93,11.0014,4,3,2,True,False,False,False,False,True,False,False,1
0,1,12.3,15.91,93,7.0015,5,3,2,True,False,False,False,False,True,False,False,3
0,1,12.3,15.91,93,7.0015,6,3,2,True,False,False,False,False,True,False,False,31
0,1,12.3,14.395,93,12.998,7,3,2,True,False,False,False,False,True,False,False,111
0,1,13.12,15.91,93,0.0,8,3,2,True,False,False,False,False,True,False,False,253
0,1,13.12,16.665,93,8.9981,9,3,2,True,False,False,False,False,True,False,False,154
0,1,14.76,17.425,81,11.0014,10,3,2,True,False,False,False,False,True,False,False,68
0,1,14.76,17.425,81,8.9981,11,3,2,True,False,False,False,False,True,False,False,75
0,1,16.4,20.455,71,7.0015,12,3,2,True,False,False,False,False,True,False,False,88
0,1,16.4,20.455,76,8.9981,13,3,2,True,False,False,False,False,True,False,False,99
0,1,16.4,20.455,76,15.0013,14,3,2,True,False,False,False,False,True,False,False,100
0,1,16.4,20.455,76,16.9979,15,3,2,True,False,False,False,False,True,False,False,101
0,1,16.4,20.455,76,11.0014,16,3,2,True,False,False,False,False,True,False,False,151
0,1,18.04,21.97,54,19.9995,17,3,2,True,False,False,False,False,True,False,False,253
0,1,18.04,21.97,54,15.0013,18,3,2,True,False,False,False,False,True,False,False,237
0,1,18.04,21.97,51,22.0028,19,3,2,True,False,False,False,False,True,False,False,168
0,1,17.22,21.21,54,19.9995,20,3,2,True,False,False,False,False,True,False,False,121
0,1,17.22,21.21,58,19.0012,21,3,2,True,False,False,False,False,True,False,False,78
0,1,16.4,20.455,62,26.0027,22,3,2,True,False,False,False,False,True,False,False,59
0,1,16.4,20.455,65,12.998,23,3,2,True,False,False,False,True,False,False,False,27
0,1,15.58,19.695,66,16.9979,0,3,3,True,False,False,False,True,False,False,False,23
0,1,14.76,17.425,71,15.0013,1,3,3,True,False,False,False,True,False,False,False,12
0,1,13.94,15.15,71,19.9995,2,3,3,True,False,False,False,True,False,False,False,8
0,1,13.94,16.665,66,11.0014,3,3,3,True,False,False,False,True,False,False,False,2
0,1,13.94,16.665,71,12.998,4,3,3,True,False,False,False,True,False,False,False,3
0,1,13.12,16.665,76,7.0015,5,3,3,True,False,False,False,True,False,False,False,13
0,1,13.12,15.91,76,12.998,6,3,3,True,False,False,False,True,False,False,False,51
0,1,13.12,16.665,76,8.9981,7,3,3,True,False,False,False,True,False,False,False,140
0,1,14.76,17.425,66,8.9981,8,3,3,True,False,False,False,True,False,False,False,299
0,1,16.4,20.455,62,16.9979,9,3,3,True,False,False,False,True,False,False,False,185
0,1,18.04,21.97,54,22.0028,10,3,3,True,False,False,False,True,False,False,False,78
0,1,18.04,21.97,54,19.0012,11,3,3,True,False,False,False,True,False,False,False,86
0,1,20.5,24.24,45,15.0013,12,3,3,True,False,False,False,True,False,False,False,105
0,1,21.32,25.0,42,6.0032,13,3,3,True,False,False,False,False,True,False,False,111
0,1,20.5,24.24,45,7.0015,14,3,3,True,False,False,False,True,False,False,False,119
0,1,21.32,25.0,42,16.9979,15,3,3,True,False,False,False,True,False,False,False,125
0,1,20.5,24.24,48,19.0012,16,3,3,True,False,False,False,True,False,False,False,142
0,1,20.5,24.24,42,12.998,17,3,3,True,False,False,False,True,False,False,False,313
0,1,18.86,22.725,59,11.0014,18,3,3,True,False,False,False,False,True,False,False,310
0,1,18.04,21.97,58,12.998,19,3,3,True,False,False,False,True,False,False,False,207
0,1,17.22,21.21,67,15.0013,20,3,3,True,False,False,False,True,False,False,False,137
0,1,17.22,21.21,62,15.0013,21,3,3,True,False,False,False,True,False,False,False,138
0,1,16.4,20.455,66,15.0013,22,3,3,True,False,False,False,True,False,False,False,87
0,1,17.22,21.21,62,19.0012,23,3,3,True,False,False,False,True,False,False,False,50
0,1,17.22,21.21,58,19.0012,0,3,4,True,False,False,False,True,False,False,False,29
0,1,16.4,20.455,62,16.9979,1,3,4,True,False,False,False,True,False,False,False,16
0,1,16.4,20.455,62,12.998,2,3,4,True,False,False,False,True,False,False,False,14
0,1,14.76,17.425,71,12.998,3,3,4,True,False,False,False,True,False,False,False,5
0,1,15.58,19.695,66,11.0014,5,3,4,True,False,False,False,True,False,False,False,10
0,1,16.4,20.455,66,12.998,6,3,4,True,False,False,False,True,False,False,False,36
0,1,16.4,20.455,66,12.998,7,3,4,True,False,False,False,True,False,False,False,123
0,1,17.22,21.21,67,16.9979,8,3,4,True,False,False,False,True,False,False,False,280
0,1,18.86,22.725,63,15.0013,9,3,4,True,False,False,False,True,False,False,False,210
0,1,21.32,25.0,53,19.0012,10,3,4,True,False,False,False,True,False,False,False,117
0,1,22.14,25.76,52,19.0012,11,3,4,True,False,False,False,True,False,False,False,159
0,1,22.96,26.515,49,23.9994,12,3,4,True,False,False,False,False,True,False,False,195
0,1,26.24,31.06,41,19.0012,13,3,4,True,False,False,False,True,False,False,False,175
0,1,27.06,31.06,39,16.9979,14,3,4,True,False,False,False,True,False,False,False,174
0,1,27.88,31.82,39,23.9994,15,3,4,True,False,False,False,False,True,False,False,173
0,1,27.88,31.82,39,19.0012,16,3,4,True,False,False,False,True,False,False,False,204
0,1,28.7,31.82,37,22.0028,17,3,4,True,False,False,False,True,False,False,False,332
0,1,27.88,31.82,39,11.0014,18,3,4,True,False,False,False,True,False,False,False,331
0,1,27.06,31.06,44,8.9981,19,3,4,True,False,False,False,True,False,False,False,190
0,1,25.42,31.06,46,8.9981,20,3,4,True,False,False,False,True,False,False,False,149
0,1,25.42,31.06,46,7.0015,21,3,4,True,False,False,False,True,False,False,False,113
0,1,25.42,31.06,50,11.0014,22,3,4,True,False,False,False,True,False,False,False,118
0,1,24.6,31.06,53,15.0013,23,3,4,True,False,False,False,False,True,False,False,86
0,0,24.6,31.06,53,16.9979,0,3,5,True,False,False,False,False,True,False,False,76
0,0,23.78,27.275,46,23.9994,1,3,5,True,False,False,False,False,True,False,False,51
0,0,22.96,26.515,43,15.0013,2,3,5,True,False,False,False,False,True,False,False,25
0,0,22.14,25.76,39,22.0028,3,3,5,True,False,False,False,False,True,False,False,8
0,0,21.32,25.0,34,27.9993,4,3,5,True,False,False,False,True,False,False,False,3
0,0,21.32,25.0,34,27.9993,5,3,5,True,False,False,False,True,False,False,False,2
0,0,18.04,21.97,44,27.9993,6,3,5,True,False,False,False,True,False,False,False,10
0,0,16.4,20.455,50,22.0028,7,3,5,True,False,False,False,True,False,False,False,13
0,0,17.22,21.21,47,32.9975,8,3,5,True,False,False,False,True,False,False,False,48
0,0,17.22,21.21,44,31.0009,9,3,5,True,False,False,False,True,False,False,False,76
0,0,18.04,21.97,38,27.9993,10,3,5,True,False,False,False,True,False,False,False,140
0,0,18.86,22.725,36,30.0026,11,3,5,True,False,False,False,True,False,False,False,196
0,0,18.86,22.725,33,27.9993,12,3,5,True,False,False,False,True,False,False,False,267
0,0,20.5,24.24,34,31.0009,13,3,5,True,False,False,False,True,False,False,False,301
0,0,20.5,24.24,31,32.9975,14,3,5,True,False,False,False,True,False,False,False,312
0,0,20.5,24.24,29,27.9993,15,3,5,True,False,False,False,True,False,False,False,313
0,0,20.5,24.24,31,26.0027,16,3,5,True,False,False,False,True,False,False,False,304
0,0,19.68,23.485,31,22.0028,17,3,5,True,False,False,False,True,False,False,False,278
0,0,18.86,22.725,31,22.0028,18,3,5,True,False,False,False,True,False,False,False,217
0,0,18.04,21.97,33,19.0012,19,3,5,True,False,False,False,True,False,False,False,154
0,0,17.22,21.21,35,15.0013,20,3,5,True,False,False,False,True,False,False,False,108
0,0,16.4,20.455,37,19.9995,21,3,5,True,False,False,False,True,False,False,False,93
0,0,16.4,20.455,37,22.0028,22,3,5,True,False,False,False,True,False,False,False,72
0,0,15.58,19.695,40,19.9995,23,3,5,True,False,False,False,True,False,False,False,50
0,1,10.66,12.88,100,11.0014,0,4,4,False,True,False,False,False,False,True,False,6
0,1,10.66,12.88,100,11.0014,1,4,4,False,True,False,False,False,False,True,False,4
0,1,10.66,12.88,93,12.998,2,4,4,False,True,False,False,False,False,True,False,7
0,1,9.84,11.365,93,16.9979,3,4,4,False,True,False,False,False,True,False,False,4
0,1,9.84,11.365,93,16.9979,4,4,4,False,True,False,False,False,True,False,False,3
0,1,9.84,11.365,93,15.0013,5,4,4,False,True,False,False,False,False,True,False,12
0,1,9.84,11.365,93,15.0013,6,4,4,False,True,False,False,False,False,True,False,28
0,1,9.84,12.12,93,0.0,7,4,4,False,True,False,False,False,False,True,False,95
0,1,10.66,12.12,87,16.9979,8,4,4,False,True,False,False,False,True,False,False,206
0,1,13.12,14.395,70,23.9994,9,4,4,False,True,False,False,True,False,False,False,173
0,1,13.12,15.15,66,19.0012,10,4,4,False,True,False,False,True,False,False,False,75
0,1,13.12,14.395,61,23.9994,11,4,4,False,True,False,False,True,False,False,False,89
0,1,13.94,15.15,53,23.9994,12,4,4,False,True,False,False,True,False,False,False,95
0,1,14.76,16.665,50,23.9994,13,4,4,False,True,False,False,True,False,False,False,110
0,1,14.76,16.665,46,23.9994,14,4,4,False,True,False,False,False,True,False,False,87
0,1,13.94,15.15,46,27.9993,15,4,4,False,True,False,False,True,False,False,False,111
0,1,13.94,15.15,46,27.9993,16,4,4,False,True,False,False,True,False,False,False,167
0,1,13.94,15.15,46,22.0028,17,4,4,False,True,False,False,True,False,False,False,281
0,1,13.94,15.15,46,22.0028,18,4,4,False,True,False,False,True,False,False,False,241
0,1,13.94,15.15,49,22.0028,19,4,4,False,True,False,False,True,False,False,False,136
0,1,13.12,15.91,53,12.998,20,4,4,False,True,False,False,True,False,False,False,77
0,1,13.12,16.665,53,8.9981,21,4,4,False,True,False,False,True,False,False,False,93
0,1,12.3,15.15,56,11.0014,22,4,4,False,True,False,False,True,False,False,False,74
0,1,12.3,15.91,61,6.0032,23,4,4,False,True,False,False,True,False,False,False,53
0,0,12.3,16.665,61,0.0,0,4,5,False,True,False,False,False,True,False,False,32
0,0,10.66,13.635,65,8.9981,1,4,5,False,True,False,False,True,False,False,False,32
0,0,9.84,12.12,75,8.9981,2,4,5,False,True,False,False,True,False,False,False,21
0,0,9.84,12.12,70,11.0014,3,4,5,False,True,False,False,True,False,False,False,9
0,0,9.84,12.12,70,11.0014,4,4,5,False,True,False,False,True,False,False,False,5
0,0,9.84,12.12,75,11.0014,5,4,5,False,True,False,False,False,True,False,False,5
0,0,10.66,13.635,70,7.0015,6,4,5,False,True,False,False,True,False,False,False,12
0,0,10.66,13.635,70,7.0015,7,4,5,False,True,False,False,False,True,False,False,18
0,0,12.3,15.91,70,7.0015,8,4,5,False,True,False,False,True,False,False,False,55
0,0,13.94,17.425,66,7.0015,9,4,5,False,True,False,False,False,True,False,False,87
0,0,14.76,17.425,57,11.0014,10,4,5,False,True,False,False,False,True,False,False,154
0,0,16.4,20.455,47,11.0014,11,4,5,False,True,False,False,False,True,False,False,198
0,0,13.12,16.665,81,8.9981,12,4,5,False,True,False,False,False,False,True,False,184
0,0,13.94,16.665,81,8.9981,13,4,5,False,True,False,False,True,False,False,False,137
0,0,13.12,15.15,76,22.0028,14,4,5,False,True,False,False,False,False,True,False,190
0,0,13.94,15.15,76,26.0027,15,4,5,False,True,False,False,False,False,True,False,136
0,0,15.58,19.695,62,22.0028,16,4,5,False,True,False,False,True,False,False,False,196
0,0,15.58,19.695,54,23.9994,17,4,5,False,True,False,False,True,False,False,False,184
0,0,15.58,19.695,54,12.998,18,4,5,False,True,False,False,True,False,False,False,179
0,0,14.76,16.665,53,23.9994,19,4,5,False,True,False,False,True,False,False,False,148
0,0,13.94,15.91,53,19.0012,20,4,5,False,True,False,False,True,False,False,False,85
0,0,13.12,15.15,61,16.9979,21,4,5,False,True,False,False,True,False,False,False,77
0,0,13.12,15.15,61,19.9995,22,4,5,False,True,False,False,True,False,False,False,55
0,0,13.12,15.91,61,11.0014,23,4,5,False,True,False,False,True,False,False,False,53
0,0,12.3,14.395,65,12.998,0,4,6,False,True,False,False,True,False,False,False,39
0,0,12.3,15.91,61,7.0015,1,4,6,False,True,False,False,True,False,False,False,34
0,0,10.66,13.635,70,8.9981,2,4,6,False,True,False,False,True,False,False,False,24
0,0,12.3,16.665,61,0.0,3,4,6,False,True,False,False,True,False,False,False,11
0,0,11.48,15.15,70,6.0032,4,4,6,False,True,False,False,True,False,False,False,3
0,0,11.48,13.635,65,15.0013,5,4,6,False,True,False,False,True,False,False,False,5
0,0,11.48,13.635,65,12.998,6,4,6,False,True,False,False,True,False,False,False,33
0,0,13.12,15.15,57,15.0013,7,4,6,False,True,False,False,True,False,False,False,33
0,0,13.94,16.665,57,11.0014,8,4,6,False,True,False,False,True,False,False,False,62
0,0,14.76,15.91,50,32.9975,9,4,6,False,True,False,False,True,False,False,False,142
0,0,16.4,20.455,43,27.9993,10,4,6,False,True,False,False,True,False,False,False,215
0,0,17.22,21.21,41,16.9979,11,4,6,False,True,False,False,True,False,False,False,243
0,0,18.04,21.97,38,19.0012,12,4,6,False,True,False,False,True,False,False,False,313
0,0,18.04,21.97,33,19.9995,13,4,6,False,True,False,False,True,False,False,False,367
0,0,18.86,22.725,31,8.9981,14,4,6,False,True,False,False,True,False,False,False,349
0,0,18.86,22.725,33,0.0,15,4,6,False,True,False,False,False,True,False,False,292
0,0,18.86,22.725,31,12.998,16,4,6,False,True,False,False,False,True,False,False,303
0,0,18.86,22.725,28,8.9981,17,4,6,False,True,False,False,False,True,False,False,274
0,0,18.86,22.725,31,0.0,18,4,6,False,True,False,False,False,True,False,False,172
0,0,17.22,21.21,44,12.998,19,4,6,False,True,False,False,False,True,False,False,144
0,0,17.22,21.21,41,15.0013,20,4,6,False,True,False,False,False,False,True,False,79
0,0,17.22,21.21,44,15.0013,21,4,6,False,True,False,False,False,True,False,False,45
0,0,16.4,20.455,43,7.0015,22,4,6,False,True,False,False,True,False,False,False,36
0,0,16.4,20.455,50,6.0032,23,4,6,False,True,False,False,True,False,False,False,31
0,1,16.4,20.455,50,15.0013,0,4,0,False,True,False,False,True,False,False,False,6
0,1,16.4,20.455,56,23.9994,1,4,0,False,True,False,False,True,False,False,False,11
0,1,15.58,19.695,66,16.9979,2,4,0,False,True,False,False,True,False,False,False,2
0,1,15.58,19.695,66,19.0012,3,4,0,False,True,False,False,True,False,False,False,1
0,1,15.58,19.695,71,19.9995,4,4,0,False,True,False,False,True,False,False,False,2
0,1,16.4,20.455,62,16.9979,5,4,0,False,True,False,False,True,False,False,False,7
0,1,17.22,21.21,58,19.0012,6,4,0,False,True,False,False,True,False,False,False,46
0,1,18.04,21.97,54,16.9979,7,4,0,False,True,False,False,False,True,False,False,157
0,1,18.86,22.725,55,19.9995,8,4,0,False,True,False,False,False,True,False,False,339
0,1,20.5,24.24,51,26.0027,9,4,0,False,True,False,False,False,True,False,False,158
0,1,22.14,25.76,45,23.9994,10,4,0,False,True,False,False,False,True,False,False,90
0,1,24.6,31.06,40,26.0027,11,4,0,False,True,False,False,True,False,False,False,124
0,1,26.24,31.06,36,31.0009,12,4,0,False,True,False,False,True,False,False,False,157
0,1,27.88,31.82,34,22.0028,13,4,0,False,True,False,False,True,False,False,False,139
0,1,30.34,32.575,27,32.9975,14,4,0,False,True,False,False,False,True,False,False,123
0,1,31.16,33.335,23,36.9974,15,4,0,False,True,False,False,True,False,False,False,143
0,1,31.16,32.575,22,35.0008,16,4,0,False,True,False,False,True,False,False,False,189
0,1,30.34,32.575,23,40.9973,17,4,0,False,True,False,False,True,False,False,False,366
0,1,29.52,31.82,23,32.9975,18,4,0,False,True,False,False,False,True,False,False,386
0,1,28.7,31.82,24,31.0009,19,4,0,False,True,False,False,True,False,False,False,278
0,1,28.7,31.82,24,36.9974,20,4,0,False,True,False,False,False,True,False,False,173
0,1,28.7,31.82,30,30.0026,21,4,0,False,True,False,False,False,True,False,False,95
0,1,27.88,31.82,36,31.0009,22,4,0,False,True,False,False,False,True,False,False,75
0,1,26.24,31.06,47,15.0013,23,4,0,False,True,False,False,False,True,False,False,48
0,1,25.42,31.06,50,7.0015,0,4,1,False,True,False,False,True,False,False,False,22
0,1,25.42,31.06,57,27.9993,1,4,1,False,True,False,False,False,False,True,False,15
0,1,22.14,25.76,73,22.0028,2,4,1,False,True,False,False,False,True,False,False,5
0,1,22.14,25.76,73,22.0028,3,4,1,False,True,False,False,False,True,False,False,4
0,1,20.5,24.24,88,32.9975,4,4,1,False,True,False,False,False,False,True,False,2
0,1,18.86,22.725,94,19.9995,5,4,1,False,True,False,False,False,False,True,False,5
0,1,19.68,23.485,88,22.0028,6,4,1,False,True,False,False,False,True,False,False,38
0,1,19.68,23.485,88,22.0028,7,4,1,False,True,False,False,False,True,False,False,134
0,1,15.58,19.695,87,39.0007,8,4,1,False,True,False,False,False,False,True,False,157
0,1,14.76,15.91,87,32.9975,9,4,1,False,True,False,False,False,False,True,False,46
0,1,13.94,15.15,81,26.0027,10,4,1,False,True,False,False,False,False,True,False,28
0,1,13.12,14.395,81,30.0026,11,4,1,False,True,False,False,False,False,True,False,19
0,1,13.94,15.15,71,26.0027,12,4,1,False,True,False,False,False,True,False,False,38
0,1,14.76,16.665,63,27.9993,13,4,1,False,True,False,False,False,True,False,False,56
0,1,14.76,15.91,57,32.9975,14,4,1,False,True,False,False,False,True,False,False,76
0,1,16.4,20.455,46,31.0009,15,4,1,False,True,False,False,True,False,False,False,68
0,1,15.58,19.695,46,27.9993,16,4,1,False,True,False,False,True,False,False,False,130
0,1,17.22,21.21,38,27.9993,17,4,1,False,True,False,False,True,False,False,False,273
0,1,15.58,19.695,40,32.9975,18,4,1,False,True,False,False,True,False,False,False,267
0,1,14.76,16.665,43,19.9995,19,4,1,False,True,False,False,True,False,False,False,160
0,1,13.94,15.91,46,19.0012,20,4,1,False,True,False,False,True,False,False,False,91
0,1,13.94,14.395,46,35.0008,21,4,1,False,True,False,False,True,False,False,False,89
0,1,13.12,15.15,49,19.9995,22,4,1,False,True,False,False,True,False,False,False,46
0,1,12.3,14.395,49,19.0012,23,4,1,False,True,False,False,True,False,False,False,26
0,1,12.3,15.91,49,7.0015,0,4,2,False,True,False,False,True,False,False,False,15
0,1,10.66,13.635,60,8.9981,1,4,2,False,True,False,False,True,False,False,False,2
0,1,9.84,12.12,70,8.9981,2,4,2,False,True,False,False,True,False,False,False,5
0,1,10.66,13.635,60,8.9981,3,4,2,False,True,False,False,True,False,False,False,4
0,1,9.84,12.12,65,8.9981,4,4,2,False,True,False,False,True,False,False,False,1
0,1,9.84,12.88,70,7.0015,5,4,2,False,True,False,False,True,False,False,False,13
0,1,9.84,12.88,70,7.0015,6,4,2,False,True,False,False,True,False,False,False,56
0,1,10.66,13.635,65,7.0015,7,4,2,False,True,False,False,True,False,False,False,133
0,1,13.12,15.15,61,15.0013,8,4,2,False,True,False,False,True,False,False,False,325
0,1,14.76,16.665,46,16.9979,9,4,2,False,True,False,False,True,False,False,False,165
0,1,16.4,20.455,37,26.0027,10,4,2,False,True,False,False,True,False,False,False,69
0,1,17.22,21.21,38,26.0027,11,4,2,False,True,False,False,True,False,False,False,93
0,1,18.04,21.97,41,16.9979,12,4,2,False,True,False,False,True,False,False,False,134
0,1,18.86,22.725,38,32.9975,13,4,2,False,True,False,False,True,False,False,False,112
0,1,20.5,24.24,34,27.9993,14,4,2,False,True,False,False,True,False,False,False,115
0,1,21.32,25.0,32,22.0028,15,4,2,False,True,False,False,True,False,False,False,117
0,1,22.14,25.76,28,27.9993,16,4,2,False,True,False,False,True,False,False,False,169
0,1,21.32,25.0,32,30.0026,17,4,2,False,True,False,False,True,False,False,False,356
0,1,21.32,25.0,29,23.9994,18,4,2,False,True,False,False,True,False,False,False,325
0,1,20.5,24.24,31,19.9995,19,4,2,False,True,False,False,True,False,False,False,232
0,1,18.86,22.725,51,15.0013,20,4,2,False,True,False,False,True,False,False,False,141
0,1,18.86,22.725,41,19.0012,21,4,2,False,True,False,False,True,False,False,False,102
0,1,18.86,22.725,41,19.0012,22,4,2,False,True,False,False,True,False,False,False,84
0,1,18.86,22.725,41,19.9995,23,4,2,False,True,False,False,True,False,False,False,40
0,1,18.86,22.725,41,19.0012,0,4,3,False,True,False,False,True,False,False,False,20
0,1,17.22,21.21,47,8.9981,1,4,3,False,True,False,False,True,False,False,False,13
0,1,17.22,21.21,54,0.0,2,4,3,False,True,False,False,True,False,False,False,7
0,1,14.76,17.425,66,12.998,3,4,3,False,True,False,False,True,False,False,False,3
0,1,13.94,16.665,76,12.998,4,4,3,False,True,False,False,True,False,False,False,1
0,1,13.94,15.91,76,15.0013,5,4,3,False,True,False,False,True,False,False,False,6
0,1,13.12,15.15,81,16.9979,6,4,3,False,True,False,False,True,False,False,False,64
0,1,13.94,16.665,76,11.0014,7,4,3,False,True,False,False,False,True,False,False,160
0,1,14.76,17.425,76,12.998,8,4,3,False,True,False,False,True,False,False,False,314
0,1,16.4,20.455,66,8.9981,9,4,3,False,True,False,False,False,True,False,False,170
0,1,17.22,21.21,67,7.0015,10,4,3,False,True,False,False,False,True,False,False,95
0,1,18.86,22.725,55,0.0,11,4,3,False,True,False,False,False,True,False,False,122
0,1,18.86,22.725,55,0.0,12,4,3,False,True,False,False,False,True,False,False,153
0,1,21.32,25.0,48,6.0032,13,4,3,False,True,False,False,False,True,False,False,135
0,1,22.96,26.515,43,6.0032,14,4,3,False,True,False,False,True,False,False,False,157
0,1,24.6,31.06,38,7.0015,15,4,3,False,True,False,False,True,False,False,False,160
0,1,24.6,31.06,35,0.0,16,4,3,False,True,False,False,True,False,False,False,213
0,1,21.32,25.0,52,19.0012,17,4,3,False,True,False,False,True,False,False,False,343
0,1,19.68,23.485,55,16.9979,18,4,3,False,True,False,False,True,False,False,False,333
0,1,18.86,22.725,59,19.9995,19,4,3,False,True,False,False,True,False,False,False,226
0,1,18.04,21.97,62,11.0014,20,4,3,False,True,False,False,True,False,False,False,203
0,1,18.04,21.97,67,19.0012,21,4,3,False,True,False,False,False,True,False,False,108
0,1,16.4,20.455,76,12.998,22,4,3,False,True,False,False,False,True,False,False,81
0,1,15.58,19.695,76,16.9979,23,4,3,False,True,False,False,True,False,False,False,54
0,1,14.76,17.425,76,15.0013,0,4,4,False,True,False,False,False,True,False,False,25
0,1,13.94,16.665,76,8.9981,1,4,4,False,True,False,False,False,True,False,False,9
0,1,13.94,16.665,76,11.0014,2,4,4,False,True,False,False,False,False,True,False,13
0,1,13.94,16.665,76,11.0014,3,4,4,False,True,False,False,False,False,True,False,1
0,1,13.94,16.665,86,8.9981,4,4,4,False,True,False,False,False,True,False,False,1
0,1,13.12,15.91,87,12.998,5,4,4,False,True,False,False,False,True,False,False,9
0,1,13.94,18.18,87,0.0,6,4,4,False,True,False,False,False,True,False,False,35
0,1,13.94,16.665,87,11.0014,7,4,4,False,True,False,False,False,False,True,False,113
0,1,13.94,16.665,87,11.0014,8,4,4,False,True,False,False,False,False,True,False,221
0,1,14.76,17.425,76,12.998,9,4,4,False,True,False,False,False,True,False,False,185
0,1,14.76,16.665,71,19.0012,10,4,4,False,True,False,False,False,True,False,False,73
0,1,16.4,20.455,62,26.0027,11,4,4,False,True,False,False,False,True,False,False,98
0,1,15.58,19.695,66,15.0013,12,4,4,False,True,False,False,False,False,True,False,80
0,1,14.76,16.665,76,19.0012,13,4,4,False,True,False,False,False,False,True,False,42
0,1,13.94,15.91,87,15.0013,14,4,4,False,True,False,False,False,False,True,False,15
0,1,13.94,15.91,87,15.0013,15,4,4,False,True,False,False,False,False,True,False,25
0,1,13.12,15.15,93,16.9979,16,4,4,False,True,False,False,False,True,False,False,60
0,1,13.12,15.15,93,16.9979,17,4,4,False,True,False,False,False,False,True,False,148
0,1,13.12,15.15,93,16.9979,18,4,4,False,True,False,False,False,False,True,False,62
0,1,12.3,13.635,93,27.9993,19,4,4,False,True,False,False,False,False,True,False,53
0,1,12.3,13.635,93,22.0028,20,4,4,False,True,False,False,False,True,False,False,63
0,1,12.3,14.395,93,16.9979,21,4,4,False,True,False,False,False,True,False,False,54
0,1,12.3,13.635,93,19.9995,22,4,4,False,True,False,False,False,True,False,False,51
0,1,12.3,14.395,93,15.0013,23,4,4,False,True,False,False,False,True,False,False,35
0,0,12.3,14.395,87,15.0013,0,4,5,False,True,False,False,False,True,False,False,31
0,0,12.3,15.15,87,8.9981,1,4,5,False,True,False,False,False,True,False,False,20
0,0,13.12,15.15,87,15.0013,2,4,5,False,True,False,False,False,True,False,False,17
0,0,12.3,14.395,100,16.9979,3,4,5,False,True,False,False,False,False,True,False,14
0,0,12.3,13.635,100,16.9979,4,4,5,False,True,False,False,False,False,True,False,3
0,0,12.3,14.395,93,15.0013,5,4,5,False,True,False,False,False,True,False,False,5
0,0,12.3,14.395,93,12.998,6,4,5,False,True,False,False,False,True,False,False,13
0,0,12.3,15.15,93,11.0014,7,4,5,False,True,False,False,False,True,False,False,21
0,0,13.12,15.15,93,11.0014,8,4,5,False,True,False,False,False,True,False,False,54
0,0,13.94,17.425,87,7.0015,9,4,5,False,True,False,False,False,True,False,False,98
0,0,13.94,16.665,87,8.9981,10,4,5,False,True,False,False,False,True,False,False,133
0,0,14.76,18.18,81,0.0,11,4,5,False,True,False,False,False,True,False,False,142
0,0,14.76,17.425,81,8.9981,12,4,5,False,True,False,False,False,True,False,False,202
0,0,14.76,18.94,81,0.0,13,4,5,False,True,False,False,False,True,False,False,222
0,0,14.76,17.425,81,8.9981,14,4,5,False,True,False,False,False,True,False,False,212
0,0,14.76,18.94,87,0.0,15,4,5,False,True,False,False,False,True,False,False,201
0,0,15.58,19.695,82,0.0,16,4,5,False,True,False,False,False,True,False,False,191
0,0,15.58,19.695,82,6.0032,17,4,5,False,True,False,False,False,True,False,False,257
0,0,15.58,19.695,82,7.0015,18,4,5,False,True,False,False,False,True,False,False,177
0,0,15.58,19.695,82,8.9981,19,4,5,False,True,False,False,False,True,False,False,130
0,0,15.58,19.695,87,11.0014,20,4,5,False,True,False,False,False,True,False,False,93
0,0,14.76,17.425,93,8.9981,21,4,5,False,True,False,False,False,True,False,False,75
0,0,14.76,17.425,93,8.9981,22,4,5,False,True,False,False,False,True,False,False,87
0,0,15.58,19.695,87,6.0032,23,4,5,False,True,False,False,False,True,False,False,57
0,0,15.58,19.695,87,6.0032,0,4,6,False,True,False,False,False,True,False,False,53
0,0,15.58,19.695,87,8.9981,1,4,6,False,True,False,False,False,True,False,False,37
0,0,15.58,19.695,87,6.0032,2,4,6,False,True,False,False,False,True,False,False,36
0,0,15.58,19.695,87,8.9981,3,4,6,False,True,False,False,False,True,False,False,16
0,0,14.76,18.18,93,7.0015,4,4,6,False,True,False,False,False,True,False,False,5
0,0,14.76,18.18,93,6.0032,5,4,6,False,True,False,False,False,True,False,False,4
0,0,14.76,18.18,93,6.0032,6,4,6,False,True,False,False,False,True,False,False,4
0,0,14.76,18.18,100,6.0032,7,4,6,False,True,False,False,False,True,False,False,10
0,0,15.58,19.695,94,6.0032,8,4,6,False,True,False,False,False,True,False,False,55
0,0,15.58,19.695,94,8.9981,9,4,6,False,True,False,False,False,True,False,False,81
0,0,16.4,20.455,87,0.0,10,4,6,False,True,False,False,False,True,False,False,150
0,0,16.4,20.455,87,8.9981,11,4,6,False,True,False,False,False,True,False,False,202
0,0,17.22,21.21,88,8.9981,12,4,6,False,True,False,False,False,True,False,False,230
0,0,18.86,22.725,82,7.0015,13,4,6,False,True,False,False,True,False,False,False,263
0,0,20.5,24.24,72,12.998,14,4,6,False,True,False,False,True,False,False,False,281
0,0,20.5,24.24,77,15.0013,15,4,6,False,True,False,False,True,False,False,False,297
0,0,21.32,25.0,72,11.0014,16,4,6,False,True,False,False,False,True,False,False,288
0,0,21.32,25.0,72,12.998,17,4,6,False,True,False,False,False,True,False,False,236
0,0,20.5,24.24,77,12.998,18,4,6,False,True,False,False,True,False,False,False,240
0,0,20.5,24.24,77,12.998,19,4,6,False,True,False,False,True,False,False,False,131
0,0,18.86,22.725,82,8.9981,20,4,6,False,True,False,False,True,False,False,False,92
0,0,18.04,21.97,88,12.998,21,4,6,False,True,False,False,True,False,False,False,95
0,0,18.04,21.97,94,16.9979,22,4,6,False,True,False,False,True,False,False,False,57
0,0,18.86,22.725,88,23.9994,23,4,6,False,True,False,False,True,False,False,False,32
0,1,19.68,23.485,88,22.0028,0,4,0,False,True,False,False,True,False,False,False,23
0,1,18.86,22.725,94,19.0012,1,4,0,False,True,False,False,True,False,False,False,4
0,1,18.86,22.725,94,19.0012,2,4,0,False,True,False,False,True,False,False,False,9
0,1,18.86,22.725,94,12.998,4,4,0,False,True,False,False,True,False,False,False,1
0,1,18.86,22.725,94,12.998,5,4,0,False,True,False,False,True,False,False,False,13
0,1,18.86,22.725,100,15.0013,6,4,0,False,True,False,False,False,True,False,False,61
0,1,20.5,24.24,88,15.0013,7,4,0,False,True,False,False,False,True,False,False,176
0,1,21.32,25.0,88,19.0012,8,4,0,False,True,False,False,False,True,False,False,314
0,1,22.96,26.515,83,19.0012,9,4,0,False,True,False,False,False,True,False,False,165
0,1,22.96,26.515,83,19.9995,10,4,0,False,True,False,False,False,True,False,False,96
0,1,24.6,29.545,73,19.9995,11,4,0,False,True,False,False,False,True,False,False,104
0,1,24.6,29.545,73,22.0028,12,4,0,False,True,False,False,False,True,False,False,134
0,1,26.24,30.305,69,27.9993,13,4,0,False,True,False,False,False,True,False,False,139
0,1,29.52,33.335,54,23.9994,14,4,0,False,True,False,False,False,True,False,False,145
0,1,30.34,33.335,48,35.0008,15,4,0,False,True,False,False,True,False,False,False,141
0,1,30.34,33.335,48,35.0008,16,4,0,False,True,False,False,True,False,False,False,235
0,1,30.34,33.335,48,35.0008,17,4,0,False,True,False,False,True,False,False,False,452
0,1,29.52,33.335,51,26.0027,18,4,0,False,True,False,False,True,False,False,False,383
0,1,29.52,33.335,51,30.0026,19,4,0,False,True,False,False,True,False,False,False,284
0,1,27.88,31.82,57,35.0008,20,4,0,False,True,False,False,True,False,False,False,166
0,1,27.06,31.06,61,16.9979,21,4,0,False,True,False,False,True,False,False,False,158
0,1,26.24,31.06,50,19.0012,22,4,0,False,True,False,False,False,True,False,False,91
0,1,23.78,27.275,60,0.0,23,4,0,False,True,False,False,False,False,True,False,54
0,1,25.42,31.06,50,7.0015,0,4,1,False,True,False,False,False,True,False,False,24
0,1,25.42,31.06,50,6.0032,1,4,1,False,True,False,False,False,True,False,False,13
0,1,24.6,31.06,53,8.9981,2,4,1,False,True,False,False,False,True,False,False,14
0,1,23.78,27.275,56,8.9981,3,4,1,False,True,False,False,False,True,False,False,1
0,1,22.96,26.515,64,8.9981,4,4,1,False,True,False,False,False,True,False,False,6
0,1,22.14,25.76,68,8.9981,5,4,1,False,True,False,False,False,True,False,False,16
0,1,22.14,25.76,68,19.0012,6,4,1,False,True,False,False,False,True,False,False,58
0,1,22.14,25.76,68,15.0013,7,4,1,False,True,False,False,False,True,False,False,189
0,1,19.68,23.485,88,26.0027,8,4,1,False,True,False,False,False,False,True,False,226
0,1,18.86,22.725,94,32.9975,9,4,1,False,True,False,False,False,False,True,False,54
0,1,20.5,24.24,82,27.9993,10,4,1,False,True,False,False,False,False,True,False,40
0,1,21.32,25.0,77,23.9994,11,4,1,False,True,False,False,True,False,False,False,49
0,1,22.96,26.515,64,31.0009,12,4,1,False,True,False,False,False,True,False,False,92
0,1,22.14,25.76,68,19.0012,13,4,1,False,True,False,False,False,False,True,False,106
0,1,20.5,24.24,82,19.0012,14,4,1,False,True,False,False,False,True,False,False,44
0,1,19.68,23.485,77,35.0008,15,4,1,False,True,False,False,False,True,False,False,78
0,1,19.68,23.485,77,26.0027,16,4,1,False,True,False,False,False,True,False,False,99
0,1,18.04,21.97,77,15.0013,17,4,1,False,True,False,False,False,False,True,False,291
0,1,18.04,21.97,77,15.0013,18,4,1,False,True,False,False,False,False,True,False,224
0,1,17.22,21.21,82,19.0012,19,4,1,False,True,False,False,False,True,False,False,130
0,1,17.22,21.21,82,19.0012,20,4,1,False,True,False,False,False,True,False,False,103
0,1,17.22,21.21,82,12.998,21,4,1,False,True,False,False,False,True,False,False,84
0,1,16.4,20.455,94,19.9995,22,4,1,False,True,False,False,False,True,False,False,54
0,1,16.4,20.455,94,16.9979,23,4,1,False,True,False,False,False,True,False,False,39
0,1,16.4,20.455,100,19.9995,0,4,2,False,True,False,False,False,True,False,False,15
0,1,16.4,20.455,100,19.9995,1,4,2,False,True,False,False,False,True,False,False,1
0,1,16.4,20.455,100,19.9995,2,4,2,False,True,False,False,False,False,True,False,2
0,1,16.4,20.455,94,22.0028,3,4,2,False,True,False,False,False,False,True,False,2
0,1,16.4,20.455,94,22.0028,4,4,2,False,True,False,False,False,False,True,False,3
0,1,15.58,19.695,94,16.9979,5,4,2,False,True,False,False,False,False,True,False,5
0,1,15.58,19.695,94,15.0013,6,4,2,False,True,False,False,False,False,True,False,34
0,1,14.76,17.425,100,15.0013,7,4,2,False,True,False,False,False,False,True,False,70
0,1,15.58,19.695,94,12.998,8,4,2,False,True,False,False,False,False,True,False,164
0,1,15.58,19.695,94,15.0013,9,4,2,False,True,False,False,False,True,False,False,65
0,1,16.4,20.455,87,12.998,10,4,2,False,True,False,False,False,True,False,False,46
0,1,17.22,21.21,82,12.998,11,4,2,False,True,False,False,False,True,False,False,61
0,1,17.22,21.21,82,16.9979,12,4,2,False,True,False,False,False,False,True,False,95
0,1,18.04,21.97,77,12.998,13,4,2,False,True,False,False,False,True,False,False,61
0,1,17.22,21.21,77,16.9979,14,4,2,False,True,False,False,False,True,False,False,106
0,1,18.04,21.97,72,19.0012,15,4,2,False,True,False,False,False,True,False,False,81
0,1,18.86,22.725,67,19.0012,16,4,2,False,True,False,False,True,False,False,False,142
0,1,18.86,22.725,67,19.9995,17,4,2,False,True,False,False,True,False,False,False,309
0,1,18.04,21.97,62,26.0027,18,4,2,False,True,False,False,True,False,False,False,321
0,1,18.04,21.97,62,16.9979,19,4,2,False,True,False,False,True,False,False,False,175
0,1,18.04,21.97,62,16.9979,20,4,2,False,True,False,False,True,False,False,False,126
0,1,17.22,21.21,67,11.0014,21,4,2,False,True,False,False,True,False,False,False,117
0,1,17.22,21.21,67,12.998,22,4,2,False,True,False,False,True,False,False,False,99
0,1,16.4,20.455,71,8.9981,23,4,2,False,True,False,False,True,False,False,False,62
0,1,15.58,19.695,76,8.9981,0,4,3,False,True,False,False,True,False,False,False,21
0,1,15.58,19.695,76,15.0013,1,4,3,False,True,False,False,True,False,False,False,10
0,1,14.76,17.425,76,8.9981,2,4,3,False,True,False,False,True,False,False,False,3
0,1,13.94,16.665,81,8.9981,3,4,3,False,True,False,False,True,False,False,False,2
0,1,13.94,18.18,76,0.0,4,4,3,False,True,False,False,True,False,False,False,9
0,1,13.94,17.425,76,6.0032,5,4,3,False,True,False,False,True,False,False,False,14
0,1,13.94,17.425,76,7.0015,6,4,3,False,True,False,False,True,False,False,False,70
0,1,15.58,19.695,66,0.0,7,4,3,False,True,False,False,True,False,False,False,193
0,1,17.22,21.21,58,11.0014,8,4,3,False,True,False,False,True,False,False,False,337
0,1,18.86,22.725,51,8.9981,9,4,3,False,True,False,False,True,False,False,False,170
0,1,20.5,24.24,51,12.998,10,4,3,False,True,False,False,True,False,False,False,89
0,1,21.32,25.0,45,11.0014,11,4,3,False,True,False,False,True,False,False,False,115
0,1,22.14,25.76,42,8.9981,12,4,3,False,True,False,False,True,False,False,False,145
0,1,22.96,26.515,37,15.0013,13,4,3,False,True,False,False,True,False,False,False,159
0,1,22.96,26.515,35,6.0032,14,4,3,False,True,False,False,True,False,False,False,137
0,1,24.6,31.06,31,6.0032,15,4,3,False,True,False,False,True,False,False,False,142
0,1,24.6,30.305,26,7.0015,16,4,3,False,True,False,False,True,False,False,False,202
0,1,24.6,30.305,28,0.0,17,4,3,False,True,False,False,True,False,False,False,388
0,1,22.96,26.515,30,0.0,18,4,3,False,True,False,False,True,False,False,False,337
0,1,22.14,25.76,32,0.0,19,4,3,False,True,False,False,True,False,False,False,259
0,1,20.5,24.24,51,12.998,20,4,3,False,True,False,False,True,False,False,False,169
0,1,18.86,22.725,63,8.9981,21,4,3,False,True,False,False,True,False,False,False,145
0,1,19.68,23.485,55,7.0015,22,4,3,False,True,False,False,True,False,False,False,104
0,1,18.86,22.725,59,7.0015,23,4,3,False,True,False,False,True,False,False,False,47
1,0,18.04,21.97,67,0.0,0,4,4,False,True,False,False,True,False,False,False,27
1,0,18.04,21.97,62,0.0,1,4,4,False,True,False,False,True,False,False,False,15
1,0,16.4,20.455,76,0.0,2,4,4,False,True,False,False,True,False,False,False,18
1,0,16.4,20.455,76,0.0,3,4,4,False,True,False,False,True,False,False,False,3
1,0,15.58,19.695,82,6.0032,4,4,4,False,True,False,False,True,False,False,False,3
1,0,14.76,18.18,81,7.0015,5,4,4,False,True,False,False,True,False,False,False,13
1,0,14.76,18.18,81,6.0032,6,4,4,False,True,False,False,True,False,False,False,47
1,0,16.4,20.455,71,11.0014,7,4,4,False,True,False,False,True,False,False,False,149
1,0,18.04,21.97,62,19.9995,8,4,4,False,True,False,False,True,False,False,False,300
1,0,20.5,24.24,55,12.998,9,4,4,False,True,False,False,True,False,False,False,178
1,0,20.5,24.24,55,12.998,10,4,4,False,True,False,False,True,False,False,False,122
1,0,21.32,25.0,55,12.998,11,4,4,False,True,False,False,True,False,False,False,136
1,0,21.32,25.0,55,19.0012,12,4,4,False,True,False,False,True,False,False,False,200
1,0,22.14,25.76,52,16.9979,13,4,4,False,True,False,False,True,False,False,False,180
1,0,22.14,25.76,52,16.9979,14,4,4,False,True,False,False,True,False,False,False,163
1,0,22.14,25.76,52,30.0026,15,4,4,False,True,False,False,True,False,False,False,162
1,0,21.32,25.0,55,32.9975,16,4,4,False,True,False,False,True,False,False,False,243
1,0,20.5,24.24,63,26.0027,17,4,4,False,True,False,False,False,True,False,False,331
1,0,18.86,22.725,67,26.0027,18,4,4,False,True,False,False,False,True,False,False,263
1,0,17.22,21.21,77,26.0027,19,4,4,False,True,False,False,True,False,False,False,209
1,0,16.4,20.455,76,22.0028,20,4,4,False,True,False,False,False,True,False,False,118
1,0,16.4,20.455,76,19.9995,21,4,4,False,True,False,False,False,True,False,False,102
1,0,15.58,19.695,82,26.0027,22,4,4,False,True,False,False,False,True,False,False,80
1,0,14.76,17.425,81,12.998,23,4,4,False,True,False,False,False,True,False,False,64
0,0,14.76,17.425,81,15.0013,0,4,5,False,True,False,False,False,True,False,False,43
0,0,14.76,16.665,87,19.0012,1,4,5,False,True,False,False,False,True,False,False,33
0,0,14.76,17.425,87,8.9981,2,4,5,False,True,False,False,False,True,False,False,24
0,0,14.76,17.425,87,11.0014,3,4,5,False,True,False,False,False,True,False,False,14
0,0,14.76,17.425,87,15.0013,4,4,5,False,True,False,False,False,True,False,False,5
0,0,15.58,19.695,87,19.0012,5,4,5,False,True,False,False,False,True,False,False,4
0,0,16.4,20.455,82,22.0028,6,4,5,False,True,False,False,False,False,True,False,10
0,0,16.4,20.455,82,27.9993,7,4,5,False,True,False,False,False,True,False,False,21
0,0,16.4,20.455,87,23.9994,8,4,5,False,True,False,False,False,False,True,False,45
0,0,16.4,20.455,100,19.9995,9,4,5,False,True,False,False,False,False,True,False,29
0,0,17.22,21.21,94,26.0027,10,4,5,False,True,False,False,False,False,True,False,22
0,0,17.22,21.21,94,30.0026,11,4,5,False,True,False,False,False,False,True,False,31
0,0,18.86,22.725,88,39.0007,12,4,5,False,True,False,False,False,True,False,False,32
0,0,18.86,22.725,94,35.0008,13,4,5,False,True,False,False,False,False,True,False,58
0,0,21.32,25.0,83,39.0007,14,4,5,False,True,False,False,False,False,True,False,63
0,0,21.32,25.0,83,39.0007,15,4,5,False,True,False,False,False,False,True,False,78
0,0,20.5,24.24,88,31.0009,16,4,5,False,True,False,False,False,False,True,False,33
0,0,20.5,24.24,88,39.0007,17,4,5,False,True,False,False,False,False,True,False,15
0,0,20.5,24.24,94,26.0027,18,4,5,False,True,False,False,False,True,False,False,38
0,0,21.32,25.0,94,27.9993,19,4,5,False,True,False,False,False,True,False,False,71
0,0,18.04,21.97,94,15.0013,20,4,5,False,True,False,False,False,False,True,False,53
0,0,18.04,21.97,94,0.0,21,4,5,False,True,False,False,False,True,False,False,14
0,0,17.22,21.21,100,0.0,22,4,5,False,True,False,False,False,False,True,False,24
0,0,18.04,21.97,77,19.0012,23,4,5,False,True,False,False,False,True,False,False,35
0,0,18.04,21.97,77,19.0012,0,4,6,False,True,False,False,False,True,False,False,33
0,0,17.22,21.21,67,15.0013,1,4,6,False,True,False,False,True,False,False,False,31
0,0,16.4,20.455,62,12.998,2,4,6,False,True,False,False,True,False,False,False,29
0,0,16.4,20.455,66,8.9981,3,4,6,False,True,False,False,True,False,False,False,25
0,0,14.76,18.18,76,7.0015,4,4,6,False,True,False,False,True,False,False,False,7
0,0,14.76,17.425,71,11.0014,5,4,6,False,True,False,False,True,False,False,False,3
0,0,14.76,15.91,66,30.0026,6,4,6,False,True,False,False,True,False,False,False,8
0,0,14.76,16.665,50,23.9994,7,4,6,False,True,False,False,True,False,False,False,16
0,0,15.58,19.695,46,26.0027,8,4,6,False,True,False,False,True,False,False,False,43
0,0,16.4,20.455,43,19.0012,9,4,6,False,True,False,False,True,False,False,False,102
0,0,17.22,21.21,44,30.0026,10,4,6,False,True,False,False,True,False,False,False,211
0,0,18.86,22.725,41,27.9993,11,4,6,False,True,False,False,True,False,False,False,304
0,0,18.86,22.725,38,26.0027,12,4,6,False,True,False,False,True,False,False,False,354
0,0,20.5,24.24,34,26.0027,13,4,6,False,True,False,False,True,False,False,False,343
0,0,21.32,25.0,34,26.0027,14,4,6,False,True,False,False,True,False,False,False,361
0,0,22.14,25.76,32,35.0008,15,4,6,False,True,False,False,True,False,False,False,388
0,0,22.14,25.76,30,23.9994,16,4,6,False,True,False,False,True,False,False,False,343
0,0,22.96,26.515,30,30.0026,17,4,6,False,True,False,False,True,False,False,False,306
0,0,22.96,26.515,30,26.0027,18,4,6,False,True,False,False,True,False,False,False,277
0,0,22.96,26.515,30,19.9995,19,4,6,False,True,False,False,True,False,False,False,210
0,0,21.32,25.0,36,12.998,20,4,6,False,True,False,False,True,False,False,False,141
0,0,20.5,24.24,42,12.998,21,4,6,False,True,False,False,True,False,False,False,83
0,0,20.5,24.24,39,7.0015,22,4,6,False,True,False,False,True,False,False,False,70
0,0,18.04,21.97,67,11.0014,23,4,6,False,True,False,False,True,False,False,False,56
0,1,18.86,22.725,47,6.0032,0,4,0,False,True,False,False,True,False,False,False,39
0,1,18.86,22.725,47,8.9981,1,4,0,False,True,False,False,True,False,False,False,19
0,1,17.22,21.21,67,7.0015,2,4,0,False,True,False,False,True,False,False,False,16
0,1,17.22,21.21,62,7.0015,3,4,0,False,True,False,False,True,False,False,False,7
0,1,16.4,20.455,87,11.0014,4,4,0,False,True,False,False,True,False,False,False,6
0,1,16.4,20.455,76,6.0032,5,4,0,False,True,False,False,True,False,False,False,16
0,1,16.4,20.455,82,0.0,6,4,0,False,True,False,False,True,False,False,False,54
0,1,18.86,22.725,63,0.0,7,4,0,False,True,False,False,True,False,False,False,168
0,1,18.86,22.725,63,0.0,8,4,0,False,True,False,False,True,False,False,False,297
0,1,20.5,24.24,55,7.0015,9,4,0,False,True,False,False,False,True,False,False,169
0,1,21.32,25.0,55,7.0015,10,4,0,False,True,False,False,False,True,False,False,109
0,1,22.14,25.76,52,6.0032,11,4,0,False,True,False,False,False,True,False,False,123
0,1,22.96,26.515,49,6.0032,12,4,0,False,True,False,False,False,True,False,False,184
0,1,22.96,26.515,49,11.0014,13,4,0,False,True,False,False,False,True,False,False,169
0,1,23.78,27.275,49,12.998,14,4,0,False,True,False,False,False,True,False,False,144
0,1,24.6,31.06,43,12.998,15,4,0,False,True,False,False,False,True,False,False,176
0,1,24.6,31.06,46,19.0012,16,4,0,False,True,False,False,True,False,False,False,205
0,1,23.78,27.275,49,19.0012,17,4,0,False,True,False,False,True,False,False,False,428
0,1,26.24,31.06,31,23.9994,18,4,0,False,True,False,False,True,False,False,False,362
0,1,22.96,26.515,46,16.9979,19,4,0,False,True,False,False,True,False,False,False,286
0,1,24.6,31.06,33,19.9995,20,4,0,False,True,False,False,True,False,False,False,165
0,1,22.96,26.515,37,19.0012,21,4,0,False,True,False,False,True,False,False,False,151
0,1,21.32,25.0,55,19.0012,22,4,0,False,True,False,False,True,False,False,False,90
0,1,20.5,24.24,59,16.9979,23,4,0,False,True,False,False,True,False,False,False,46
0,1,20.5,24.24,55,15.0013,0,4,1,False,True,False,False,True,False,False,False,25
0,1,18.86,22.725,63,15.0013,1,4,1,False,True,False,False,True,False,False,False,7
0,1,18.86,22.725,67,19.0012,2,4,1,False,True,False,False,True,False,False,False,13
0,1,19.68,23.485,63,15.0013,3,4,1,False,True,False,False,True,False,False,False,3
0,1,18.86,22.725,67,6.0032,4,4,1,False,True,False,False,True,False,False,False,5
0,1,18.86,22.725,72,12.998,5,4,1,False,True,False,False,False,True,False,False,18
0,1,19.68,23.485,67,0.0,6,4,1,False,True,False,False,False,True,False,False,65
0,1,21.32,25.0,55,0.0,7,4,1,False,True,False,False,False,True,False,False,188
0,1,20.5,24.24,68,8.9981,8,4,1,False,True,False,False,False,True,False,False,351
0,1,21.32,25.0,63,6.0032,9,4,1,False,True,False,False,False,False,True,False,162
0,1,20.5,24.24,72,15.0013,10,4,1,False,True,False,False,False,True,False,False,75
0,1,22.14,25.76,68,11.0014,11,4,1,False,True,False,False,False,True,False,False,72
0,1,22.14,25.76,64,6.0032,12,4,1,False,True,False,False,False,True,False,False,103
0,1,22.14,25.76,68,15.0013,13,4,1,False,True,False,False,False,True,False,False,129
0,1,22.14,25.76,64,12.998,14,4,1,False,True,False,False,False,True,False,False,107
0,1,22.14,25.76,65,11.0014,15,4,1,False,True,False,False,False,True,False,False,127
0,1,22.96,26.515,52,19.9995,16,4,1,False,True,False,False,True,False,False,False,192
0,1,22.96,26.515,60,7.0015,17,4,1,False,True,False,False,True,False,False,False,411
0,1,22.14,25.76,64,8.9981,18,4,1,False,True,False,False,False,True,False,False,421
0,1,20.5,24.24,72,12.998,19,4,1,False,True,False,False,False,True,False,False,276
0,1,20.5,24.24,72,15.0013,20,4,1,False,True,False,False,False,True,False,False,168
0,1,20.5,24.24,72,8.9981,21,4,1,False,True,False,False,False,True,False,False,122
0,1,19.68,23.485,77,6.0032,22,4,1,False,True,False,False,True,False,False,False,112
0,1,18.86,22.725,88,6.0032,23,4,1,False,True,False,False,True,False,False,False,52
0,0,17.22,21.21,67,6.0032,0,5,6,False,True,False,False,True,False,False,False,96
0,0,17.22,21.21,69,7.0015,1,5,6,False,True,False,False,True,False,False,False,59
0,0,17.22,21.21,77,7.0015,2,5,6,False,True,False,False,True,False,False,False,50
0,0,16.4,20.455,82,7.0015,3,5,6,False,True,False,False,True,False,False,False,23
0,0,16.4,20.455,76,7.0015,4,5,6,False,True,False,False,True,False,False,False,17
0,0,16.4,20.455,82,6.0032,5,5,6,False,True,False,False,True,False,False,False,10
0,0,16.4,20.455,82,6.0032,6,5,6,False,True,False,False,False,True,False,False,13
0,0,17.22,21.21,77,6.0032,7,5,6,False,True,False,False,False,True,False,False,33
0,0,18.04,21.97,77,8.9981,8,5,6,False,True,False,False,False,True,False,False,59
0,0,18.86,22.725,72,8.9981,9,5,6,False,True,False,False,False,True,False,False,141
0,0,19.68,23.485,63,12.998,10,5,6,False,True,False,False,False,True,False,False,264
0,0,18.86,22.725,82,7.0015,11,5,6,False,True,False,False,True,False,False,False,250
0,0,19.68,23.485,77,7.0015,12,5,6,False,True,False,False,False,True,False,False,281
0,0,20.5,24.24,63,11.0014,13,5,6,False,True,False,False,False,True,False,False,332
0,0,20.5,24.24,68,7.0015,14,5,6,False,True,False,False,False,True,False,False,238
0,0,20.5,24.24,72,0.0,15,5,6,False,True,False,False,False,True,False,False,266
0,0,20.5,24.24,72,12.998,16,5,6,False,True,False,False,False,True,False,False,214
0,0,19.68,23.485,82,16.9979,17,5,6,False,True,False,False,False,True,False,False,196
0,0,18.86,22.725,82,6.0032,18,5,6,False,True,False,False,False,True,False,False,159
0,0,18.86,22.725,84,7.0015,19,5,6,False,True,False,False,False,True,False,False,178
0,0,18.86,22.725,82,0.0,20,5,6,False,True,False,False,False,True,False,False,121
0,0,18.86,22.725,82,0.0,21,5,6,False,True,False,False,False,True,False,False,105
0,0,18.86,22.725,82,0.0,22,5,6,False,True,False,False,False,True,False,False,100
0,0,18.86,22.725,77,12.998,23,5,6,False,True,False,False,True,False,False,False,146
0,1,18.86,22.725,72,8.9981,0,5,0,False,True,False,False,True,False,False,False,177
0,1,18.86,22.725,72,8.9981,1,5,0,False,True,False,False,True,False,False,False,114
0,1,18.04,21.97,77,15.0013,2,5,0,False,True,False,False,False,True,False,False,35
0,1,18.04,21.97,77,8.9981,3,5,0,False,True,False,False,True,False,False,False,16
0,1,18.04,21.97,77,11.0014,4,5,0,False,True,False,False,True,False,False,False,17
0,1,18.04,21.97,77,8.9981,5,5,0,False,True,False,False,False,True,False,False,20
0,1,18.04,21.97,88,7.0015,6,5,0,False,True,False,False,True,False,False,False,62
0,1,18.86,22.725,82,22.0028,7,5,0,False,True,False,False,False,True,False,False,209
0,1,19.68,23.485,77,15.0013,8,5,0,False,True,False,False,False,True,False,False,371
0,1,20.5,24.24,77,19.0012,9,5,0,False,True,False,False,False,True,False,False,172
0,1,22.14,25.76,77,15.0013,10,5,0,False,True,False,False,False,True,False,False,108
0,1,23.78,27.275,73,19.9995,11,5,0,False,True,False,False,True,False,False,False,130
0,1,25.42,30.305,69,15.0013,12,5,0,False,True,False,False,True,False,False,False,187
0,1,25.42,30.305,69,12.998,13,5,0,False,True,False,False,False,True,False,False,170
0,1,26.24,30.305,69,15.0013,14,5,0,False,True,False,False,True,False,False,False,181
0,1,27.06,31.06,61,12.998,15,5,0,False,True,False,False,True,False,False,False,155
0,1,27.06,31.06,61,15.0013,16,5,0,False,True,False,False,True,False,False,False,269
0,1,27.06,31.06,65,12.998,17,5,0,False,True,False,False,True,False,False,False,537
0,1,26.24,30.305,65,12.998,18,5,0,False,True,False,False,False,True,False,False,518
0,1,25.42,30.305,69,8.9981,19,5,0,False,True,False,False,False,True,False,False,314
0,1,25.42,30.305,69,8.9981,20,5,0,False,True,False,False,False,True,False,False,218
0,1,24.6,29.545,73,7.0015,21,5,0,False,True,False,False,False,True,False,False,232
0,1,24.6,29.545,73,0.0,22,5,0,False,True,False,False,False,True,False,False,125
0,1,22.96,26.515,83,12.998,23,5,0,False,True,False,False,False,True,False,False,64
0,1,22.96,26.515,83,15.0013,0,5,1,False,True,False,False,False,True,False,False,16
0,1,22.96,26.515,78,16.9979,1,5,1,False,True,False,False,False,True,False,False,14
0,1,22.96,26.515,78,16.9979,2,5,1,False,True,False,False,False,True,False,False,5
0,1,22.14,25.76,83,19.0012,3,5,1,False,True,False,False,True,False,False,False,2
0,1,21.32,25.0,88,15.0013,4,5,1,False,True,False,False,True,False,False,False,4
0,1,21.32,25.0,88,8.9981,5,5,1,False,True,False,False,True,False,False,False,14
0,1,21.32,25.0,94,11.0014,6,5,1,False,True,False,False,False,True,False,False,109
0,1,22.14,25.76,88,15.0013,7,5,1,False,True,False,False,False,True,False,False,265
0,1,22.96,26.515,83,19.0012,8,5,1,False,True,False,False,False,True,False,False,459
0,1,24.6,28.79,78,23.9994,9,5,1,False,True,False,False,False,True,False,False,186
0,1,26.24,30.305,69,23.9994,10,5,1,False,True,False,False,False,True,False,False,127
0,1,27.06,31.06,65,22.0028,11,5,1,False,True,False,False,False,True,False,False,140
0,1,27.88,31.82,61,32.9975,12,5,1,False,True,False,False,False,True,False,False,217
0,1,28.7,32.575,58,40.9973,13,5,1,False,True,False,False,False,True,False,False,194
0,1,28.7,32.575,58,35.0008,14,5,1,False,True,False,False,False,True,False,False,158
0,1,28.7,32.575,58,30.0026,15,5,1,False,True,False,False,False,True,False,False,154
0,1,29.52,33.335,54,31.0009,16,5,1,False,True,False,False,True,False,False,False,271
0,1,28.7,32.575,54,31.0009,17,5,1,False,True,False,False,True,False,False,False,517
0,1,28.7,32.575,48,27.9993,18,5,1,False,True,False,False,True,False,False,False,544
0,1,27.88,31.82,57,23.9994,19,5,1,False,True,False,False,True,False,False,False,365
0,1,27.06,31.06,61,12.998,20,5,1,False,True,False,False,True,False,False,False,290
0,1,26.24,31.06,61,30.0026,21,5,1,False,True,False,False,False,True,False,False,225
0,1,23.78,27.275,60,26.0027,22,5,1,False,True,False,False,False,True,False,False,113
0,1,22.96,26.515,68,22.0028,23,5,1,False,True,False,False,False,True,False,False,62
0,1,21.32,25.0,77,11.0014,0,5,2,False,True,False,False,False,False,True,False,27
0,1,20.5,24.24,82,19.0012,1,5,2,False,True,False,False,False,False,True,False,7
0,1,20.5,24.24,82,19.0012,2,5,2,False,True,False,False,False,False,True,False,4
0,1,17.22,21.21,88,35.0008,3,5,2,False,True,False,False,False,False,True,False,1
0,1,15.58,19.695,94,22.0028,4,5,2,False,True,False,False,False,False,True,False,3
0,1,14.76,16.665,87,22.0028,5,5,2,False,True,False,False,False,False,True,False,9
0,1,13.94,15.15,93,26.0027,6,5,2,False,True,False,False,False,False,True,False,21
0,1,13.94,15.15,93,23.9994,7,5,2,False,True,False,False,False,False,True,False,52
0,1,13.94,15.15,93,26.0027,8,5,2,False,True,False,False,False,False,True,False,79
0,1,13.94,15.15,93,23.9994,9,5,2,False,True,False,False,False,False,True,False,40
0,1,13.94,15.91,93,19.0012,10,5,2,False,True,False,False,False,True,False,False,31
0,1,16.4,20.455,82,22.0028,11,5,2,False,True,False,False,True,False,False,False,72
0,1,18.04,21.97,62,23.9994,12,5,2,False,True,False,False,False,True,False,False,124
0,1,18.86,22.725,59,30.0026,13,5,2,False,True,False,False,False,True,False,False,143
0,1,20.5,24.24,51,26.0027,14,5,2,False,True,False,False,True,False,False,False,107
0,1,19.68,23.485,51,27.9993,15,5,2,False,True,False,False,True,False,False,False,129
0,1,20.5,24.24,45,31.0009,16,5,2,False,True,False,False,True,False,False,False,195
0,1,16.4,20.455,71,16.9979,17,5,2,False,True,False,False,True,False,False,False,410
0,1,17.22,21.21,67,16.9979,18,5,2,False,True,False,False,True,False,False,False,396
0,1,17.22,21.21,58,23.9994,19,5,2,False,True,False,False,True,False,False,False,296
0,1,16.4,20.455,62,22.0028,20,5,2,False,True,False,False,True,False,False,False,191
0,1,16.4,20.455,62,11.0014,21,5,2,False,True,False,False,True,False,False,False,150
0,1,15.58,19.695,62,15.0013,22,5,2,False,True,False,False,True,False,False,False,89
0,1,14.76,17.425,62,15.0013,23,5,2,False,True,False,False,True,False,False,False,57
0,1,14.76,17.425,66,12.998,0,5,3,False,True,False,False,True,False,False,False,27
0,1,13.94,16.665,71,12.998,1,5,3,False,True,False,False,True,False,False,False,10
0,1,13.94,15.91,66,15.0013,2,5,3,False,True,False,False,True,False,False,False,5
0,1,13.94,15.91,66,16.9979,3,5,3,False,True,False,False,True,False,False,False,4
0,1,13.94,15.91,66,16.9979,4,5,3,False,True,False,False,True,False,False,False,7
0,1,13.94,15.91,66,16.9979,5,5,3,False,True,False,False,True,False,False,False,30
0,1,13.94,15.91,66,16.9979,6,5,3,False,True,False,False,True,False,False,False,89
0,1,15.58,19.695,58,16.9979,7,5,3,False,True,False,False,True,False,False,False,271
0,1,17.22,21.21,50,16.9979,8,5,3,False,True,False,False,True,False,False,False,440
0,1,18.86,22.725,44,19.0012,9,5,3,False,True,False,False,True,False,False,False,184
0,1,20.5,24.24,39,19.0012,10,5,3,False,True,False,False,True,False,False,False,128
0,1,21.32,25.0,36,30.0026,11,5,3,False,True,False,False,True,False,False,False,148
0,1,21.32,25.0,34,23.9994,12,5,3,False,True,False,False,True,False,False,False,196
0,1,22.14,25.76,30,39.0007,13,5,3,False,True,False,False,True,False,False,False,192
0,1,22.14,25.76,28,30.0026,14,5,3,False,True,False,False,True,False,False,False,154
0,1,22.96,26.515,26,32.9975,15,5,3,False,True,False,False,True,False,False,False,147
0,1,23.78,27.275,24,27.9993,16,5,3,False,True,False,False,True,False,False,False,269
0,1,22.96,26.515,26,26.0027,17,5,3,False,True,False,False,True,False,False,False,533
0,1,22.96,26.515,26,19.0012,18,5,3,False,True,False,False,True,False,False,False,520
0,1,22.14,25.76,28,15.0013,19,5,3,False,True,False,False,True,False,False,False,361
0,1,20.5,24.24,34,11.0014,20,5,3,False,True,False,False,True,False,False,False,258
0,1,20.5,24.24,36,12.998,21,5,3,False,True,False,False,True,False,False,False,180
0,1,19.68,23.485,39,12.998,22,5,3,False,True,False,False,True,False,False,False,165
0,1,18.86,22.725,41,12.998,23,5,3,False,True,False,False,True,False,False,False,115
0,1,18.04,21.97,44,11.0014,0,5,4,False,True,False,False,True,False,False,False,56
0,1,16.4,20.455,62,11.0014,1,5,4,False,True,False,False,True,False,False,False,32
0,1,15.58,19.695,62,7.0015,2,5,4,False,True,False,False,True,False,False,False,16
0,1,14.76,18.18,71,7.0015,3,5,4,False,True,False,False,True,False,False,False,9
0,1,14.76,18.18,71,7.0015,4,5,4,False,True,False,False,True,False,False,False,1
0,1,13.94,17.425,81,7.0015,5,5,4,False,True,False,False,True,False,False,False,16
0,1,14.76,18.18,81,6.0032,6,5,4,False,True,False,False,True,False,False,False,82
0,1,16.4,20.455,82,0.0,7,5,4,False,True,False,False,True,False,False,False,222
0,1,17.22,21.21,77,16.9979,8,5,4,False,True,False,False,True,False,False,False,450
0,1,18.86,22.725,67,19.0012,9,5,4,False,True,False,False,True,False,False,False,188
0,1,22.14,25.76,49,22.0028,10,5,4,False,True,False,False,False,True,False,False,127
0,1,22.14,25.76,49,22.0028,11,5,4,False,True,False,False,False,True,False,False,165
0,1,22.96,26.515,49,23.9994,12,5,4,False,True,False,False,True,False,False,False,246
0,1,23.78,27.275,40,22.0028,13,5,4,False,True,False,False,True,False,False,False,253
0,1,24.6,31.06,40,30.0026,14,5,4,False,True,False,False,True,False,False,False,213
0,1,24.6,31.06,38,26.0027,15,5,4,False,True,False,False,True,False,False,False,260
0,1,24.6,31.06,40,16.9979,16,5,4,False,True,False,False,True,False,False,False,344
0,1,23.78,27.275,40,23.9994,17,5,4,False,True,False,False,True,False,False,False,553
0,1,22.14,25.76,52,23.9994,18,5,4,False,True,False,False,False,False,True,False,470
0,1,22.14,25.76,52,23.9994,19,5,4,False,True,False,False,False,False,True,False,292
0,1,21.32,25.0,48,7.0015,20,5,4,False,True,False,False,True,False,False,False,190
0,1,19.68,23.485,67,8.9981,21,5,4,False,True,False,False,True,False,False,False,152
0,1,18.86,22.725,72,15.0013,22,5,4,False,True,False,False,True,False,False,False,151
0,1,18.04,21.97,82,8.9981,23,5,4,False,True,False,False,True,False,False,False,120
0,0,17.22,21.21,82,8.9981,0,5,5,False,True,False,False,True,False,False,False,86
0,0,17.22,21.21,82,7.0015,1,5,5,False,True,False,False,True,False,False,False,58
0,0,17.22,21.21,82,6.0032,2,5,5,False,True,False,False,True,False,False,False,52
0,0,17.22,21.21,77,6.0032,3,5,5,False,True,False,False,True,False,False,False,18
0,0,16.4,20.455,82,7.0015,4,5,5,False,True,False,False,True,False,False,False,5
0,0,18.86,22.725,59,8.9981,5,5,5,False,True,False,False,True,False,False,False,7
0,0,17.22,21.21,77,6.0032,6,5,5,False,True,False,False,True,False,False,False,13
0,0,19.68,23.485,59,0.0,7,5,5,False,True,False,False,True,False,False,False,40
0,0,21.32,25.0,52,12.998,8,5,5,False,True,False,False,True,False,False,False,115
0,0,22.14,25.76,49,19.0012,9,5,5,False,True,False,False,True,False,False,False,218
0,0,22.96,26.515,49,19.9995,10,5,5,False,True,False,False,True,False,False,False,298
0,0,22.96,26.515,43,0.0,11,5,5,False,True,False,False,True,False,False,False,347
0,0,24.6,31.06,40,12.998,12,5,5,False,True,False,False,True,False,False,False,373
0,0,24.6,31.06,35,19.0012,13,5,5,False,True,False,False,True,False,False,False,436
0,0,24.6,31.06,35,11.0014,14,5,5,False,True,False,False,False,False,True,False,378
0,0,24.6,31.06,38,16.9979,15,5,5,False,True,False,False,True,False,False,False,378
0,0,24.6,31.06,38,12.998,16,5,5,False,True,False,False,True,False,False,False,342
0,0,23.78,27.275,40,15.0013,17,5,5,False,True,False,False,True,False,False,False,354
0,0,23.78,27.275,37,11.0014,18,5,5,False,True,False,False,True,False,False,False,289
0,0,22.96,26.515,43,12.998,19,5,5,False,True,False,False,True,False,False,False,267
0,0,22.96,26.515,43,8.9981,20,5,5,False,True,False,False,True,False,False,False,219
0,0,22.14,25.76,49,15.0013,21,5,5,False,True,False,False,True,False,False,False,182
0,0,22.14,25.76,49,12.998,22,5,5,False,True,False,False,True,False,False,False,120
0,0,20.5,24.24,59,7.0015,23,5,5,False,True,False,False,True,False,False,False,119
0,0,20.5,24.24,59,7.0015,0,5,6,False,True,False,False,False,True,False,False,100
0,0,21.32,25.0,55,0.0,1,5,6,False,True,False,False,False,True,False,False,64
0,0,19.68,23.485,63,0.0,2,5,6,False,True,False,False,True,False,False,False,59
0,0,18.86,22.725,72,6.0032,3,5,6,False,True,False,False,True,False,False,False,31
0,0,17.22,21.21,82,0.0,4,5,6,False,True,False,False,True,False,False,False,10
0,0,18.04,21.97,77,0.0,5,5,6,False,True,False,False,False,True,False,False,5
0,0,18.04,21.97,82,0.0,6,5,6,False,True,False,False,False,True,False,False,6
0,0,18.86,22.725,82,0.0,7,5,6,False,True,False,False,False,True,False,False,23
0,0,21.32,25.0,63,8.9981,8,5,6,False,True,False,False,True,False,False,False,86
0,0,22.96,26.515,52,15.0013,9,5,6,False,True,False,False,True,False,False,False,160
0,0,23.78,27.275,49,8.9981,10,5,6,False,True,False,False,True,False,False,False,244
0,0,23.78,27.275,49,6.0032,11,5,6,False,True,False,False,True,False,False,False,340
0,0,24.6,31.06,46,6.0032,12,5,6,False,True,False,False,True,False,False,False,382
0,0,24.6,31.06,49,8.9981,13,5,6,False,True,False,False,True,False,False,False,390
0,0,24.6,31.06,49,0.0,14,5,6,False,True,False,False,True,False,False,False,366
0,0,24.6,31.06,49,0.0,15,5,6,False,True,False,False,True,False,False,False,358
0,0,24.6,31.06,46,7.0015,16,5,6,False,True,False,False,True,False,False,False,385
0,0,23.78,27.275,49,19.0012,17,5,6,False,True,False,False,False,False,True,False,351
0,0,23.78,27.275,49,0.0,18,5,6,False,True,False,False,True,False,False,False,268
0,0,22.96,26.515,64,0.0,19,5,6,False,True,False,False,True,False,False,False,239
0,0,21.32,25.0,77,8.9981,20,5,6,False,True,False,False,True,False,False,False,174
0,0,21.32,25.0,77,6.0032,21,5,6,False,True,False,False,True,False,False,False,127
0,0,20.5,24.24,88,6.0032,22,5,6,False,True,False,False,True,False,False,False,115
0,0,18.86,22.725,88,6.0032,23,5,6,False,True,False,False,True,False,False,False,50
0,1,18.86,22.725,82,6.0032,0,5,0,False,True,False,False,True,False,False,False,53
0,1,18.04,21.97,88,0.0,1,5,0,False,True,False,False,True,False,False,False,33
0,1,18.04,21.97,94,0.0,2,5,0,False,True,False,False,True,False,False,False,8
0,1,18.86,22.725,82,6.0032,3,5,0,False,True,False,False,True,False,False,False,7
0,1,17.22,21.21,82,11.0014,4,5,0,False,True,False,False,True,False,False,False,4
0,1,17.22,21.21,77,11.0014,5,5,0,False,True,False,False,True,False,False,False,23
0,1,18.04,21.97,72,16.9979,6,5,0,False,True,False,False,True,False,False,False,89
0,1,19.68,23.485,63,16.9979,7,5,0,False,True,False,False,True,False,False,False,237
0,1,21.32,25.0,55,15.0013,8,5,0,False,True,False,False,True,False,False,False,374
0,1,22.14,25.76,56,11.0014,9,5,0,False,True,False,False,True,False,False,False,178
0,1,22.96,26.515,52,12.998,10,5,0,False,True,False,False,True,False,False,False,119
0,1,24.6,31.06,46,15.0013,11,5,0,False,True,False,False,True,False,False,False,125
0,1,24.6,31.06,43,12.998,12,5,0,False,True,False,False,True,False,False,False,195
0,1,25.42,31.06,38,19.0012,13,5,0,False,True,False,False,True,False,False,False,174
0,1,25.42,31.06,41,15.0013,14,5,0,False,True,False,False,True,False,False,False,162
0,1,25.42,31.06,41,15.0013,15,5,0,False,True,False,False,True,False,False,False,199
0,1,26.24,31.06,38,15.0013,16,5,0,False,True,False,False,True,False,False,False,304
0,1,25.42,31.06,38,16.9979,17,5,0,False,True,False,False,True,False,False,False,598
0,1,25.42,31.06,38,19.9995,18,5,0,False,True,False,False,True,False,False,False,524
0,1,23.78,27.275,43,12.998,19,5,0,False,True,False,False,True,False,False,False,384
0,1,22.14,25.76,49,12.998,20,5,0,False,True,False,False,True,False,False,False,239
0,1,21.32,25.0,59,8.9981,21,5,0,False,True,False,False,True,False,False,False,156
0,1,21.32,25.0,68,6.0032,22,5,0,False,True,False,False,True,False,False,False,116
0,1,20.5,24.24,68,6.0032,23,5,0,False,True,False,False,True,False,False,False,61
0,1,19.68,23.485,63,0.0,0,5,1,False,True,False,False,True,False,False,False,18
0,1,18.86,22.725,59,6.0032,1,5,1,False,True,False,False,True,False,False,False,15
0,1,18.04,21.97,58,8.9981,2,5,1,False,True,False,False,True,False,False,False,5
0,1,18.04,21.97,54,12.998,3,5,1,False,True,False,False,True,False,False,False,4
0,1,17.22,21.21,62,16.9979,4,5,1,False,True,False,False,True,False,False,False,2
0,1,16.4,20.455,66,15.0013,5,5,1,False,True,False,False,True,False,False,False,29
0,1,17.22,21.21,67,8.9981,6,5,1,False,True,False,False,True,False,False,False,112
0,1,18.04,21.97,62,8.9981,7,5,1,False,True,False,False,False,True,False,False,314
0,1,20.5,24.24,51,7.0015,8,5,1,False,True,False,False,False,True,False,False,425
0,1,21.32,25.0,48,7.0015,9,5,1,False,True,False,False,False,True,False,False,205
0,1,22.96,26.515,37,6.0032,10,5,1,False,True,False,False,False,True,False,False,127
0,1,22.96,26.515,43,8.9981,11,5,1,False,True,False,False,False,True,False,False,125
0,1,24.6,31.06,38,0.0,12,5,1,False,True,False,False,False,True,False,False,217
0,1,25.42,31.06,38,16.9979,13,5,1,False,True,False,False,False,True,False,False,202
0,1,25.42,31.06,33,0.0,14,5,1,False,True,False,False,False,True,False,False,176
0,1,26.24,31.06,33,6.0032,15,5,1,False,True,False,False,False,True,False,False,180
0,1,27.06,31.06,31,7.0015,16,5,1,False,True,False,False,True,False,False,False,327
0,1,26.24,31.06,33,0.0,17,5,1,False,True,False,False,True,False,False,False,611
0,1,26.24,31.06,29,8.9981,18,5,1,False,True,False,False,True,False,False,False,550
0,1,24.6,31.06,43,15.0013,19,5,1,False,True,False,False,True,False,False,False,434
0,1,22.14,25.76,60,8.9981,20,5,1,False,True,False,False,True,False,False,False,291
0,1,22.14,25.76,52,0.0,21,5,1,False,True,False,False,True,False,False,False,203
0,1,21.32,25.0,55,7.0015,22,5,1,False,True,False,False,True,False,False,False,150
0,1,21.32,25.0,59,8.9981,23,5,1,False,True,False,False,False,True,False,False,81
0,1,21.32,25.0,55,8.9981,0,5,2,False,True,False,False,False,True,False,False,38
0,1,20.5,24.24,59,7.0015,1,5,2,False,True,False,False,False,True,False,False,20
0,1,21.32,25.0,59,0.0,2,5,2,False,True,False,False,True,False,False,False,10
0,1,20.5,24.24,63,15.0013,3,5,2,False,True,False,False,True,False,False,False,3
0,1,19.68,23.485,88,8.9981,4,5,2,False,True,False,False,False,True,False,False,2
0,1,18.86,22.725,88,8.9981,5,5,2,False,True,False,False,True,False,False,False,20
0,1,18.86,22.725,82,8.9981,6,5,2,False,True,False,False,True,False,False,False,99
0,1,19.68,23.485,72,12.998,7,5,2,False,True,False,False,True,False,False,False,318
0,1,19.68,23.485,77,16.9979,8,5,2,False,True,False,False,True,False,False,False,442
0,1,21.32,25.0,72,8.9981,9,5,2,False,True,False,False,True,False,False,False,203
0,1,22.14,25.76,68,6.0032,10,5,2,False,True,False,False,True,False,False,False,154
0,1,22.96,26.515,64,6.0032,11,5,2,False,True,False,False,True,False,False,False,141
0,1,24.6,31.06,56,0.0,12,5,2,False,True,False,False,True,False,False,False,226
0,1,25.42,31.06,50,0.0,13,5,2,False,True,False,False,True,False,False,False,193
0,1,25.42,31.06,53,6.0032,14,5,2,False,True,False,False,True,False,False,False,177
0,1,26.24,31.06,41,0.0,15,5,2,False,True,False,False,True,False,False,False,179
0,1,27.06,31.06,39,0.0,16,5,2,False,True,False,False,True,False,False,False,289
0,1,26.24,31.06,47,7.0015,17,5,2,False,True,False,False,True,False,False,False,259
0,1,25.42,31.06,50,19.9995,18,5,2,False,True,False,False,True,False,False,False,274
0,1,22.96,26.515,52,8.9981,19,5,2,False,True,False,False,True,False,False,False,401
0,1,22.14,25.76,64,8.9981,20,5,2,False,True,False,False,True,False,False,False,273
0,1,22.14,25.76,60,0.0,21,5,2,False,True,False,False,True,False,False,False,234
0,1,20.5,24.24,72,16.9979,22,5,2,False,True,False,False,True,False,False,False,146
0,1,18.86,22.725,88,16.9979,23,5,2,False,True,False,False,True,False,False,False,81
0,1,18.86,22.725,88,15.0013,0,5,3,False,True,False,False,False,True,False,False,44
0,1,18.86,22.725,88,15.0013,1,5,3,False,True,False,False,True,False,False,False,17
0,1,18.04,21.97,94,12.998,2,5,3,False,True,False,False,True,False,False,False,15
0,1,18.04,21.97,88,8.9981,3,5,3,False,True,False,False,True,False,False,False,5
0,1,17.22,21.21,94,0.0,4,5,3,False,True,False,False,True,False,False,False,6
0,1,17.22,21.21,94,8.9981,5,5,3,False,True,False,False,True,False,False,False,29
0,1,18.04,21.97,88,0.0,6,5,3,False,True,False,False,True,False,False,False,112
0,1,18.86,22.725,88,8.9981,7,5,3,False,True,False,False,True,False,False,False,297
0,1,19.68,23.485,82,12.998,8,5,3,False,True,False,False,True,False,False,False,421
0,1,20.5,24.24,77,19.0012,9,5,3,False,True,False,False,False,True,False,False,212
0,1,22.14,25.76,68,15.0013,10,5,3,False,True,False,False,False,True,False,False,147
0,1,23.78,27.275,60,15.0013,11,5,3,False,True,False,False,True,False,False,False,179
0,1,23.78,27.275,60,15.0013,12,5,3,False,True,False,False,True,False,False,False,207
0,1,25.42,31.06,57,19.9995,13,5,3,False,True,False,False,False,True,False,False,218
0,1,25.42,30.305,61,15.0013,14,5,3,False,True,False,False,False,True,False,False,191
0,1,26.24,31.06,53,16.9979,15,5,3,False,True,False,False,False,True,False,False,217
0,1,26.24,31.06,57,16.9979,16,5,3,False,True,False,False,False,True,False,False,288
0,1,26.24,31.06,57,12.998,17,5,3,False,True,False,False,False,True,False,False,594
0,1,25.42,30.305,69,15.0013,18,5,3,False,True,False,False,True,False,False,False,527
0,1,24.6,30.305,64,12.998,19,5,3,False,True,False,False,False,True,False,False,364
0,1,24.6,30.305,64,12.998,20,5,3,False,True,False,False,True,False,False,False,276
0,1,22.96,26.515,83,8.9981,21,5,3,False,True,False,False,True,False,False,False,223
0,1,22.14,25.76,83,12.998,22,5,3,False,True,False,False,True,False,False,False,172
0,1,22.14,25.76,77,12.998,23,5,3,False,True,False,False,False,True,False,False,103
0,1,21.32,25.0,83,11.0014,0,5,4,False,True,False,False,False,True,False,False,52
0,1,21.32,25.0,83,11.0014,1,5,4,False,True,False,False,True,False,False,False,20
0,1,20.5,24.24,88,8.9981,2,5,4,False,True,False,False,False,True,False,False,11
0,1,20.5,24.24,88,8.9981,3,5,4,False,True,False,False,False,True,False,False,4
0,1,20.5,24.24,88,11.0014,4,5,4,False,True,False,False,False,False,True,False,5
0,1,20.5,24.24,88,12.998,5,5,4,False,True,False,False,False,True,False,False,25
0,1,20.5,24.24,88,8.9981,6,5,4,False,True,False,False,False,False,True,False,82
0,1,20.5,24.24,88,11.0014,7,5,4,False,True,False,False,False,False,True,False,157
0,1,20.5,24.24,88,12.998,8,5,4,False,True,False,False,False,True,False,False,387
0,1,20.5,24.24,88,12.998,9,5,4,False,True,False,False,False,True,False,False,233
0,1,21.32,25.0,83,8.9981,10,5,4,False,True,False,False,False,True,False,False,130
0,1,21.32,25.0,83,11.0014,11,5,4,False,True,False,False,False,True,False,False,146
0,1,21.32,25.0,88,12.998,12,5,4,False,True,False,False,False,True,False,False,223
0,1,21.32,25.0,88,26.0027,13,5,4,False,True,False,False,False,True,False,False,226
0,1,21.32,25.0,87,19.0012,14,5,4,False,True,False,False,False,True,False,False,190
0,1,21.32,25.0,88,11.0014,15,5,4,False,True,False,False,False,True,False,False,198
0,1,21.32,25.0,88,8.9981,16,5,4,False,True,False,False,False,True,False,False,300
0,1,21.32,25.0,88,11.0014,17,5,4,False,True,False,False,False,False,True,False,491
0,1,21.32,25.0,88,11.0014,18,5,4,False,True,False,False,False,False,True,False,398
0,1,21.32,25.0,83,12.998,19,5,4,False,True,False,False,False,True,False,False,270
0,1,21.32,25.0,83,8.9981,20,5,4,False,True,False,False,False,True,False,False,152
0,1,21.32,25.0,84,11.0014,21,5,4,False,True,False,False,False,True,False,False,154
0,1,21.32,25.0,83,15.0013,22,5,4,False,True,False,False,False,True,False,False,132
0,1,20.5,24.24,88,11.0014,23,5,4,False,True,False,False,False,False,True,False,119
0,0,20.5,24.24,88,8.9981,0,5,5,False,True,False,False,False,True,False,False,102
0,0,20.5,24.24,88,8.9981,1,5,5,False,True,False,False,False,True,False,False,82
0,0,20.5,24.24,88,8.9981,2,5,5,False,True,False,False,False,True,False,False,52
0,0,20.5,24.24,88,8.9981,3,5,5,False,True,False,False,False,True,False,False,35
0,0,20.5,24.24,82,11.0014,4,5,5,False,True,False,False,False,True,False,False,5
0,0,20.5,24.24,82,7.0015,5,5,5,False,True,False,False,False,True,False,False,14
0,0,20.5,24.24,88,7.0015,6,5,5,False,True,False,False,False,True,False,False,11
0,0,19.68,23.485,100,0.0,7,5,5,False,True,False,False,False,False,True,False,32
0,0,20.5,24.24,94,0.0,8,5,5,False,True,False,False,False,False,True,False,88
0,0,21.32,25.0,94,6.0032,9,5,5,False,True,False,False,False,True,False,False,100
0,0,21.32,25.0,94,11.0014,10,5,5,False,True,False,False,False,True,False,False,167
0,0,21.32,25.0,94,8.9981,11,5,5,False,True,False,False,False,True,False,False,279
0,0,21.32,25.0,100,6.0032,12,5,5,False,True,False,False,False,False,True,False,279
0,0,21.32,25.0,100,6.0032,13,5,5,False,True,False,False,False,False,True,False,248
0,0,22.14,25.76,94,8.9981,14,5,5,False,True,False,False,False,True,False,False,216
0,0,22.14,25.76,94,11.0014,15,5,5,False,True,False,False,False,True,False,False,294
0,0,22.14,25.76,94,12.998,16,5,5,False,True,False,False,False,True,False,False,295
0,0,22.96,26.515,88,12.998,17,5,5,False,True,False,False,False,True,False,False,272
0,0,22.96,26.515,88,15.0013,18,5,5,False,True,False,False,False,True,False,False,304
0,0,22.14,25.76,94,8.9981,19,5,5,False,True,False,False,False,False,True,False,248
0,0,22.14,25.76,94,8.9981,20,5,5,False,True,False,False,False,False,True,False,157
0,0,22.14,25.76,94,15.0013,21,5,5,False,True,False,False,False,False,True,False,59
0,0,22.14,25.76,94,11.0014,22,5,5,False,True,False,False,False,False,True,False,26
0,0,21.32,25.0,100,12.998,23,5,5,False,True,False,False,False,False,True,False,44
0,0,21.32,25.0,100,0.0,0,5,6,False,True,False,False,False,True,False,False,39
0,0,21.32,25.0,100,7.0015,1,5,6,False,True,False,False,False,True,False,False,47
0,0,21.32,25.0,100,8.9981,2,5,6,False,True,False,False,False,True,False,False,50
0,0,21.32,25.0,100,0.0,3,5,6,False,True,False,False,False,True,False,False,32
0,0,21.32,25.0,100,0.0,4,5,6,False,True,False,False,False,True,False,False,13
0,0,21.32,25.0,100,7.0015,5,5,6,False,True,False,False,False,False,True,False,14
0,0,21.32,25.0,100,8.9981,6,5,6,False,True,False,False,False,True,False,False,17
0,0,21.32,25.0,100,8.9981,7,5,6,False,True,False,False,False,True,False,False,42
0,0,22.14,25.76,94,8.9981,8,5,6,False,True,False,False,False,True,False,False,70
0,0,23.78,27.275,83,16.9979,9,5,6,False,True,False,False,True,False,False,False,134
0,0,23.78,27.275,83,15.0013,10,5,6,False,True,False,False,True,False,False,False,226
0,0,24.6,28.79,78,15.0013,11,5,6,False,True,False,False,True,False,False,False,322
0,0,25.42,29.545,73,19.9995,12,5,6,False,True,False,False,True,False,False,False,367
0,0,25.42,29.545,73,19.0012,13,5,6,False,True,False,False,True,False,False,False,456
0,0,26.24,30.305,73,12.998,14,5,6,False,True,False,False,True,False,False,False,437
0,0,27.06,31.06,69,16.9979,15,5,6,False,True,False,False,True,False,False,False,459
0,0,26.24,30.305,69,16.9979,16,5,6,False,True,False,False,True,False,False,False,440
0,0,22.96,26.515,78,23.9994,17,5,6,False,True,False,False,False,False,True,False,392
0,0,22.96,26.515,78,16.9979,18,5,6,False,True,False,False,True,False,False,False,237
0,0,22.96,26.515,83,7.0015,19,5,6,False,True,False,False,True,False,False,False,231
0,0,22.14,25.76,88,0.0,20,5,6,False,True,False,False,True,False,False,False,191
0,0,22.14,25.76,88,0.0,21,5,6,False,True,False,False,True,False,False,False,151
0,0,22.96,26.515,83,0.0,22,5,6,False,True,False,False,True,False,False,False,117
0,0,22.14,25.76,88,15.0013,23,5,6,False,True,False,False,True,False,False,False,69
0,1,21.32,25.0,94,7.0015,0,5,0,False,True,False,False,True,False,False,False,38
0,1,21.32,25.0,94,8.9981,1,5,0,False,True,False,False,True,False,False,False,14
0,1,20.5,24.24,100,6.0032,2,5,0,False,True,False,False,True,False,False,False,13
0,1,20.5,24.24,94,11.0014,3,5,0,False,True,False,False,True,False,False,False,4
0,1,20.5,24.24,100,8.9981,4,5,0,False,True,False,False,True,False,False,False,6
0,1,20.5,24.24,93,12.998,5,5,0,False,True,False,False,True,False,False,False,21
0,1,21.32,25.0,88,11.0014,6,5,0,False,True,False,False,True,False,False,False,104
0,1,21.32,25.0,83,19.0012,7,5,0,False,True,False,False,True,False,False,False,272
0,1,22.96,26.515,73,19.9995,8,5,0,False,True,False,False,True,False,False,False,394
0,1,24.6,29.545,69,12.998,9,5,0,False,True,False,False,True,False,False,False,194
0,1,25.42,30.305,65,6.0032,10,5,0,False,True,False,False,True,False,False,False,112
0,1,26.24,31.06,57,0.0,11,5,0,False,True,False,False,True,False,False,False,185
0,1,27.06,31.06,54,6.0032,12,5,0,False,True,False,False,True,False,False,False,209
0,1,27.88,31.82,51,0.0,13,5,0,False,True,False,False,True,False,False,False,214
0,1,27.88,31.82,51,0.0,14,5,0,False,True,False,False,True,False,False,False,193
0,1,29.52,33.335,51,0.0,15,5,0,False,True,False,False,True,False,False,False,165
0,1,24.6,28.79,78,16.9979,16,5,0,False,True,False,False,False,False,True,False,226
0,1,23.78,27.275,88,15.0013,17,5,0,False,True,False,False,True,False,False,False,274
0,1,23.78,27.275,83,12.998,18,5,0,False,True,False,False,False,False,True,False,453
0,1,23.78,27.275,83,16.9979,19,5,0,False,True,False,False,True,False,False,False,308
0,1,23.78,27.275,83,0.0,20,5,0,False,True,False,False,True,False,False,False,198
0,1,23.78,27.275,83,0.0,21,5,0,False,True,False,False,True,False,False,False,177
0,1,22.96,26.515,88,6.0032,22,5,0,False,True,False,False,True,False,False,False,127
0,1,22.96,26.515,88,6.0032,23,5,0,False,True,False,False,True,False,False,False,57
0,1,22.96,26.515,88,0.0,0,5,1,False,True,False,False,False,True,False,False,31
0,1,22.96,26.515,88,0.0,1,5,1,False,True,False,False,False,False,True,False,13
0,1,22.96,26.515,88,0.0,2,5,1,False,True,False,False,False,False,True,False,8
0,1,22.14,25.76,94,16.9979,3,5,1,False,True,False,False,False,False,True,False,4
0,1,22.14,25.76,94,16.9979,4,5,1,False,True,False,False,False,False,True,False,4
0,1,21.32,25.0,94,16.9979,5,5,1,False,True,False,False,False,False,True,False,22
0,1,21.32,25.0,94,16.9979,6,5,1,False,True,False,False,False,False,True,False,49
0,1,21.32,25.0,94,16.9979,7,5,1,False,True,False,False,False,True,False,False,151
0,1,21.32,25.0,94,19.9995,8,5,1,False,True,False,False,False,True,False,False,347
0,1,22.14,25.76,88,16.9979,9,5,1,False,True,False,False,False,True,False,False,207
0,1,22.14,25.76,88,16.9979,10,5,1,False,True,False,False,False,False,True,False,104
0,1,22.96,26.515,83,27.9993,11,5,1,False,True,False,False,False,True,False,False,130
0,1,22.96,26.515,83,27.9993,12,5,1,False,True,False,False,False,False,True,False,153
0,1,22.96,26.515,88,22.0028,13,5,1,False,True,False,False,False,True,False,False,172
0,1,25.42,29.545,73,31.0009,14,5,1,False,True,False,False,True,False,False,False,184
0,1,25.42,30.305,69,30.0026,15,5,1,False,True,False,False,True,False,False,False,210
0,1,25.42,30.305,61,22.0028,16,5,1,False,True,False,False,True,False,False,False,290
0,1,25.42,30.305,65,27.9993,17,5,1,False,True,False,False,True,False,False,False,604
0,1,24.6,29.545,69,19.9995,18,5,1,False,True,False,False,True,False,False,False,480
0,1,24.6,29.545,69,16.9979,19,5,1,False,True,False,False,True,False,False,False,349
0,1,23.78,27.275,83,27.9993,20,5,1,False,True,False,False,True,False,False,False,283
0,1,22.14,25.76,88,16.9979,21,5,1,False,True,False,False,True,False,False,False,174
0,1,22.14,25.76,88,19.0012,22,5,1,False,True,False,False,False,True,False,False,98
0,1,22.14,25.76,88,16.9979,23,5,1,False,True,False,False,False,True,False,False,56
0,1,22.14,25.76,88,15.0013,0,5,2,False,True,False,False,False,True,False,False,23
0,1,22.14,25.76,88,16.9979,1,5,2,False,True,False,False,False,True,False,False,12
0,1,21.32,25.0,94,15.0013,2,5,2,False,True,False,False,False,False,True,False,6
0,1,21.32,25.0,94,19.9995,3,5,2,False,True,False,False,False,False,True,False,9
0,1,21.32,25.0,94,19.9995,4,5,2,False,True,False,False,False,False,True,False,3
0,1,21.32,25.0,100,15.0013,5,5,2,False,True,False,False,True,False,False,False,9
0,1,21.32,25.0,100,8.9981,6,5,2,False,True,False,False,True,False,False,False,101
0,1,22.14,25.76,88,12.998,7,5,2,False,True,False,False,True,False,False,False,274
0,1,22.96,26.515,88,19.0012,8,5,2,False,True,False,False,True,False,False,False,453
0,1,22.96,26.515,83,16.9979,9,5,2,False,True,False,False,False,False,True,False,202
0,1,22.14,25.76,88,19.0012,10,5,2,False,True,False,False,False,False,True,False,106
0,1,22.14,25.76,94,6.0032,11,5,2,False,True,False,False,False,True,False,False,23
0,1,22.96,26.515,94,19.9995,12,5,2,False,True,False,False,True,False,False,False,54
0,1,22.96,26.515,83,22.0028,13,5,2,False,True,False,False,False,True,False,False,122
0,1,23.78,27.275,78,19.0012,14,5,2,False,True,False,False,False,True,False,False,138
0,1,24.6,28.79,78,16.9979,15,5,2,False,True,False,False,True,False,False,False,167
0,1,24.6,29.545,73,12.998,16,5,2,False,True,False,False,True,False,False,False,294
0,1,24.6,29.545,69,8.9981,17,5,2,False,True,False,False,True,False,False,False,565
0,1,24.6,29.545,73,15.0013,18,5,2,False,True,False,False,True,False,False,False,489
0,1,22.96,26.515,88,8.9981,19,5,2,False,True,False,False,False,False,True,False,331
0,1,22.96,26.515,88,8.9981,20,5,2,False,True,False,False,False,False,True,False,213
0,1,21.32,25.0,88,0.0,21,5,2,False,True,False,False,True,False,False,False,85
0,1,21.32,25.0,83,0.0,22,5,2,False,True,False,False,True,False,False,False,117
0,1,21.32,25.0,94,6.0032,23,5,2,False,True,False,False,True,False,False,False,59
0,1,21.32,25.0,94,7.0015,0,5,3,False,True,False,False,True,False,False,False,29
0,1,20.5,24.24,94,0.0,1,5,3,False,True,False,False,True,False,False,False,6
0,1,20.5,24.24,94,0.0,2,5,3,False,True,False,False,True,False,False,False,15
0,1,19.68,23.485,100,0.0,3,5,3,False,True,False,False,True,False,False,False,4
0,1,19.68,23.485,94,0.0,4,5,3,False,True,False,False,True,False,False,False,5
0,1,19.68,23.485,94,0.0,5,5,3,False,True,False,False,True,False,False,False,26
0,1,20.5,24.24,94,0.0,6,5,3,False,True,False,False,False,True,False,False,103
0,1,20.5,24.24,100,0.0,7,5,3,False,True,False,False,False,True,False,False,257
0,1,21.32,25.0,88,0.0,8,5,3,False,True,False,False,False,True,False,False,487
0,1,22.14,25.76,88,6.0032,9,5,3,False,True,False,False,False,True,False,False,216
0,1,22.14,25.76,83,0.0,10,5,3,False,True,False,False,False,True,False,False,130
0,1,22.14,25.76,88,11.0014,11,5,3,False,True,False,False,False,False,True,False,164
0,1,23.78,27.275,78,7.0015,12,5,3,False,True,False,False,False,True,False,False,168
0,1,23.78,27.275,64,16.9979,13,5,3,False,True,False,False,False,False,True,False,183
0,1,22.14,25.76,73,12.998,14,5,3,False,True,False,False,False,False,True,False,180
0,1,22.96,26.515,78,11.0014,15,5,3,False,True,False,False,True,False,False,False,188
0,1,23.78,27.275,64,12.998,16,5,3,False,True,False,False,True,False,False,False,302
0,1,22.96,26.515,78,11.0014,17,5,3,False,True,False,False,True,False,False,False,547
0,1,24.6,31.06,55,11.0014,18,5,3,False,True,False,False,True,False,False,False,513
0,1,23.78,27.275,60,8.9981,19,5,3,False,True,False,False,True,False,False,False,410
0,1,22.14,25.76,77,19.0012,20,5,3,False,True,False,False,True,False,False,False,282
0,1,22.14,25.76,77,19.0012,21,5,3,False,True,False,False,True,False,False,False,209
0,1,20.5,24.24,82,19.9995,22,5,3,False,True,False,False,False,False,True,False,79
0,1,19.68,23.485,94,0.0,23,5,3,False,True,False,False,True,False,False,False,72
0,1,28.7,33.335,79,11.0014,0,6,2,False,True,False,False,True,False,False,False,34
0,1,28.7,33.335,84,16.9979,1,6,2,False,True,False,False,True,False,False,False,17
0,1,28.7,33.335,79,11.0014,2,6,2,False,True,False,False,True,False,False,False,3
0,1,27.88,31.82,89,12.998,3,6,2,False,True,False,False,True,False,False,False,6
0,1,27.88,31.82,89,15.0013,4,6,2,False,True,False,False,False,True,False,False,4
0,1,27.06,29.545,89,6.0032,5,6,2,False,True,False,False,False,True,False,False,21
0,1,27.88,31.82,89,6.0032,6,6,2,False,True,False,False,False,True,False,False,128
0,1,28.7,33.335,79,11.0014,7,6,2,False,True,False,False,False,True,False,False,284
0,1,29.52,34.85,79,12.998,8,6,2,False,True,False,False,False,True,False,False,454
0,1,30.34,35.605,74,15.0013,9,6,2,False,True,False,False,False,True,False,False,207
0,1,31.16,37.12,75,16.9979,10,6,2,False,True,False,False,False,True,False,False,115
0,1,33.62,40.15,59,15.0013,11,6,2,False,True,False,False,False,True,False,False,112
0,1,35.26,41.665,53,0.0,12,6,2,False,True,False,False,True,False,False,False,169
0,1,36.9,40.91,37,12.998,13,6,2,False,True,False,False,True,False,False,False,154
0,1,36.9,40.91,37,16.9979,14,6,2,False,True,False,False,True,False,False,False,145
0,1,36.9,41.665,39,19.9995,15,6,2,False,True,False,False,True,False,False,False,152
0,1,35.26,40.15,47,19.9995,16,6,2,False,True,False,False,True,False,False,False,266
0,1,35.26,40.15,47,19.9995,17,6,2,False,True,False,False,True,False,False,False,486
0,1,33.62,39.395,56,26.0027,18,6,2,False,True,False,False,False,False,True,False,309
0,1,30.34,35.605,79,11.0014,19,6,2,False,True,False,False,False,True,False,False,264
0,1,30.34,35.605,79,16.9979,20,6,2,False,True,False,False,False,True,False,False,256
0,1,30.34,34.85,70,19.0012,21,6,2,False,True,False,False,True,False,False,False,190
0,1,30.34,34.85,66,8.9981,22,6,2,False,True,False,False,True,False,False,False,129
0,1,30.34,33.335,51,11.0014,23,6,2,False,True,False,False,True,False,False,False,69
0,1,30.34,32.575,40,23.9994,0,6,3,False,True,False,False,True,False,False,False,42
0,1,29.52,32.575,38,7.0015,1,6,3,False,True,False,False,True,False,False,False,15
0,1,28.7,31.82,39,0.0,2,6,3,False,True,False,False,True,False,False,False,6
0,1,27.06,31.06,44,7.0015,3,6,3,False,True,False,False,True,False,False,False,4
0,1,27.06,31.06,41,12.998,4,6,3,False,True,False,False,True,False,False,False,3
0,1,27.06,31.06,39,15.0013,5,6,3,False,True,False,False,True,False,False,False,31
0,1,27.06,31.06,39,8.9981,6,6,3,False,True,False,False,True,False,False,False,113
0,1,28.7,31.82,34,16.9979,7,6,3,False,True,False,False,True,False,False,False,304
0,1,28.7,31.82,32,19.9995,8,6,3,False,True,False,False,True,False,False,False,467
0,1,29.52,31.82,26,23.9994,9,6,3,False,True,False,False,True,False,False,False,225
0,1,29.52,32.575,28,32.9975,10,6,3,False,True,False,False,True,False,False,False,139
0,1,30.34,32.575,28,26.0027,11,6,3,False,True,False,False,True,False,False,False,165
0,1,31.16,33.335,25,31.0009,12,6,3,False,True,False,False,True,False,False,False,232
0,1,32.8,34.09,24,23.9994,13,6,3,False,True,False,False,True,False,False,False,203
0,1,31.98,33.335,24,22.0028,14,6,3,False,True,False,False,True,False,False,False,185
0,1,32.8,34.09,21,26.0027,15,6,3,False,True,False,False,True,False,False,False,188
0,1,32.8,34.09,22,32.9975,16,6,3,False,True,False,False,True,False,False,False,318
0,1,31.16,32.575,20,35.0008,17,6,3,False,True,False,False,True,False,False,False,572
0,1,30.34,32.575,22,26.0027,18,6,3,False,True,False,False,True,False,False,False,525
0,1,29.52,31.82,23,19.9995,19,6,3,False,True,False,False,True,False,False,False,379
0,1,28.7,31.82,24,12.998,20,6,3,False,True,False,False,True,False,False,False,337
0,1,27.06,31.06,31,12.998,21,6,3,False,True,False,False,True,False,False,False,248
0,1,26.24,31.06,33,16.9979,22,6,3,False,True,False,False,True,False,False,False,155
0,1,25.42,31.06,35,15.0013,23,6,3,False,True,False,False,True,False,False,False,112
0,1,25.42,31.06,38,19.0012,0,6,4,False,True,False,False,True,False,False,False,68
0,1,24.6,31.06,38,23.9994,1,6,4,False,True,False,False,True,False,False,False,22
0,1,22.96,26.515,43,15.0013,2,6,4,False,True,False,False,True,False,False,False,12
0,1,22.14,25.76,49,15.0013,3,6,4,False,True,False,False,True,False,False,False,5
0,1,21.32,25.0,48,22.0028,4,6,4,False,True,False,False,True,False,False,False,6
0,1,21.32,25.0,48,23.9994,5,6,4,False,True,False,False,True,False,False,False,28
0,1,22.14,25.76,45,19.9995,6,6,4,False,True,False,False,True,False,False,False,106
0,1,22.14,25.76,45,16.9979,7,6,4,False,True,False,False,True,False,False,False,277
0,1,22.96,26.515,43,22.0028,8,6,4,False,True,False,False,False,True,False,False,502
0,1,23.78,27.275,40,11.0014,9,6,4,False,True,False,False,True,False,False,False,230
0,1,25.42,31.06,33,16.9979,10,6,4,False,True,False,False,True,False,False,False,161
0,1,26.24,31.06,31,22.0028,11,6,4,False,True,False,False,True,False,False,False,192
0,1,27.06,31.06,27,19.0012,12,6,4,False,True,False,False,True,False,False,False,259
0,1,27.88,31.06,26,16.9979,13,6,4,False,True,False,False,True,False,False,False,248
0,1,28.7,31.82,28,19.0012,14,6,4,False,True,False,False,True,False,False,False,240
0,1,28.7,31.82,28,19.0012,15,6,4,False,True,False,False,True,False,False,False,212
0,1,29.52,31.82,26,22.0028,16,6,4,False,True,False,False,True,False,False,False,349
0,1,29.52,31.82,25,19.0012,17,6,4,False,True,False,False,True,False,False,False,558
0,1,28.7,31.82,24,19.9995,18,6,4,False,True,False,False,True,False,False,False,564
0,1,27.88,31.06,26,19.0012,19,6,4,False,True,False,False,True,False,False,False,391
0,1,26.24,31.06,29,11.0014,20,6,4,False,True,False,False,True,False,False,False,293
0,1,26.24,31.06,29,7.0015,21,6,4,False,True,False,False,True,False,False,False,247
0,1,25.42,31.06,35,0.0,22,6,4,False,True,False,False,True,False,False,False,171
0,1,23.78,27.275,46,7.0015,23,6,4,False,True,False,False,True,False,False,False,171
0,0,22.96,26.515,52,0.0,0,6,5,False,True,False,False,True,False,False,False,93
0,0,22.14,25.76,64,7.0015,1,6,5,False,True,False,False,True,False,False,False,94
0,0,22.14,25.76,56,12.998,2,6,5,False,True,False,False,True,False,False,False,59
0,0,21.32,25.0,59,7.0015,3,6,5,False,True,False,False,True,False,False,False,18
0,0,21.32,25.0,59,6.0032,4,6,5,False,True,False,False,True,False,False,False,15
0,0,20.5,24.24,64,0.0,5,6,5,False,True,False,False,True,False,False,False,8
0,0,22.14,25.76,60,0.0,6,6,5,False,True,False,False,True,False,False,False,28
0,0,22.96,26.515,56,0.0,7,6,5,False,True,False,False,True,False,False,False,87
0,0,24.6,31.06,46,6.0032,8,6,5,False,True,False,False,True,False,False,False,125
0,0,25.42,31.06,43,8.9981,9,6,5,False,True,False,False,True,False,False,False,224
0,0,26.24,31.06,38,7.0015,10,6,5,False,True,False,False,True,False,False,False,317
0,0,27.06,31.06,36,8.9981,11,6,5,False,True,False,False,True,False,False,False,369
0,0,28.7,31.82,32,11.0014,12,6,5,False,True,False,False,True,False,False,False,420
0,0,30.34,32.575,28,8.9981,13,6,5,False,True,False,False,True,False,False,False,456
0,0,30.34,32.575,33,15.0013,14,6,5,False,True,False,False,True,False,False,False,451
0,0,30.34,32.575,27,27.9993,15,6,5,False,True,False,False,False,True,False,False,404
0,0,29.52,32.575,30,8.9981,16,6,5,False,True,False,False,False,True,False,False,440
0,0,29.52,32.575,34,16.9979,17,6,5,False,True,False,False,False,True,False,False,344
0,0,30.34,32.575,30,11.0014,18,6,5,False,True,False,False,False,True,False,False,341
0,0,28.7,31.82,39,6.0032,19,6,5,False,True,False,False,False,True,False,False,285
0,0,28.7,32.575,48,6.0032,20,6,5,False,True,False,False,False,True,False,False,239
0,0,27.06,31.06,47,7.0015,21,6,5,False,True,False,False,False,True,False,False,185
0,0,26.24,31.06,57,15.0013,22,6,5,False,True,False,False,True,False,False,False,190
0,0,26.24,31.06,57,0.0,23,6,5,False,True,False,False,False,True,False,False,150
0,0,26.24,31.06,57,6.0032,0,6,6,False,True,False,False,True,False,False,False,113
0,0,26.24,31.06,61,11.0014,1,6,6,False,True,False,False,False,True,False,False,96
0,0,26.24,31.06,61,11.0014,2,6,6,False,True,False,False,False,True,False,False,64
0,0,25.42,30.305,65,11.0014,3,6,6,False,True,False,False,False,True,False,False,47
0,0,25.42,30.305,65,11.0014,4,6,6,False,True,False,False,False,True,False,False,12
0,0,25.42,30.305,61,8.9981,5,6,6,False,True,False,False,False,True,False,False,6
0,0,25.42,30.305,61,7.0015,6,6,6,False,True,False,False,False,True,False,False,21
0,0,24.6,29.545,73,16.9979,7,6,6,False,True,False,False,False,True,False,False,27
0,0,24.6,29.545,73,16.9979,8,6,6,False,True,False,False,False,True,False,False,98
0,0,24.6,28.79,78,12.998,9,6,6,False,True,False,False,False,True,False,False,164
0,0,25.42,29.545,73,6.0032,10,6,6,False,True,False,False,False,True,False,False,251
0,0,26.24,30.305,69,7.0015,11,6,6,False,True,False,False,False,True,False,False,335
0,0,26.24,30.305,69,7.0015,12,6,6,False,True,False,False,False,True,False,False,335
0,0,27.06,31.06,65,7.0015,13,6,6,False,True,False,False,True,False,False,False,367
0,0,28.7,32.575,58,11.0014,14,6,6,False,True,False,False,True,False,False,False,385
0,0,28.7,32.575,54,0.0,15,6,6,False,True,False,False,True,False,False,False,417
0,0,29.52,33.335,51,6.0032,16,6,6,False,True,False,False,True,False,False,False,398
0,0,30.34,33.335,51,0.0,17,6,6,False,True,False,False,True,False,False,False,390
0,0,28.7,32.575,58,7.0015,18,6,6,False,True,False,False,True,False,False,False,363
0,0,27.88,31.82,65,11.0014,19,6,6,False,True,False,False,True,False,False,False,357
0,0,27.06,31.06,69,12.998,20,6,6,False,True,False,False,True,False,False,False,279
0,0,26.24,30.305,73,11.0014,21,6,6,False,True,False,False,True,False,False,False,165
0,0,26.24,29.545,78,15.0013,22,6,6,False,True,False,False,True,False,False,False,130
0,0,25.42,29.545,78,8.9981,23,6,6,False,True,False,False,True,False,False,False,86
0,1,25.42,29.545,78,8.9981,0,6,0,False,True,False,False,True,False,False,False,29
0,1,24.6,28.03,83,8.9981,1,6,0,False,True,False,False,True,False,False,False,14
0,1,23.78,27.275,88,7.0015,2,6,0,False,True,False,False,True,False,False,False,8
0,1,23.78,27.275,88,0.0,3,6,0,False,True,False,False,True,False,False,False,5
0,1,22.96,26.515,94,7.0015,4,6,0,False,True,False,False,True,False,False,False,8
0,1,22.96,26.515,88,6.0032,5,6,0,False,True,False,False,True,False,False,False,31
0,1,23.78,27.275,88,0.0,6,6,0,False,True,False,False,True,False,False,False,112
0,1,25.42,29.545,78,7.0015,7,6,0,False,True,False,False,True,False,False,False,299
0,1,26.24,30.305,73,6.0032,8,6,0,False,True,False,False,True,False,False,False,438
0,1,28.7,32.575,58,11.0014,9,6,0,False,True,False,False,True,False,False,False,188
0,1,29.52,33.335,51,15.0013,10,6,0,False,True,False,False,True,False,False,False,95
0,1,30.34,33.335,42,8.9981,11,6,0,False,True,False,False,True,False,False,False,111
0,1,31.16,33.335,37,11.0014,12,6,0,False,True,False,False,True,False,False,False,153
0,1,31.98,34.09,35,0.0,13,6,0,False,True,False,False,True,False,False,False,180
0,1,31.98,34.09,31,8.9981,14,6,0,False,True,False,False,True,False,False,False,145
0,1,32.8,34.85,29,12.998,15,6,0,False,True,False,False,True,False,False,False,165
0,1,31.16,33.335,33,8.9981,16,6,0,False,True,False,False,True,False,False,False,267
0,1,31.98,34.09,33,19.0012,17,6,0,False,True,False,False,True,False,False,False,579
0,1,31.16,33.335,31,8.9981,18,6,0,False,True,False,False,True,False,False,False,556
0,1,29.52,33.335,54,12.998,19,6,0,False,True,False,False,True,False,False,False,407
0,1,27.88,31.82,61,8.9981,20,6,0,False,True,False,False,True,False,False,False,336
0,1,27.06,31.06,57,6.0032,21,6,0,False,True,False,False,True,False,False,False,189
0,1,27.06,31.06,61,6.0032,22,6,0,False,True,False,False,True,False,False,False,173
0,1,26.24,30.305,69,6.0032,23,6,0,False,True,False,False,True,False,False,False,60
0,1,26.24,30.305,65,6.0032,0,6,1,False,True,False,False,True,False,False,False,20
0,1,25.42,30.305,69,8.9981,1,6,1,False,True,False,False,True,False,False,False,4
0,1,24.6,29.545,73,6.0032,2,6,1,False,True,False,False,True,False,False,False,5
0,1,24.6,29.545,73,6.0032,3,6,1,False,True,False,False,True,False,False,False,2
0,1,23.78,27.275,83,8.9981,4,6,1,False,True,False,False,True,False,False,False,5
0,1,23.78,27.275,88,11.0014,5,6,1,False,True,False,False,True,False,False,False,32
0,1,24.6,28.79,78,8.9981,6,6,1,False,True,False,False,True,False,False,False,126
0,1,26.24,30.305,69,12.998,7,6,1,False,True,False,False,False,True,False,False,334
0,1,27.88,31.82,61,8.9981,8,6,1,False,True,False,False,False,True,False,False,477
0,1,29.52,33.335,58,15.0013,9,6,1,False,True,False,False,False,True,False,False,217
0,1,31.16,34.09,48,12.998,10,6,1,False,True,False,False,False,True,False,False,123
0,1,31.16,34.85,52,16.9979,11,6,1,False,True,False,False,False,True,False,False,151
0,1,32.8,36.365,46,19.0012,12,6,1,False,True,False,False,False,True,False,False,183
0,1,32.8,36.365,43,16.9979,13,6,1,False,True,False,False,False,True,False,False,196
0,1,32.8,36.365,43,19.0012,14,6,1,False,True,False,False,False,True,False,False,146
0,1,33.62,37.12,41,22.0028,15,6,1,False,True,False,False,False,True,False,False,183
0,1,32.8,35.605,38,15.0013,16,6,1,False,True,False,False,True,False,False,False,308
0,1,32.8,36.365,43,16.9979,17,6,1,False,True,False,False,True,False,False,False,539
0,1,31.98,34.85,46,19.0012,18,6,1,False,True,False,False,True,False,False,False,551
0,1,31.16,34.09,48,16.9979,19,6,1,False,True,False,False,True,False,False,False,424
0,1,30.34,34.09,56,8.9981,20,6,1,False,True,False,False,True,False,False,False,346
0,1,29.52,34.09,70,8.9981,21,6,1,False,True,False,False,True,False,False,False,218
0,1,28.7,32.575,65,8.9981,22,6,1,False,True,False,False,True,False,False,False,153
0,1,27.88,31.82,79,7.0015,23,6,1,False,True,False,False,True,False,False,False,90
0,1,27.06,29.545,89,8.9981,0,6,2,False,True,False,False,True,False,False,False,41
0,1,27.06,30.305,78,0.0,1,6,2,False,True,False,False,True,False,False,False,23
0,1,26.24,28.79,89,6.0032,2,6,2,False,True,False,False,True,False,False,False,7
0,1,26.24,28.79,89,6.0032,3,6,2,False,True,False,False,True,False,False,False,3
0,1,25.42,28.79,83,0.0,4,6,2,False,True,False,False,True,False,False,False,6
0,1,25.42,28.03,88,0.0,5,6,2,False,True,False,False,True,False,False,False,21
0,1,26.24,28.79,89,8.9981,6,6,2,False,True,False,False,True,False,False,False,116
0,1,27.06,31.06,74,7.0015,7,6,2,False,True,False,False,True,False,False,False,353
0,1,31.16,35.605,58,11.0014,8,6,2,False,True,False,False,True,False,False,False,481
0,1,31.16,35.605,58,11.0014,9,6,2,False,True,False,False,True,False,False,False,202
0,1,33.62,37.12,43,15.0013,10,6,2,False,True,False,False,True,False,False,False,90
0,1,34.44,37.88,41,12.998,11,6,2,False,True,False,False,True,False,False,False,134
0,1,36.08,40.91,42,8.9981,12,6,2,False,True,False,False,True,False,False,False,149
0,1,36.9,42.425,42,0.0,13,6,2,False,True,False,False,True,False,False,False,136
0,1,37.72,43.94,40,16.9979,14,6,2,False,True,False,False,True,False,False,False,155
0,1,37.72,43.94,40,11.0014,15,6,2,False,True,False,False,True,False,False,False,128
0,1,37.72,43.94,40,15.0013,16,6,2,False,True,False,False,True,False,False,False,233
0,1,37.72,42.425,35,15.0013,17,6,2,False,True,False,False,True,False,False,False,506
0,1,36.9,40.91,37,15.0013,18,6,2,False,True,False,False,True,False,False,False,459
0,1,33.62,40.15,59,8.9981,19,6,2,False,True,False,False,True,False,False,False,384
0,1,32.8,39.395,63,8.9981,20,6,2,False,True,False,False,True,False,False,False,280
0,1,32.8,40.15,66,8.9981,21,6,2,False,True,False,False,True,False,False,False,202
0,1,31.16,37.12,75,11.0014,22,6,2,False,True,False,False,True,False,False,False,176
0,1,31.16,37.12,75,12.998,23,6,2,False,True,False,False,True,False,False,False,116
0,1,30.34,35.605,79,8.9981,0,6,3,False,True,False,False,False,True,False,False,47
0,1,30.34,35.605,79,7.0015,1,6,3,False,True,False,False,True,False,False,False,16
0,1,29.52,35.605,84,11.0014,2,6,3,False,True,False,False,False,True,False,False,6
0,1,29.52,35.605,84,7.0015,3,6,3,False,True,False,False,False,True,False,False,2
0,1,29.52,34.85,79,6.0032,4,6,3,False,True,False,False,False,True,False,False,6
0,1,28.7,33.335,84,0.0,5,6,3,False,True,False,False,False,True,False,False,20
0,1,29.52,35.605,84,6.0032,6,6,3,False,True,False,False,False,True,False,False,118
0,1,29.52,34.85,79,8.9981,7,6,3,False,True,False,False,False,True,False,False,314
0,1,31.16,36.365,70,7.0015,8,6,3,False,True,False,False,False,True,False,False,432
0,1,34.44,39.395,49,0.0,9,6,3,False,True,False,False,True,False,False,False,168
0,1,35.26,40.91,50,19.0012,10,6,3,False,True,False,False,True,False,False,False,94
0,1,36.9,42.425,42,15.0013,11,6,3,False,True,False,False,True,False,False,False,118
0,1,37.72,42.425,35,12.998,12,6,3,False,True,False,False,True,False,False,False,140
0,1,36.9,40.91,37,6.0032,13,6,3,False,True,False,False,True,False,False,False,136
0,1,37.72,43.94,40,12.998,14,6,3,False,True,False,False,True,False,False,False,118
0,1,38.54,41.665,31,11.0014,15,6,3,False,True,False,False,True,False,False,False,104
0,1,37.72,41.665,33,8.9981,16,6,3,False,True,False,False,True,False,False,False,200
0,1,36.9,40.91,37,16.9979,17,6,3,False,True,False,False,True,False,False,False,409
0,1,36.08,40.15,39,19.0012,18,6,3,False,True,False,False,True,False,False,False,466
0,1,34.44,37.12,39,22.0028,19,6,3,False,True,False,False,False,True,False,False,326
0,1,32.8,36.365,43,12.998,20,6,3,False,True,False,False,False,True,False,False,254
0,1,31.16,34.85,52,0.0,21,6,3,False,True,False,False,False,False,True,False,171
0,1,30.34,34.09,58,11.0014,22,6,3,False,True,False,False,False,True,False,False,153
0,1,30.34,34.85,57,11.0014,23,6,3,False,True,False,False,False,True,False,False,97
0,1,28.7,32.575,65,15.0013,0,6,4,False,True,False,False,False,False,True,False,69
0,1,28.7,32.575,65,15.0013,1,6,4,False,True,False,False,False,False,True,False,23
0,1,27.88,31.82,69,11.0014,2,6,4,False,True,False,False,True,False,False,False,13
0,1,27.88,31.82,69,11.0014,3,6,4,False,True,False,False,True,False,False,False,6
0,1,27.06,30.305,78,11.0014,4,6,4,False,True,False,False,True,False,False,False,4
0,1,27.06,30.305,78,11.0014,5,6,4,False,True,False,False,True,False,False,False,28
0,1,27.06,30.305,78,6.0032,6,6,4,False,True,False,False,True,False,False,False,104
0,1,29.52,34.09,66,7.0015,7,6,4,False,True,False,False,True,False,False,False,267
0,1,30.34,34.09,58,8.9981,8,6,4,False,True,False,False,True,False,False,False,452
0,1,31.16,34.85,55,0.0,9,6,4,False,True,False,False,True,False,False,False,213
0,1,31.98,35.605,52,0.0,10,6,4,False,True,False,False,True,False,False,False,111
0,1,33.62,37.88,46,0.0,11,6,4,False,True,False,False,True,False,False,False,153
0,1,34.44,37.88,44,8.9981,12,6,4,False,True,False,False,True,False,False,False,207
0,1,34.44,37.88,44,7.0015,13,6,4,False,True,False,False,True,False,False,False,189
0,1,35.26,38.635,39,0.0,14,6,4,False,True,False,False,True,False,False,False,165
0,1,34.44,37.88,44,7.0015,15,6,4,False,True,False,False,True,False,False,False,212
0,1,33.62,39.395,56,19.9995,16,6,4,False,True,False,False,True,False,False,False,285
0,1,33.62,38.635,52,15.0013,17,6,4,False,True,False,False,True,False,False,False,517
0,1,32.8,38.635,59,15.0013,18,6,4,False,True,False,False,True,False,False,False,463
0,1,31.98,37.12,59,12.998,19,6,4,False,True,False,False,True,False,False,False,306
0,1,31.16,35.605,62,7.0015,20,6,4,False,True,False,False,True,False,False,False,250
0,1,31.16,36.365,66,8.9981,21,6,4,False,True,False,False,True,False,False,False,218
0,1,29.52,34.85,74,16.9979,22,6,4,False,True,False,False,True,False,False,False,185
0,1,29.52,34.85,74,11.0014,23,6,4,False,True,False,False,True,False,False,False,146
0,0,28.7,33.335,79,8.9981,0,6,5,False,True,False,False,True,False,False,False,117
0,0,28.7,33.335,79,6.0032,1,6,5,False,True,False,False,True,False,False,False,77
0,0,28.7,33.335,79,7.0015,2,6,5,False,True,False,False,True,False,False,False,60
0,0,27.88,31.82,83,6.0032,3,6,5,False,True,False,False,True,False,False,False,28
0,0,27.88,31.82,79,6.0032,4,6,5,False,True,False,False,True,False,False,False,13
0,0,27.88,31.82,74,8.9981,5,6,5,False,True,False,False,True,False,False,False,16
0,0,28.7,32.575,61,8.9981,6,6,5,False,True,False,False,True,False,False,False,40
0,0,29.52,33.335,58,12.998,7,6,5,False,True,False,False,True,False,False,False,68
0,0,30.34,34.09,58,12.998,8,6,5,False,True,False,False,True,False,False,False,143
0,0,30.34,34.09,62,8.9981,9,6,5,False,True,False,False,True,False,False,False,230
0,0,30.34,34.09,58,11.0014,10,6,5,False,True,False,False,True,False,False,False,264
0,0,31.16,35.605,62,8.9981,11,6,5,False,True,False,False,True,False,False,False,325
0,0,32.8,37.88,55,15.0013,12,6,5,False,True,False,False,True,False,False,False,347
0,0,32.8,37.88,55,12.998,13,6,5,False,True,False,False,True,False,False,False,387
0,0,33.62,38.635,49,7.0015,14,6,5,False,True,False,False,True,False,False,False,380
0,0,33.62,38.635,49,7.0015,15,6,5,False,True,False,False,True,False,False,False,374
0,0,32.8,36.365,46,12.998,16,6,5,False,True,False,False,False,True,False,False,394
0,0,30.34,34.09,58,11.0014,17,6,5,False,True,False,False,False,True,False,False,337
0,0,29.52,34.09,62,8.9981,18,6,5,False,True,False,False,False,True,False,False,286
0,0,28.7,32.575,65,12.998,19,6,5,False,True,False,False,True,False,False,False,264
0,0,27.88,31.82,74,16.9979,20,6,5,False,True,False,False,True,False,False,False,275
0,0,27.06,31.06,74,15.0013,21,6,5,False,True,False,False,True,False,False,False,220
0,0,27.06,30.305,78,15.0013,22,6,5,False,True,False,False,True,False,False,False,190
0,0,27.06,31.06,74,7.0015,23,6,5,False,True,False,False,True,False,False,False,131
0,0,27.06,30.305,78,15.0013,0,6,6,False,True,False,False,True,False,False,False,119
0,0,26.24,28.79,83,7.0015,1,6,6,False,True,False,False,True,False,False,False,93
0,0,26.24,28.79,89,16.9979,2,6,6,False,True,False,False,True,False,False,False,66
0,0,26.24,28.79,89,19.0012,3,6,6,False,True,False,False,True,False,False,False,28
0,0,25.42,28.03,88,11.0014,4,6,6,False,True,False,False,True,False,False,False,14
0,0,25.42,28.03,88,15.0013,5,6,6,False,True,False,False,True,False,False,False,10
0,0,25.42,28.03,88,7.0015,6,6,6,False,True,False,False,True,False,False,False,14
0,0,26.24,29.545,78,7.0015,7,6,6,False,True,False,False,True,False,False,False,34
0,0,28.7,33.335,74,0.0,8,6,6,False,True,False,False,True,False,False,False,92
0,0,29.52,34.09,66,0.0,9,6,6,False,True,False,False,True,False,False,False,182
0,0,31.16,35.605,58,6.0032,10,6,6,False,True,False,False,True,False,False,False,311
0,0,31.98,36.365,55,7.0015,11,6,6,False,True,False,False,True,False,False,False,367
0,0,33.62,37.88,46,0.0,12,6,6,False,True,False,False,True,False,False,False,420
0,0,31.98,37.12,59,19.0012,13,6,6,False,True,False,False,True,False,False,False,373
0,0,33.62,39.395,56,16.9979,14,6,6,False,True,False,False,True,False,False,False,315
0,0,32.8,38.635,59,19.9995,15,6,6,False,True,False,False,True,False,False,False,360
0,0,27.88,31.82,83,19.0012,16,6,6,False,True,False,False,False,False,True,False,350
0,0,27.88,31.82,83,19.0012,17,6,6,False,True,False,False,False,False,True,False,252
0,0,28.7,33.335,74,11.0014,18,6,6,False,True,False,False,True,False,False,False,256
0,0,28.7,33.335,74,7.0015,19,6,6,False,True,False,False,True,False,False,False,223
0,0,27.06,30.305,83,11.0014,20,6,6,False,True,False,False,True,False,False,False,206
0,0,27.06,30.305,83,7.0015,21,6,6,False,True,False,False,True,False,False,False,140
0,0,26.24,28.79,83,8.9981,22,6,6,False,True,False,False,True,False,False,False,128
0,0,26.24,29.545,78,12.998,23,6,6,False,True,False,False,True,False,False,False,107
0,1,26.24,29.545,78,8.9981,0,6,0,False,True,False,False,True,False,False,False,28
0,1,26.24,30.305,73,15.0013,1,6,0,False,True,False,False,True,False,False,False,16
0,1,25.42,29.545,73,19.0012,2,6,0,False,True,False,False,True,False,False,False,10
0,1,24.6,30.305,60,32.9975,3,6,0,False,True,False,False,True,False,False,False,7
0,1,22.96,26.515,64,19.9995,4,6,0,False,True,False,False,True,False,False,False,4
0,1,22.14,25.76,64,26.0027,5,6,0,False,True,False,False,True,False,False,False,29
0,1,22.14,25.76,64,27.9993,6,6,0,False,True,False,False,True,False,False,False,105
0,1,22.96,26.515,56,23.9994,7,6,0,False,True,False,False,True,False,False,False,328
0,1,23.78,27.275,49,30.0026,8,6,0,False,True,False,False,True,False,False,False,476
0,1,25.42,31.06,46,23.9994,9,6,0,False,True,False,False,True,False,False,False,224
0,1,26.24,31.06,41,22.0028,10,6,0,False,True,False,False,True,False,False,False,118
0,1,27.06,31.06,41,19.9995,11,6,0,False,True,False,False,True,False,False,False,159
0,1,27.06,31.06,41,19.0012,12,6,0,False,True,False,False,True,False,False,False,196
0,1,28.7,31.82,37,0.0,13,6,0,False,True,False,False,True,False,False,False,227
0,1,28.7,31.82,34,16.9979,14,6,0,False,True,False,False,True,False,False,False,200
0,1,28.7,31.82,37,30.0026,15,6,0,False,True,False,False,True,False,False,False,185
0,1,28.7,31.82,37,27.9993,16,6,0,False,True,False,False,True,False,False,False,326
0,1,28.7,31.82,39,22.0028,17,6,0,False,True,False,False,True,False,False,False,601
0,1,28.7,31.82,37,23.9994,18,6,0,False,True,False,False,True,False,False,False,586
0,1,27.06,31.06,39,19.0012,19,6,0,False,True,False,False,True,False,False,False,423
0,1,26.24,31.06,44,16.9979,20,6,0,False,True,False,False,True,False,False,False,331
0,1,26.24,31.06,41,16.9979,21,6,0,False,True,False,False,True,False,False,False,218
0,1,25.42,31.06,46,15.0013,22,6,0,False,True,False,False,True,False,False,False,134
0,1,25.42,31.06,46,12.998,23,6,0,False,True,False,False,True,False,False,False,89
0,1,24.6,31.06,49,12.998,0,6,1,False,True,False,False,True,False,False,False,31
0,1,24.6,31.06,49,16.9979,1,6,1,False,True,False,False,True,False,False,False,13
0,1,24.6,31.06,49,19.0012,2,6,1,False,True,False,False,True,False,False,False,10
0,1,23.78,27.275,53,22.0028,3,6,1,False,True,False,False,True,False,False,False,2
0,1,22.14,25.76,60,16.9979,4,6,1,False,True,False,False,True,False,False,False,3
0,1,22.14,25.76,56,22.0028,5,6,1,False,True,False,False,True,False,False,False,26
0,1,22.14,25.76,56,19.9995,6,6,1,False,True,False,False,True,False,False,False,113
0,1,22.96,26.515,52,27.9993,7,6,1,False,True,False,False,True,False,False,False,365
0,1,23.78,27.275,49,26.0027,8,6,1,False,True,False,False,True,False,False,False,486
0,1,25.42,31.06,46,12.998,9,6,1,False,True,False,False,True,False,False,False,193
0,1,25.42,31.06,46,15.0013,10,6,1,False,True,False,False,True,False,False,False,130
0,1,26.24,31.06,41,19.0012,11,6,1,False,True,False,False,True,False,False,False,143
0,1,26.24,31.06,41,23.9994,12,6,1,False,True,False,False,True,False,False,False,169
0,1,26.24,31.06,44,15.0013,13,6,1,False,True,False,False,True,False,False,False,209
0,1,26.24,31.06,47,12.998,14,6,1,False,True,False,False,False,True,False,False,159
0,1,26.24,31.06,47,11.0014,15,6,1,False,True,False,False,True,False,False,False,178
0,1,27.88,31.82,41,12.998,16,6,1,False,True,False,False,True,False,False,False,330
0,1,26.24,31.06,50,19.0012,17,6,1,False,True,False,False,False,False,True,False,569
0,1,25.42,31.06,51,22.0028,18,6,1,False,True,False,False,True,False,False,False,538
0,1,26.24,31.06,50,23.9994,19,6,1,False,True,False,False,True,False,False,False,386
0,1,24.6,31.06,56,11.0014,20,6,1,False,True,False,False,True,False,False,False,297
0,1,24.6,31.06,56,19.9995,21,6,1,False,True,False,False,True,False,False,False,243
0,1,23.78,27.275,60,15.0013,22,6,1,False,True,False,False,True,False,False,False,188
0,1,22.96,26.515,68,15.0013,23,6,1,False,True,False,False,True,False,False,False,110
0,1,22.96,26.515,64,23.9994,0,6,2,False,True,False,False,True,False,False,False,52
0,1,22.14,25.76,64,19.0012,1,6,2,False,True,False,False,True,False,False,False,14
0,1,21.32,25.0,63,15.0013,2,6,2,False,True,False,False,True,False,False,False,9
0,1,20.5,24.24,68,16.9979,3,6,2,False,True,False,False,True,False,False,False,1
0,1,20.5,24.24,63,19.0012,4,6,2,False,True,False,False,True,False,False,False,4
0,1,19.68,23.485,67,19.0012,5,6,2,False,True,False,False,True,False,False,False,21
0,1,20.5,24.24,63,16.9979,6,6,2,False,True,False,False,True,False,False,False,121
0,1,22.14,25.76,60,8.9981,7,6,2,False,True,False,False,True,False,False,False,370
0,1,23.78,27.275,53,8.9981,8,6,2,False,True,False,False,True,False,False,False,498
0,1,24.6,31.06,49,0.0,9,6,2,False,True,False,False,True,False,False,False,207
0,1,26.24,31.06,47,11.0014,10,6,2,False,True,False,False,True,False,False,False,135
0,1,27.88,31.82,36,0.0,11,6,2,False,True,False,False,True,False,False,False,164
0,1,28.7,31.82,34,15.0013,12,6,2,False,True,False,False,True,False,False,False,211
0,1,30.34,32.575,28,19.0012,13,6,2,False,True,False,False,True,False,False,False,189
0,1,30.34,32.575,28,0.0,14,6,2,False,True,False,False,True,False,False,False,178
0,1,31.16,33.335,27,0.0,15,6,2,False,True,False,False,True,False,False,False,164
0,1,31.16,33.335,27,8.9981,16,6,2,False,True,False,False,True,False,False,False,312
0,1,30.34,32.575,28,7.0015,17,6,2,False,True,False,False,True,False,False,False,638
0,1,29.52,32.575,32,8.9981,18,6,2,False,True,False,False,True,False,False,False,607
0,1,28.7,31.82,37,19.0012,19,6,2,False,True,False,False,True,False,False,False,416
0,1,27.06,31.06,44,11.0014,20,6,2,False,True,False,False,True,False,False,False,330
0,1,26.24,31.06,47,15.0013,21,6,2,False,True,False,False,True,False,False,False,257
0,1,25.42,31.06,50,7.0015,22,6,2,False,True,False,False,True,False,False,False,175
0,1,25.42,31.06,53,0.0,23,6,2,False,True,False,False,True,False,False,False,107
0,1,24.6,31.06,56,7.0015,0,6,3,False,True,False,False,True,False,False,False,47
0,1,23.78,27.275,60,0.0,1,6,3,False,True,False,False,True,False,False,False,17
0,1,24.6,31.06,56,6.0032,2,6,3,False,True,False,False,True,False,False,False,5
0,1,22.96,26.515,73,6.0032,3,6,3,False,True,False,False,False,True,False,False,4
0,1,22.96,26.515,68,7.0015,4,6,3,False,True,False,False,False,True,False,False,6
0,1,24.6,30.305,64,12.998,5,6,3,False,True,False,False,True,False,False,False,25
0,1,23.78,27.275,73,11.0014,6,6,3,False,True,False,False,False,False,True,False,112
0,1,22.96,26.515,78,11.0014,7,6,3,False,True,False,False,False,False,True,False,188
0,1,24.6,29.545,69,8.9981,8,6,3,False,True,False,False,False,True,False,False,388
0,1,25.42,30.305,65,12.998,9,6,3,False,True,False,False,False,True,False,False,261
0,1,27.06,31.06,61,16.9979,10,6,3,False,True,False,False,False,True,False,False,121
0,1,27.88,31.82,61,19.9995,11,6,3,False,True,False,False,False,True,False,False,150
0,1,29.52,33.335,54,26.0027,12,6,3,False,True,False,False,True,False,False,False,206
0,1,29.52,33.335,54,16.9979,13,6,3,False,True,False,False,False,True,False,False,151
0,1,29.52,33.335,54,22.0028,14,6,3,False,True,False,False,False,True,False,False,153
0,1,28.7,32.575,61,19.9995,15,6,3,False,True,False,False,False,True,False,False,159
0,1,27.06,31.06,69,12.998,16,6,3,False,True,False,False,False,False,True,False,294
0,1,26.24,29.545,78,7.0015,17,6,3,False,True,False,False,False,True,False,False,272
0,1,26.24,28.79,83,15.0013,18,6,3,False,True,False,False,True,False,False,False,325
0,1,25.42,28.79,83,19.0012,19,6,3,False,True,False,False,True,False,False,False,327
0,1,25.42,28.79,83,22.0028,20,6,3,False,True,False,False,True,False,False,False,201
0,1,25.42,28.79,83,16.9979,21,6,3,False,True,False,False,False,False,True,False,188
0,1,25.42,28.79,83,16.9979,22,6,3,False,True,False,False,False,False,True,False,151
0,1,24.6,28.03,83,16.9979,23,6,3,False,True,False,False,False,False,True,False,16
0,1,22.96,26.515,88,6.0032,0,6,4,False,True,False,False,True,False,False,False,24
0,1,22.96,26.515,94,8.9981,1,6,4,False,True,False,False,True,False,False,False,23
0,1,22.96,26.515,94,7.0015,2,6,4,False,True,False,False,True,False,False,False,13
0,1,22.96,26.515,94,7.0015,3,6,4,False,True,False,False,True,False,False,False,6
0,1,22.14,25.76,94,8.9981,4,6,4,False,True,False,False,True,False,False,False,6
0,1,22.14,25.76,100,0.0,5,6,4,False,True,False,False,True,False,False,False,13
0,1,22.96,26.515,94,0.0,6,6,4,False,True,False,False,True,False,False,False,97
0,1,24.6,28.03,83,0.0,7,6,4,False,True,False,False,True,False,False,False,250
0,1,24.6,28.03,83,0.0,8,6,4,False,True,False,False,False,True,False,False,454
0,1,28.7,32.575,58,12.998,9,6,4,False,True,False,False,True,False,False,False,224
0,1,28.7,32.575,58,12.998,10,6,4,False,True,False,False,True,False,False,False,170
0,1,27.88,31.82,69,16.9979,11,6,4,False,True,False,False,True,False,False,False,181
0,1,28.7,32.575,65,16.9979,12,6,4,False,True,False,False,True,False,False,False,243
0,1,30.34,34.09,62,19.0012,13,6,4,False,True,False,False,True,False,False,False,204
0,1,31.16,34.85,52,12.998,14,6,4,False,True,False,False,True,False,False,False,215
0,1,31.98,34.85,43,15.0013,15,6,4,False,True,False,False,True,False,False,False,243
0,1,31.16,34.09,45,11.0014,16,6,4,False,True,False,False,True,False,False,False,355
0,1,31.16,34.09,40,12.998,17,6,4,False,True,False,False,False,False,True,False,552
0,1,31.16,34.09,40,12.998,18,6,4,False,True,False,False,False,False,True,False,450
0,1,26.24,28.79,83,16.9979,19,6,4,False,True,False,False,False,False,True,False,328
0,1,26.24,29.545,78,7.0015,20,6,4,False,True,False,False,True,False,False,False,232
0,1,26.24,29.545,78,6.0032,21,6,4,False,True,False,False,True,False,False,False,208
0,1,25.42,28.03,88,8.9981,22,6,4,False,True,False,False,True,False,False,False,175
0,1,25.42,28.79,83,8.9981,23,6,4,False,True,False,False,True,False,False,False,178
0,0,25.42,28.03,88,8.9981,0,6,5,False,True,False,False,True,False,False,False,104
0,0,25.42,28.79,83,7.0015,1,6,5,False,True,False,False,True,False,False,False,95
0,0,24.6,27.275,88,0.0,2,6,5,False,True,False,False,True,False,False,False,53
0,0,24.6,27.275,88,6.0032,3,6,5,False,True,False,False,True,False,False,False,20
0,0,24.6,27.275,88,6.0032,4,6,5,False,True,False,False,True,False,False,False,5
0,0,25.42,28.79,83,0.0,5,6,5,False,True,False,False,True,False,False,False,7
0,0,25.42,28.79,83,7.0015,6,6,5,False,True,False,False,True,False,False,False,27
0,0,26.24,29.545,78,8.9981,7,6,5,False,True,False,False,True,False,False,False,57
0,0,27.06,30.305,78,6.0032,8,6,5,False,True,False,False,True,False,False,False,131
0,0,28.7,32.575,61,15.0013,9,6,5,False,True,False,False,True,False,False,False,218
0,0,29.52,34.09,62,12.998,10,6,5,False,True,False,False,True,False,False,False,244
0,0,29.52,34.09,62,8.9981,11,6,5,False,True,False,False,True,False,False,False,404
0,0,30.34,34.85,66,6.0032,12,6,5,False,True,False,False,True,False,False,False,420
0,0,31.16,34.85,55,0.0,13,6,5,False,True,False,False,True,False,False,False,327
0,0,32.8,36.365,46,19.0012,14,6,5,False,True,False,False,False,True,False,False,334
0,0,33.62,37.88,46,8.9981,15,6,5,False,True,False,False,False,True,False,False,367
0,0,31.16,34.85,52,15.0013,16,6,5,False,True,False,False,False,True,False,False,468
0,0,31.16,34.09,48,11.0014,17,6,5,False,True,False,False,False,True,False,False,449
0,0,30.34,34.09,55,12.998,18,6,5,False,True,False,False,False,True,False,False,381
0,0,30.34,33.335,51,7.0015,19,6,5,False,True,False,False,False,True,False,False,326
0,0,29.52,33.335,58,8.9981,20,6,5,False,True,False,False,False,True,False,False,188
0,0,29.52,34.09,66,7.0015,21,6,5,False,True,False,False,False,True,False,False,183
0,0,29.52,34.09,62,8.9981,22,6,5,False,True,False,False,False,True,False,False,161
0,0,29.52,34.09,62,0.0,23,6,5,False,True,False,False,False,True,False,False,150
0,0,28.7,32.575,65,0.0,0,6,6,False,True,False,False,True,False,False,False,89
0,0,28.7,32.575,65,6.0032,1,6,6,False,True,False,False,False,True,False,False,76
0,0,27.88,31.82,74,6.0032,2,6,6,False,True,False,False,True,False,False,False,72
0,0,27.06,30.305,78,8.9981,3,6,6,False,True,False,False,False,True,False,False,30
0,0,27.06,31.06,74,8.9981,4,6,6,False,True,False,False,False,True,False,False,17
0,0,27.06,30.305,78,0.0,5,6,6,False,True,False,False,False,True,False,False,19
0,0,27.06,30.305,78,11.0014,6,6,6,False,True,False,False,False,True,False,False,33
0,0,27.06,30.305,78,11.0014,7,6,6,False,True,False,False,False,True,False,False,71
0,0,27.88,31.82,74,7.0015,8,6,6,False,True,False,False,False,False,True,False,84
0,0,27.88,31.82,74,7.0015,9,6,6,False,True,False,False,False,True,False,False,169
0,0,28.7,32.575,61,7.0015,10,6,6,False,True,False,False,False,True,False,False,244
0,0,29.52,33.335,58,6.0032,11,6,6,False,True,False,False,False,True,False,False,377
0,0,30.34,34.09,55,6.0032,12,6,6,False,True,False,False,False,True,False,False,396
0,0,30.34,33.335,51,0.0,13,6,6,False,True,False,False,False,True,False,False,363
0,0,30.34,34.09,58,7.0015,14,6,6,False,True,False,False,False,False,True,False,317
0,0,30.34,34.09,55,7.0015,15,6,6,False,True,False,False,False,True,False,False,362
0,0,31.16,34.09,48,0.0,16,6,6,False,True,False,False,False,True,False,False,378
0,0,30.34,33.335,51,0.0,17,6,6,False,True,False,False,True,False,False,False,397
0,0,30.34,34.09,58,6.0032,18,6,6,False,True,False,False,False,True,False,False,296
0,0,29.52,34.09,62,8.9981,19,6,6,False,True,False,False,True,False,False,False,311
0,0,28.7,32.575,70,12.998,20,6,6,False,True,False,False,True,False,False,False,232
0,0,27.88,31.82,79,8.9981,21,6,6,False,True,False,False,True,False,False,False,167
0,0,27.06,30.305,78,15.0013,22,6,6,False,True,False,False,True,False,False,False,152
0,0,27.06,30.305,78,12.998,23,6,6,False,True,False,False,True,False,False,False,92
0,1,27.06,31.06,50,0.0,0,7,4,False,False,True,False,True,False,False,False,68
0,1,27.06,31.06,50,0.0,1,7,4,False,False,True,False,True,False,False,False,31
0,1,25.42,30.305,69,0.0,2,7,4,False,False,True,False,True,False,False,False,13
0,1,26.24,31.06,53,0.0,3,7,4,False,False,True,False,True,False,False,False,11
0,1,25.42,31.06,57,0.0,4,7,4,False,False,True,False,True,False,False,False,6
0,1,24.6,30.305,64,8.9981,5,7,4,False,False,True,False,True,False,False,False,30
0,1,25.42,30.305,61,8.9981,6,7,4,False,False,True,False,True,False,False,False,108
0,1,27.06,31.06,54,7.0015,7,7,4,False,False,True,False,True,False,False,False,243
0,1,28.7,31.82,42,11.0014,8,7,4,False,False,True,False,True,False,False,False,492
0,1,30.34,32.575,35,11.0014,9,7,4,False,False,True,False,True,False,False,False,260
0,1,31.16,33.335,33,11.0014,10,7,4,False,False,True,False,True,False,False,False,170
0,1,32.8,34.85,26,0.0,11,7,4,False,False,True,False,True,False,False,False,214
0,1,32.8,34.85,26,0.0,12,7,4,False,False,True,False,True,False,False,False,263
0,1,32.8,34.09,24,0.0,13,7,4,False,False,True,False,True,False,False,False,292
0,1,33.62,34.85,23,12.998,14,7,4,False,False,True,False,True,False,False,False,303
0,1,33.62,34.85,21,16.9979,15,7,4,False,False,True,False,True,False,False,False,381
0,1,33.62,34.85,17,0.0,16,7,4,False,False,True,False,True,False,False,False,427
0,1,33.62,34.85,21,12.998,17,7,4,False,False,True,False,True,False,False,False,461
0,1,32.8,34.09,24,16.9979,18,7,4,False,False,True,False,True,False,False,False,422
0,1,31.98,33.335,25,12.998,19,7,4,False,False,True,False,True,False,False,False,318
0,1,29.52,32.575,42,15.0013,20,7,4,False,False,True,False,True,False,False,False,269
0,1,28.7,31.82,45,12.998,21,7,4,False,False,True,False,True,False,False,False,218
0,1,28.7,31.82,42,0.0,22,7,4,False,False,True,False,True,False,False,False,222
0,1,27.88,31.82,47,6.0032,23,7,4,False,False,True,False,True,False,False,False,140
0,0,27.88,31.82,47,6.0032,0,7,5,False,False,True,False,True,False,False,False,115
0,0,27.06,31.06,54,0.0,1,7,5,False,False,True,False,True,False,False,False,78
0,0,26.24,31.06,53,0.0,2,7,5,False,False,True,False,True,False,False,False,52
0,0,26.24,31.06,53,0.0,3,7,5,False,False,True,False,True,False,False,False,26
0,0,25.42,30.305,61,0.0,4,7,5,False,False,True,False,True,False,False,False,11
0,0,23.78,27.275,73,7.0015,5,7,5,False,False,True,False,True,False,False,False,14
0,0,25.42,30.305,69,7.0015,6,7,5,False,False,True,False,True,False,False,False,32
0,0,26.24,30.305,65,0.0,7,7,5,False,False,True,False,True,False,False,False,45
0,0,27.88,31.82,57,0.0,8,7,5,False,False,True,False,True,False,False,False,132
0,0,30.34,33.335,51,6.0032,9,7,5,False,False,True,False,True,False,False,False,179
0,0,32.8,35.605,36,0.0,10,7,5,False,False,True,False,True,False,False,False,271
0,0,32.8,35.605,36,6.0032,11,7,5,False,False,True,False,True,False,False,False,357
0,0,33.62,35.605,30,8.9981,12,7,5,False,False,True,False,True,False,False,False,374
0,0,33.62,35.605,30,7.0015,13,7,5,False,False,True,False,True,False,False,False,404
0,0,34.44,35.605,20,0.0,14,7,5,False,False,True,False,True,False,False,False,392
0,0,35.26,36.365,19,11.0014,15,7,5,False,False,True,False,True,False,False,False,331
0,0,36.08,37.12,22,15.0013,16,7,5,False,False,True,False,True,False,False,False,398
0,0,34.44,36.365,30,15.0013,17,7,5,False,False,True,False,True,False,False,False,349
0,0,33.62,35.605,30,19.0012,18,7,5,False,False,True,False,True,False,False,False,383
0,0,32.8,34.85,33,15.0013,19,7,5,False,False,True,False,True,False,False,False,305
0,0,31.16,34.09,45,19.0012,20,7,5,False,False,True,False,True,False,False,False,284
0,0,30.34,33.335,48,12.998,21,7,5,False,False,True,False,True,False,False,False,232
0,0,29.52,33.335,51,11.0014,22,7,5,False,False,True,False,True,False,False,False,201
0,0,29.52,33.335,54,19.0012,23,7,5,False,False,True,False,True,False,False,False,154
0,0,28.7,32.575,58,15.0013,0,7,6,False,False,True,False,True,False,False,False,144
0,0,28.7,32.575,61,11.0014,1,7,6,False,False,True,False,False,True,False,False,78
0,0,28.7,32.575,58,12.998,2,7,6,False,False,True,False,True,False,False,False,69
0,0,27.88,31.82,65,6.0032,3,7,6,False,False,True,False,False,False,True,False,33
0,0,27.88,31.82,65,6.0032,4,7,6,False,False,True,False,False,False,True,False,5
0,0,25.42,28.79,83,12.998,5,7,6,False,False,True,False,False,False,True,False,1
0,0,25.42,27.275,94,6.0032,6,7,6,False,False,True,False,False,True,False,False,3
0,0,26.24,28.79,89,12.998,7,7,6,False,False,True,False,False,True,False,False,25
0,0,27.88,31.82,79,15.0013,8,7,6,False,False,True,False,True,False,False,False,92
0,0,28.7,33.335,74,16.9979,9,7,6,False,False,True,False,True,False,False,False,181
0,0,30.34,34.85,66,11.0014,10,7,6,False,False,True,False,True,False,False,False,264
0,0,31.16,35.605,62,7.0015,11,7,6,False,False,True,False,True,False,False,False,390
0,0,32.8,37.88,55,7.0015,12,7,6,False,False,True,False,True,False,False,False,404
0,0,32.8,38.635,59,15.0013,13,7,6,False,False,True,False,True,False,False,False,421
0,0,33.62,39.395,56,16.9979,14,7,6,False,False,True,False,True,False,False,False,375
0,0,34.44,40.15,53,19.9995,15,7,6,False,False,True,False,True,False,False,False,376
0,0,34.44,40.15,53,19.9995,16,7,6,False,False,True,False,True,False,False,False,414
0,0,32.8,37.12,49,56.9969,17,7,6,False,False,True,False,False,False,True,False,358
0,0,32.8,37.12,49,56.9969,18,7,6,False,False,True,False,False,False,True,False,181
0,0,27.06,30.305,83,12.998,19,7,6,False,False,True,False,False,True,False,False,183
0,0,27.06,30.305,83,0.0,20,7,6,False,False,True,False,False,False,True,False,176
0,0,27.06,30.305,83,11.0014,21,7,6,False,False,True,False,False,True,False,False,167
0,0,27.06,30.305,78,7.0015,22,7,6,False,False,True,False,False,True,False,False,162
0,0,26.24,28.79,83,11.0014,23,7,6,False,False,True,False,True,False,False,False,147
1,0,26.24,28.79,83,8.9981,0,7,0,False,False,True,False,True,False,False,False,140
1,0,26.24,28.79,83,6.0032,1,7,0,False,False,True,False,True,False,False,False,119
1,0,26.24,28.79,83,0.0,2,7,0,False,False,True,False,True,False,False,False,63
1,0,26.24,29.545,78,0.0,3,7,0,False,False,True,False,True,False,False,False,26
1,0,27.06,30.305,78,6.0032,4,7,0,False,False,True,False,False,True,False,False,12
1,0,26.24,28.79,83,8.9981,5,7,0,False,False,True,False,False,True,False,False,4
1,0,26.24,28.79,89,11.0014,6,7,0,False,False,True,False,True,False,False,False,16
1,0,27.06,30.305,83,8.9981,7,7,0,False,False,True,False,True,False,False,False,36
1,0,28.7,33.335,74,7.0015,8,7,0,False,False,True,False,True,False,False,False,86
1,0,29.52,34.09,66,6.0032,9,7,0,False,False,True,False,False,True,False,False,238
1,0,31.16,34.85,55,6.0032,10,7,0,False,False,True,False,False,True,False,False,280
1,0,31.16,34.85,55,6.0032,11,7,0,False,False,True,False,False,True,False,False,349
1,0,31.98,35.605,52,0.0,12,7,0,False,False,True,False,False,True,False,False,447
1,0,31.98,35.605,49,0.0,13,7,0,False,False,True,False,False,True,False,False,423
1,0,32.8,36.365,46,0.0,14,7,0,False,False,True,False,True,False,False,False,408
1,0,33.62,37.12,43,6.0032,15,7,0,False,False,True,False,True,False,False,False,408
1,0,33.62,37.12,41,0.0,16,7,0,False,False,True,False,True,False,False,False,452
1,0,32.8,36.365,46,0.0,17,7,0,False,False,True,False,True,False,False,False,436
1,0,32.8,36.365,46,8.9981,18,7,0,False,False,True,False,True,False,False,False,418
1,0,31.98,35.605,49,11.0014,19,7,0,False,False,True,False,False,True,False,False,375
1,0,31.16,34.85,55,7.0015,20,7,0,False,False,True,False,False,True,False,False,386
1,0,30.34,34.09,62,7.0015,21,7,0,False,False,True,False,False,True,False,False,457
1,0,30.34,34.09,62,8.9981,22,7,0,False,False,True,False,False,True,False,False,326
1,0,29.52,34.09,70,7.0015,23,7,0,False,False,True,False,False,True,False,False,138
0,1,28.7,32.575,65,11.0014,0,7,1,False,False,True,False,False,True,False,False,55
0,1,28.7,32.575,65,7.0015,1,7,1,False,False,True,False,True,False,False,False,39
0,1,27.06,31.06,74,6.0032,2,7,1,False,False,True,False,True,False,False,False,13
0,1,27.06,31.06,74,15.0013,3,7,1,False,False,True,False,True,False,False,False,8
0,1,27.06,31.06,69,11.0014,4,7,1,False,False,True,False,True,False,False,False,5
0,1,27.06,31.06,69,0.0,5,7,1,False,False,True,False,True,False,False,False,20
0,1,27.06,31.06,74,6.0032,6,7,1,False,False,True,False,True,False,False,False,94
0,1,28.7,32.575,65,6.0032,7,7,1,False,False,True,False,True,False,False,False,270
0,1,29.52,34.09,62,8.9981,8,7,1,False,False,True,False,True,False,False,False,432
0,1,30.34,34.09,58,8.9981,9,7,1,False,False,True,False,True,False,False,False,227
0,1,31.16,34.85,52,7.0015,10,7,1,False,False,True,False,True,False,False,False,139
0,1,31.98,34.85,46,7.0015,11,7,1,False,False,True,False,True,False,False,False,172
0,1,32.8,36.365,43,7.0015,12,7,1,False,False,True,False,True,False,False,False,201
0,1,33.62,37.12,43,7.0015,13,7,1,False,False,True,False,True,False,False,False,203
0,1,32.8,37.12,49,11.0014,14,7,1,False,False,True,False,True,False,False,False,178
0,1,33.62,37.12,43,0.0,15,7,1,False,False,True,False,True,False,False,False,162
0,1,33.62,37.88,46,7.0015,16,7,1,False,False,True,False,True,False,False,False,281
0,1,33.62,37.88,46,7.0015,17,7,1,False,False,True,False,True,False,False,False,545
0,1,32.8,37.88,55,11.0014,18,7,1,False,False,True,False,True,False,False,False,496
0,1,32.8,38.635,59,8.9981,19,7,1,False,False,True,False,True,False,False,False,368
0,1,31.16,36.365,66,7.0015,20,7,1,False,False,True,False,True,False,False,False,284
0,1,31.98,37.12,62,16.9979,21,7,1,False,False,True,False,True,False,False,False,245
0,1,31.16,36.365,66,15.0013,22,7,1,False,False,True,False,True,False,False,False,155
0,1,30.34,34.85,66,11.0014,23,7,1,False,False,True,False,True,False,False,False,73
0,1,29.52,34.85,74,12.998,0,7,2,False,False,True,False,True,False,False,False,37
0,1,28.7,33.335,74,8.9981,1,7,2,False,False,True,False,True,False,False,False,15
0,1,28.7,33.335,79,6.0032,2,7,2,False,False,True,False,True,False,False,False,5
0,1,28.7,33.335,79,0.0,3,7,2,False,False,True,False,True,False,False,False,6
0,1,27.88,31.82,83,6.0032,4,7,2,False,False,True,False,False,True,False,False,6
0,1,27.88,31.82,83,6.0032,5,7,2,False,False,True,False,True,False,False,False,35
0,1,28.7,33.335,79,6.0032,6,7,2,False,False,True,False,True,False,False,False,121
0,1,29.52,34.85,79,0.0,7,7,2,False,False,True,False,False,True,False,False,312
0,1,29.52,34.85,74,7.0015,8,7,2,False,False,True,False,False,True,False,False,428
0,1,28.7,33.335,79,12.998,9,7,2,False,False,True,False,False,False,True,False,189
0,1,28.7,33.335,79,6.0032,10,7,2,False,False,True,False,False,False,True,False,43
0,1,29.52,34.85,74,0.0,11,7,2,False,False,True,False,False,True,False,False,127
0,1,30.34,34.85,66,6.0032,12,7,2,False,False,True,False,False,True,False,False,152
0,1,30.34,34.85,70,7.0015,13,7,2,False,False,True,False,False,True,False,False,140
0,1,31.16,36.365,66,19.0012,14,7,2,False,False,True,False,True,False,False,False,163
0,1,31.16,36.365,70,19.0012,15,7,2,False,False,True,False,True,False,False,False,185
0,1,31.16,36.365,70,16.9979,16,7,2,False,False,True,False,True,False,False,False,275
0,1,31.98,37.12,59,15.0013,17,7,2,False,False,True,False,True,False,False,False,596
0,1,31.16,35.605,62,12.998,18,7,2,False,False,True,False,True,False,False,False,563
0,1,30.34,34.85,70,15.0013,19,7,2,False,False,True,False,True,False,False,False,394
0,1,29.52,34.85,74,16.9979,20,7,2,False,False,True,False,True,False,False,False,312
0,1,28.7,33.335,79,12.998,21,7,2,False,False,True,False,True,False,False,False,241
0,1,28.7,33.335,79,12.998,22,7,2,False,False,True,False,True,False,False,False,186
0,1,27.88,31.82,83,15.0013,23,7,2,False,False,True,False,True,False,False,False,98
0,1,27.06,29.545,89,8.9981,0,7,3,False,False,True,False,True,False,False,False,35
0,1,27.06,29.545,89,12.998,1,7,3,False,False,True,False,True,False,False,False,16
0,1,27.06,29.545,89,12.998,2,7,3,False,False,True,False,True,False,False,False,8
0,1,26.24,28.03,94,7.0015,3,7,3,False,False,True,False,True,False,False,False,4
0,1,26.24,28.79,89,7.0015,4,7,3,False,False,True,False,True,False,False,False,4
0,1,26.24,28.79,89,7.0015,5,7,3,False,False,True,False,True,False,False,False,32
0,1,26.24,28.79,89,8.9981,6,7,3,False,False,True,False,False,True,False,False,118
0,1,27.06,29.545,89,7.0015,7,7,3,False,False,True,False,False,True,False,False,292
0,1,28.7,33.335,79,12.998,8,7,3,False,False,True,False,False,True,False,False,443
0,1,30.34,34.85,70,11.0014,9,7,3,False,False,True,False,True,False,False,False,179
0,1,31.98,37.12,62,0.0,10,7,3,False,False,True,False,True,False,False,False,101
0,1,33.62,38.635,52,8.9981,11,7,3,False,False,True,False,True,False,False,False,142
0,1,34.44,38.635,41,0.0,12,7,3,False,False,True,False,True,False,False,False,171
0,1,35.26,39.395,41,0.0,13,7,3,False,False,True,False,True,False,False,False,155
0,1,35.26,39.395,41,16.9979,14,7,3,False,False,True,False,True,False,False,False,160
0,1,35.26,39.395,41,16.9979,15,7,3,False,False,True,False,True,False,False,False,166
0,1,35.26,38.635,39,15.0013,16,7,3,False,False,True,False,True,False,False,False,265
0,1,35.26,37.88,36,16.9979,17,7,3,False,False,True,False,True,False,False,False,569
0,1,34.44,37.88,44,19.9995,18,7,3,False,False,True,False,True,False,False,False,562
0,1,33.62,38.635,52,19.0012,19,7,3,False,False,True,False,True,False,False,False,365
0,1,31.16,35.605,58,23.9994,20,7,3,False,False,True,False,True,False,False,False,285
0,1,30.34,34.09,62,11.0014,21,7,3,False,False,True,False,True,False,False,False,209
0,1,30.34,34.09,62,11.0014,22,7,3,False,False,True,False,True,False,False,False,182
0,1,29.52,34.09,66,0.0,23,7,3,False,False,True,False,True,False,False,False,129
0,1,30.34,34.85,66,7.0015,0,7,4,False,False,True,False,True,False,False,False,47
0,1,29.52,34.85,79,0.0,1,7,4,False,False,True,False,True,False,False,False,34
0,1,28.7,33.335,74,11.0014,2,7,4,False,False,True,False,False,True,False,False,22
0,1,27.88,31.82,79,7.0015,3,7,4,False,False,True,False,True,False,False,False,6
0,1,28.7,33.335,79,16.9979,4,7,4,False,False,True,False,True,False,False,False,11
0,1,27.88,31.82,79,16.9979,5,7,4,False,False,True,False,True,False,False,False,27
0,1,28.7,33.335,74,7.0015,6,7,4,False,False,True,False,True,False,False,False,102
0,1,28.7,33.335,79,12.998,7,7,4,False,False,True,False,False,True,False,False,332
0,1,29.52,34.85,74,16.9979,8,7,4,False,False,True,False,False,True,False,False,457
0,1,31.16,36.365,70,19.9995,9,7,4,False,False,True,False,False,True,False,False,241
0,1,30.34,34.85,70,23.9994,10,7,4,False,False,True,False,False,True,False,False,138
0,1,30.34,35.605,74,16.9979,11,7,4,False,False,True,False,False,True,False,False,165
0,1,31.16,36.365,70,19.0012,12,7,4,False,False,True,False,False,True,False,False,213
0,1,31.98,37.88,66,19.0012,13,7,4,False,False,True,False,False,True,False,False,229
0,1,32.8,39.395,63,23.9994,14,7,4,False,False,True,False,False,True,False,False,216
0,1,32.8,39.395,63,23.9994,15,7,4,False,False,True,False,False,True,False,False,141
0,1,27.88,31.82,83,30.0026,16,7,4,False,False,True,False,False,False,True,False,132
0,1,27.06,29.545,89,30.0026,17,7,4,False,False,True,False,False,False,True,False,167
0,1,27.06,30.305,83,6.0032,18,7,4,False,False,True,False,True,False,False,False,316
0,1,27.06,30.305,83,6.0032,19,7,4,False,False,True,False,True,False,False,False,270
0,1,27.06,30.305,83,11.0014,20,7,4,False,False,True,False,True,False,False,False,250
0,1,27.06,30.305,83,16.9979,21,7,4,False,False,True,False,False,True,False,False,204
0,1,27.06,30.305,78,12.998,22,7,4,False,False,True,False,False,True,False,False,169
0,1,27.06,30.305,78,6.0032,23,7,4,False,False,True,False,False,True,False,False,151
0,0,27.06,30.305,83,8.9981,0,7,5,False,False,True,False,False,True,False,False,121
0,0,26.24,28.79,89,7.0015,1,7,5,False,False,True,False,False,True,False,False,53
0,0,26.24,28.79,89,11.0014,2,7,5,False,False,True,False,True,False,False,False,55
0,0,26.24,28.79,89,8.9981,3,7,5,False,False,True,False,True,False,False,False,30
0,0,26.24,28.79,83,15.0013,4,7,5,False,False,True,False,True,False,False,False,6
0,0,25.42,28.03,88,11.0014,5,7,5,False,False,True,False,False,True,False,False,15
0,0,26.24,28.79,83,12.998,6,7,5,False,False,True,False,False,True,False,False,38
0,0,27.06,30.305,78,12.998,7,7,5,False,False,True,False,True,False,False,False,71
0,0,28.7,32.575,70,16.9979,8,7,5,False,False,True,False,True,False,False,False,182
0,0,30.34,34.09,58,19.0012,9,7,5,False,False,True,False,True,False,False,False,247
0,0,31.16,34.85,52,11.0014,10,7,5,False,False,True,False,True,False,False,False,264
0,0,31.98,34.85,46,19.9995,11,7,5,False,False,True,False,True,False,False,False,290
0,0,32.8,36.365,46,16.9979,12,7,5,False,False,True,False,True,False,False,False,366
0,0,33.62,37.12,41,15.0013,13,7,5,False,False,True,False,True,False,False,False,416
0,0,34.44,37.12,36,8.9981,14,7,5,False,False,True,False,True,False,False,False,373
0,0,34.44,36.365,34,6.0032,15,7,5,False,False,True,False,True,False,False,False,402
0,0,33.62,36.365,38,0.0,16,7,5,False,False,True,False,True,False,False,False,416
0,0,34.44,36.365,32,0.0,17,7,5,False,False,True,False,True,False,False,False,401
0,0,33.62,36.365,36,7.0015,18,7,5,False,False,True,False,True,False,False,False,378
0,0,31.16,34.85,55,11.0014,19,7,5,False,False,True,False,True,False,False,False,306
0,0,31.16,35.605,58,15.0013,20,7,5,False,False,True,False,True,False,False,False,314
0,0,30.34,34.09,58,11.0014,21,7,5,False,False,True,False,True,False,False,False,238
0,0,29.52,34.09,62,11.0014,22,7,5,False,False,True,False,True,False,False,False,214
0,0,29.52,33.335,58,12.998,23,7,5,False,False,True,False,True,False,False,False,140
0,0,28.7,32.575,61,11.0014,0,7,6,False,False,True,False,True,False,False,False,154
0,0,28.7,32.575,61,8.9981,1,7,6,False,False,True,False,True,False,False,False,113
0,0,27.88,31.82,69,6.0032,2,7,6,False,False,True,False,True,False,False,False,96
0,0,27.06,31.06,74,6.0032,3,7,6,False,False,True,False,True,False,False,False,25
0,0,27.06,31.06,69,6.0032,4,7,6,False,False,True,False,True,False,False,False,5
0,0,27.06,31.06,74,0.0,5,7,6,False,False,True,False,True,False,False,False,17
0,0,26.24,29.545,78,6.0032,6,7,6,False,False,True,False,True,False,False,False,25
0,0,28.7,32.575,70,6.0032,7,7,6,False,False,True,False,True,False,False,False,65
0,0,29.52,34.09,66,0.0,8,7,6,False,False,True,False,True,False,False,False,92
0,0,30.34,34.85,66,6.0032,9,7,6,False,False,True,False,True,False,False,False,169
0,0,31.16,34.85,55,8.9981,10,7,6,False,False,True,False,True,False,False,False,268
0,0,31.98,36.365,55,12.998,11,7,6,False,False,True,False,True,False,False,False,287
0,0,33.62,37.88,46,19.0012,12,7,6,False,False,True,False,True,False,False,False,377
0,0,32.8,36.365,46,19.9995,13,7,6,False,False,True,False,True,False,False,False,367
0,0,33.62,37.12,41,22.0028,14,7,6,False,False,True,False,True,False,False,False,349
0,0,34.44,37.12,39,19.0012,15,7,6,False,False,True,False,True,False,False,False,361
0,0,34.44,37.88,41,19.0012,16,7,6,False,False,True,False,True,False,False,False,372
0,0,34.44,37.12,36,15.0013,17,7,6,False,False,True,False,True,False,False,False,363
0,0,33.62,37.12,43,19.0012,18,7,6,False,False,True,False,True,False,False,False,363
0,0,32.8,37.12,49,22.0028,19,7,6,False,False,True,False,True,False,False,False,303
0,0,31.16,34.85,55,12.998,20,7,6,False,False,True,False,True,False,False,False,268
0,0,30.34,34.09,62,16.9979,21,7,6,False,False,True,False,True,False,False,False,227
0,0,30.34,34.85,66,15.0013,22,7,6,False,False,True,False,True,False,False,False,143
0,0,29.52,34.09,66,16.9979,23,7,6,False,False,True,False,True,False,False,False,72
0,1,28.7,32.575,65,12.998,0,7,0,False,False,True,False,True,False,False,False,35
0,1,28.7,32.575,61,19.0012,1,7,0,False,False,True,False,True,False,False,False,10
0,1,28.7,32.575,61,15.0013,2,7,0,False,False,True,False,True,False,False,False,12
0,1,27.88,31.82,65,11.0014,3,7,0,False,False,True,False,True,False,False,False,10
0,1,27.06,31.06,74,15.0013,4,7,0,False,False,True,False,True,False,False,False,4
0,1,27.06,31.06,74,8.9981,5,7,0,False,False,True,False,True,False,False,False,26
0,1,27.88,31.82,74,12.998,6,7,0,False,False,True,False,True,False,False,False,121
0,1,28.7,33.335,74,16.9979,7,7,0,False,False,True,False,True,False,False,False,317
0,1,30.34,34.85,66,19.0012,8,7,0,False,False,True,False,True,False,False,False,420
0,1,31.98,37.12,59,19.9995,9,7,0,False,False,True,False,True,False,False,False,208
0,1,32.8,37.88,55,23.9994,10,7,0,False,False,True,False,True,False,False,False,117
0,1,33.62,39.395,56,19.9995,11,7,0,False,False,True,False,True,False,False,False,128
0,1,34.44,40.15,53,19.0012,12,7,0,False,False,True,False,True,False,False,False,148
0,1,35.26,40.91,50,16.9979,13,7,0,False,False,True,False,True,False,False,False,141
0,1,35.26,41.665,53,19.0012,14,7,0,False,False,True,False,True,False,False,False,134
0,1,35.26,42.425,56,27.9993,15,7,0,False,False,True,False,True,False,False,False,146
0,1,35.26,42.425,56,26.0027,16,7,0,False,False,True,False,True,False,False,False,239
0,1,35.26,42.425,56,27.9993,17,7,0,False,False,True,False,True,False,False,False,514
0,1,35.26,41.665,53,26.0027,18,7,0,False,False,True,False,True,False,False,False,472
0,1,34.44,41.665,59,22.0028,19,7,0,False,False,True,False,True,False,False,False,373
0,1,29.52,34.85,74,27.9993,20,7,0,False,False,True,False,True,False,False,False,236
0,1,28.7,33.335,79,27.9993,21,7,0,False,False,True,False,True,False,False,False,130
0,1,29.52,34.85,74,8.9981,22,7,0,False,False,True,False,True,False,False,False,90
0,1,28.7,33.335,79,8.9981,23,7,0,False,False,True,False,True,False,False,False,55
0,1,28.7,33.335,79,8.9981,0,7,1,False,False,True,False,True,False,False,False,22
0,1,28.7,33.335,79,6.0032,1,7,1,False,False,True,False,True,False,False,False,14
0,1,28.7,33.335,79,7.0015,2,7,1,False,False,True,False,True,False,False,False,9
0,1,28.7,33.335,79,0.0,3,7,1,False,False,True,False,False,True,False,False,8
0,1,28.7,33.335,79,11.0014,4,7,1,False,False,True,False,True,False,False,False,6
0,1,28.7,33.335,79,6.0032,5,7,1,False,False,True,False,True,False,False,False,25
0,1,30.34,34.09,58,15.0013,6,7,1,False,False,True,False,True,False,False,False,115
0,1,31.16,34.85,55,12.998,7,7,1,False,False,True,False,True,False,False,False,330
0,1,31.16,35.605,58,15.0013,8,7,1,False,False,True,False,True,False,False,False,417
0,1,31.98,36.365,55,32.9975,9,7,1,False,False,True,False,True,False,False,False,176
0,1,33.62,38.635,52,11.0014,10,7,1,False,False,True,False,True,False,False,False,123
0,1,33.62,38.635,52,11.0014,11,7,1,False,False,True,False,True,False,False,False,125
0,1,35.26,39.395,44,19.9995,12,7,1,False,False,True,False,True,False,False,False,163
0,1,35.26,40.15,47,15.0013,13,7,1,False,False,True,False,True,False,False,False,136
0,1,36.9,42.425,42,19.9995,14,7,1,False,False,True,False,True,False,False,False,124
0,1,36.9,42.425,42,23.9994,15,7,1,False,False,True,False,True,False,False,False,148
0,1,35.26,39.395,44,19.0012,16,7,1,False,False,True,False,True,False,False,False,202
0,1,36.08,40.91,44,19.0012,17,7,1,False,False,True,False,True,False,False,False,428
0,1,35.26,40.15,47,19.9995,18,7,1,False,False,True,False,True,False,False,False,511
0,1,34.44,37.88,44,19.0012,19,7,1,False,False,True,False,True,False,False,False,337
0,1,33.62,37.12,43,12.998,20,7,1,False,False,True,False,True,False,False,False,308
0,1,33.62,37.12,43,7.0015,21,7,1,False,False,True,False,True,False,False,False,258
0,1,32.8,36.365,46,8.9981,22,7,1,False,False,True,False,True,False,False,False,194
0,1,31.98,35.605,52,0.0,23,7,1,False,False,True,False,True,False,False,False,79
0,1,31.16,35.605,62,0.0,0,7,2,False,False,True,False,True,False,False,False,46
0,1,31.16,34.85,55,0.0,1,7,2,False,False,True,False,True,False,False,False,12
0,1,31.16,34.85,55,0.0,2,7,2,False,False,True,False,True,False,False,False,5
0,1,30.34,34.09,58,12.998,3,7,2,False,False,True,False,True,False,False,False,4
0,1,30.34,34.09,58,16.9979,4,7,2,False,False,True,False,True,False,False,False,5
0,1,30.34,34.09,58,12.998,5,7,2,False,False,True,False,True,False,False,False,26
0,1,30.34,34.09,58,11.0014,6,7,2,False,False,True,False,True,False,False,False,121
0,1,31.16,34.85,55,16.9979,7,7,2,False,False,True,False,True,False,False,False,313
0,1,32.8,37.12,49,16.9979,8,7,2,False,False,True,False,True,False,False,False,449
0,1,33.62,37.12,41,12.998,9,7,2,False,False,True,False,True,False,False,False,186
0,1,33.62,37.88,46,12.998,10,7,2,False,False,True,False,True,False,False,False,113
0,1,34.44,37.12,39,11.0014,11,7,2,False,False,True,False,True,False,False,False,165
0,1,34.44,37.88,41,19.0012,12,7,2,False,False,True,False,True,False,False,False,174
0,1,33.62,37.88,46,8.9981,13,7,2,False,False,True,False,False,False,True,False,158
0,1,33.62,37.88,46,8.9981,14,7,2,False,False,True,False,False,False,True,False,116
0,1,26.24,28.03,94,8.9981,15,7,2,False,False,True,False,False,False,True,False,46
0,1,27.06,29.545,89,0.0,16,7,2,False,False,True,False,False,True,False,False,141
0,1,28.7,33.335,79,0.0,17,7,2,False,False,True,False,True,False,False,False,488
0,1,29.52,34.85,79,8.9981,18,7,2,False,False,True,False,True,False,False,False,463
0,1,28.7,33.335,79,7.0015,19,7,2,False,False,True,False,True,False,False,False,419
0,1,28.7,33.335,84,11.0014,20,7,2,False,False,True,False,True,False,False,False,342
0,1,28.7,33.335,79,7.0015,21,7,2,False,False,True,False,True,False,False,False,250
0,1,27.88,31.82,83,12.998,22,7,2,False,False,True,False,True,False,False,False,184
0,1,27.06,30.305,83,16.9979,23,7,2,False,False,True,False,True,False,False,False,116
0,1,27.06,31.06,69,19.9995,0,7,3,False,False,True,False,True,False,False,False,46
0,1,27.06,31.06,61,16.9979,1,7,3,False,False,True,False,True,False,False,False,25
0,1,26.24,31.06,57,19.9995,2,7,3,False,False,True,False,True,False,False,False,10
0,1,25.42,31.06,57,19.9995,3,7,3,False,False,True,False,True,False,False,False,6
0,1,25.42,31.06,53,16.9979,4,7,3,False,False,True,False,True,False,False,False,6
0,1,24.6,31.06,56,15.0013,5,7,3,False,False,True,False,True,False,False,False,28
0,1,24.6,30.305,60,15.0013,6,7,3,False,False,True,False,True,False,False,False,130
0,1,25.42,31.06,53,16.9979,7,7,3,False,False,True,False,True,False,False,False,334
0,1,26.24,31.06,50,23.9994,8,7,3,False,False,True,False,True,False,False,False,486
0,1,27.88,31.82,47,19.0012,9,7,3,False,False,True,False,True,False,False,False,224
0,1,28.7,31.82,42,16.9979,10,7,3,False,False,True,False,True,False,False,False,127
0,1,29.52,32.575,37,15.0013,11,7,3,False,False,True,False,True,False,False,False,148
0,1,30.34,32.575,35,16.9979,12,7,3,False,False,True,False,True,False,False,False,223
0,1,31.16,33.335,33,22.0028,13,7,3,False,False,True,False,True,False,False,False,177
0,1,30.34,32.575,35,19.0012,14,7,3,False,False,True,False,True,False,False,False,178
0,1,31.16,33.335,33,19.9995,15,7,3,False,False,True,False,True,False,False,False,180
0,1,31.16,33.335,33,8.9981,16,7,3,False,False,True,False,True,False,False,False,274
0,1,30.34,32.575,37,8.9981,17,7,3,False,False,True,False,True,False,False,False,595
0,1,29.52,32.575,42,12.998,18,7,3,False,False,True,False,True,False,False,False,578
0,1,29.52,32.575,39,15.0013,19,7,3,False,False,True,False,True,False,False,False,400
0,1,28.7,31.82,42,15.0013,20,7,3,False,False,True,False,True,False,False,False,348
0,1,27.06,31.06,50,8.9981,21,7,3,False,False,True,False,True,False,False,False,261
0,1,26.24,31.06,57,6.0032,22,7,3,False,False,True,False,True,False,False,False,176
0,1,26.24,30.305,65,16.9979,23,7,3,False,False,True,False,True,False,False,False,124
0,1,25.42,29.545,73,15.0013,0,7,4,False,False,True,False,True,False,False,False,80
0,1,25.42,29.545,73,12.998,1,7,4,False,False,True,False,True,False,False,False,20
0,1,24.6,28.79,78,11.0014,2,7,4,False,False,True,False,True,False,False,False,38
0,1,24.6,29.545,73,12.998,3,7,4,False,False,True,False,True,False,False,False,7
0,1,24.6,29.545,73,11.0014,4,7,4,False,False,True,False,True,False,False,False,10
0,1,24.6,29.545,73,8.9981,5,7,4,False,False,True,False,True,False,False,False,23
0,1,24.6,29.545,73,7.0015,6,7,4,False,False,True,False,False,True,False,False,120
0,1,26.24,30.305,65,7.0015,7,7,4,False,False,True,False,True,False,False,False,274
0,1,26.24,30.305,65,16.9979,8,7,4,False,False,True,False,True,False,False,False,564
0,1,27.88,31.82,54,12.998,9,7,4,False,False,True,False,True,False,False,False,207
0,1,27.06,31.06,61,11.0014,10,7,4,False,False,True,False,False,True,False,False,166
0,1,28.7,32.575,54,8.9981,11,7,4,False,False,True,False,True,False,False,False,210
0,1,28.7,32.575,48,12.998,12,7,4,False,False,True,False,True,False,False,False,238
0,1,28.7,32.575,54,12.998,13,7,4,False,False,True,False,True,False,False,False,247
0,1,28.7,32.575,51,12.998,14,7,4,False,False,True,False,True,False,False,False,265
0,1,29.52,32.575,45,11.0014,15,7,4,False,False,True,False,True,False,False,False,237
0,1,29.52,33.335,51,12.998,16,7,4,False,False,True,False,True,False,False,False,361
0,1,30.34,33.335,42,16.9979,17,7,4,False,False,True,False,True,False,False,False,587
0,1,29.52,32.575,45,15.0013,18,7,4,False,False,True,False,True,False,False,False,496
0,1,28.7,31.82,45,15.0013,19,7,4,False,False,True,False,True,False,False,False,394
0,1,28.7,32.575,51,15.0013,20,7,4,False,False,True,False,True,False,False,False,343
0,1,27.06,31.06,54,7.0015,21,7,4,False,False,True,False,True,False,False,False,261
0,1,27.06,31.06,57,15.0013,22,7,4,False,False,True,False,True,False,False,False,223
0,1,26.24,31.06,61,11.0014,23,7,4,False,False,True,False,True,False,False,False,167
0,0,25.42,30.305,65,12.998,0,7,5,False,False,True,False,True,False,False,False,110
0,0,24.6,29.545,69,7.0015,1,7,5,False,False,True,False,True,False,False,False,75
0,0,24.6,29.545,73,8.9981,2,7,5,False,False,True,False,True,False,False,False,58
0,0,24.6,28.79,78,8.9981,3,7,5,False,False,True,False,True,False,False,False,26
0,0,24.6,29.545,73,6.0032,4,7,5,False,False,True,False,True,False,False,False,16
0,0,23.78,27.275,78,6.0032,5,7,5,False,False,True,False,True,False,False,False,10
0,0,24.6,28.79,78,11.0014,6,7,5,False,False,True,False,True,False,False,False,37
0,0,25.42,29.545,73,8.9981,7,7,5,False,False,True,False,True,False,False,False,52
0,0,27.06,31.06,65,11.0014,8,7,5,False,False,True,False,True,False,False,False,127
0,0,28.7,32.575,54,15.0013,9,7,5,False,False,True,False,True,False,False,False,222
0,0,29.52,33.335,54,12.998,10,7,5,False,False,True,False,True,False,False,False,322
0,0,30.34,33.335,48,15.0013,11,7,5,False,False,True,False,True,False,False,False,396
0,0,31.16,34.09,43,19.0012,12,7,5,False,False,True,False,True,False,False,False,463
0,0,31.16,34.09,45,19.9995,13,7,5,False,False,True,False,True,False,False,False,497
0,0,30.34,33.335,45,19.9995,14,7,5,False,False,True,False,True,False,False,False,433
0,0,31.16,34.09,45,22.0028,15,7,5,False,False,True,False,True,False,False,False,428
0,0,31.16,34.09,45,19.0012,16,7,5,False,False,True,False,True,False,False,False,425
0,0,31.16,34.09,45,15.0013,17,7,5,False,False,True,False,True,False,False,False,475
0,0,31.16,34.09,45,19.0012,18,7,5,False,False,True,False,True,False,False,False,428
0,0,30.34,34.09,48,12.998,19,7,5,False,False,True,False,True,False,False,False,406
0,0,29.52,33.335,51,15.0013,20,7,5,False,False,True,False,True,False,False,False,296
0,0,28.7,32.575,58,15.0013,21,7,5,False,False,True,False,True,False,False,False,252
0,0,28.7,32.575,65,19.0012,22,7,5,False,False,True,False,True,False,False,False,201
0,0,27.88,31.82,61,15.0013,23,7,5,False,False,True,False,True,False,False,False,168
0,0,27.06,31.06,65,15.0013,0,7,6,False,False,True,False,True,False,False,False,125
0,0,26.24,30.305,69,12.998,1,7,6,False,False,True,False,True,False,False,False,102
0,0,26.24,30.305,69,15.0013,2,7,6,False,False,True,False,True,False,False,False,94
0,0,26.24,30.305,69,15.0013,3,7,6,False,False,True,False,True,False,False,False,47
0,0,25.42,29.545,73,11.0014,4,7,6,False,False,True,False,True,False,False,False,10
0,0,26.24,30.305,69,15.0013,5,7,6,False,False,True,False,True,False,False,False,12
0,0,25.42,29.545,73,11.0014,6,7,6,False,False,True,False,True,False,False,False,21
0,0,26.24,30.305,73,11.0014,7,7,6,False,False,True,False,True,False,False,False,50
0,0,27.88,31.82,65,15.0013,8,7,6,False,False,True,False,True,False,False,False,118
0,0,29.52,33.335,58,15.0013,9,7,6,False,False,True,False,True,False,False,False,184
0,0,30.34,34.09,60,15.0013,10,7,6,False,False,True,False,True,False,False,False,304
0,0,31.16,34.85,55,19.0012,11,7,6,False,False,True,False,True,False,False,False,391
0,0,31.16,34.85,55,19.0012,12,7,6,False,False,True,False,True,False,False,False,420
0,0,32.8,37.12,49,19.9995,13,7,6,False,False,True,False,True,False,False,False,472
0,0,32.8,37.12,49,23.9994,14,7,6,False,False,True,False,True,False,False,False,430
0,0,33.62,37.12,43,19.9995,15,7,6,False,False,True,False,True,False,False,False,324
0,0,32.8,36.365,46,19.9995,16,7,6,False,False,True,False,True,False,False,False,317
0,0,32.8,37.12,49,26.0027,17,7,6,False,False,True,False,True,False,False,False,369
0,0,32.8,36.365,46,19.9995,18,7,6,False,False,True,False,True,False,False,False,390
0,0,31.16,34.85,55,19.0012,19,7,6,False,False,True,False,True,False,False,False,379
0,0,31.16,35.605,58,16.9979,20,7,6,False,False,True,False,True,False,False,False,262
0,0,30.34,34.09,62,15.0013,21,7,6,False,False,True,False,True,False,False,False,207
0,0,29.52,34.09,66,15.0013,22,7,6,False,False,True,False,True,False,False,False,181
0,0,28.7,33.335,74,8.9981,23,7,6,False,False,True,False,True,False,False,False,93
0,1,28.7,33.335,74,8.9981,0,7,0,False,False,True,False,True,False,False,False,51
0,1,28.7,33.335,74,15.0013,1,7,0,False,False,True,False,True,False,False,False,25
0,1,27.06,30.305,83,15.0013,2,7,0,False,False,True,False,True,False,False,False,10
0,1,27.06,30.305,78,12.998,3,7,0,False,False,True,False,True,False,False,False,7
0,1,26.24,29.545,78,11.0014,4,7,0,False,False,True,False,True,False,False,False,4
0,1,26.24,29.545,78,7.0015,5,7,0,False,False,True,False,True,False,False,False,17
0,1,26.24,28.79,83,7.0015,6,7,0,False,False,True,False,True,False,False,False,105
0,1,27.88,31.82,74,15.0013,7,7,0,False,False,True,False,True,False,False,False,277
0,1,28.7,32.575,70,12.998,8,7,0,False,False,True,False,True,False,False,False,347
0,1,30.34,34.85,67,15.0013,9,7,0,False,False,True,False,True,False,False,False,203
0,1,31.16,35.605,62,12.998,10,7,0,False,False,True,False,True,False,False,False,130
0,1,32.8,37.88,55,6.0032,11,7,0,False,False,True,False,True,False,False,False,141
0,1,32.8,38.635,59,12.998,12,7,0,False,False,True,False,True,False,False,False,165
0,1,33.62,39.395,56,16.9979,13,7,0,False,False,True,False,True,False,False,False,152
0,1,33.62,39.395,56,22.0028,14,7,0,False,False,True,False,True,False,False,False,138
0,1,34.44,40.15,53,22.0028,15,7,0,False,False,True,False,True,False,False,False,164
0,1,34.44,40.15,53,19.0012,16,7,0,False,False,True,False,True,False,False,False,265
0,1,34.44,39.395,49,22.0028,17,7,0,False,False,True,False,True,False,False,False,545
0,1,33.62,38.635,49,23.9994,18,7,0,False,False,True,False,True,False,False,False,558
0,1,32.8,37.88,55,15.0013,19,7,0,False,False,True,False,True,False,False,False,398
0,1,31.98,37.12,59,15.0013,20,7,0,False,False,True,False,True,False,False,False,323
0,1,30.34,34.85,66,12.998,21,7,0,False,False,True,False,True,False,False,False,202
0,1,31.16,36.365,66,15.0013,22,7,0,False,False,True,False,True,False,False,False,140
0,1,30.34,34.85,66,11.0014,23,7,0,False,False,True,False,True,False,False,False,91
0,1,30.34,34.85,66,7.0015,0,7,1,False,False,True,False,True,False,False,False,51
0,1,30.34,34.85,66,8.9981,1,7,1,False,False,True,False,False,True,False,False,13
0,1,29.52,34.09,70,11.0014,2,7,1,False,False,True,False,True,False,False,False,13
0,1,29.52,34.09,70,11.0014,3,7,1,False,False,True,False,True,False,False,False,3
0,1,29.52,34.09,70,8.9981,4,7,1,False,False,True,False,True,False,False,False,5
0,1,28.7,33.335,74,7.0015,5,7,1,False,False,True,False,False,True,False,False,19
0,1,29.52,34.85,74,7.0015,6,7,1,False,False,True,False,False,True,False,False,134
0,1,30.34,34.85,70,11.0014,7,7,1,False,False,True,False,False,True,False,False,315
0,1,31.16,36.365,70,11.0014,8,7,1,False,False,True,False,False,True,False,False,412
0,1,32.8,39.395,63,8.9981,9,7,1,False,False,True,False,False,True,False,False,199
0,1,33.62,39.395,56,11.0014,10,7,1,False,False,True,False,False,True,False,False,141
0,1,33.62,40.15,59,0.0,11,7,1,False,False,True,False,True,False,False,False,127
0,1,34.44,40.91,56,6.0032,12,7,1,False,False,True,False,True,False,False,False,153
0,1,35.26,41.665,53,7.0015,13,7,1,False,False,True,False,True,False,False,False,172
0,1,35.26,40.91,50,12.998,14,7,1,False,False,True,False,True,False,False,False,152
0,1,36.08,40.91,44,12.998,15,7,1,False,False,True,False,True,False,False,False,158
0,1,36.9,42.425,42,19.9995,16,7,1,False,False,True,False,True,False,False,False,277
0,1,32.8,40.15,66,0.0,17,7,1,False,False,True,False,True,False,False,False,513
0,1,32.8,40.15,66,8.9981,18,7,1,False,False,True,False,True,False,False,False,530
0,1,31.16,37.12,75,12.998,19,7,1,False,False,True,False,True,False,False,False,388
0,1,30.34,36.365,74,6.0032,20,7,1,False,False,True,False,True,False,False,False,277
0,1,30.34,35.605,74,8.9981,21,7,1,False,False,True,False,True,False,False,False,241
0,1,30.34,35.605,74,0.0,22,7,1,False,False,True,False,True,False,False,False,156
0,1,29.52,34.85,79,11.0014,23,7,1,False,False,True,False,False,False,True,False,92
0,1,29.52,34.09,70,15.0013,0,8,0,False,False,True,False,True,False,False,False,29
0,1,29.52,34.85,74,12.998,1,8,0,False,False,True,False,True,False,False,False,17
0,1,28.7,33.335,74,7.0015,2,8,0,False,False,True,False,True,False,False,False,11
0,1,28.7,33.335,79,11.0014,3,8,0,False,False,True,False,True,False,False,False,4
0,1,27.06,30.305,83,8.9981,4,8,0,False,False,True,False,True,False,False,False,4
0,1,27.06,30.305,83,7.0015,5,8,0,False,False,True,False,True,False,False,False,26
0,1,27.06,30.305,83,6.0032,6,8,0,False,False,True,False,True,False,False,False,100
0,1,30.34,34.09,62,0.0,7,8,0,False,False,True,False,True,False,False,False,282
0,1,32.8,36.365,43,12.998,8,8,0,False,False,True,False,True,False,False,False,382
0,1,33.62,37.12,41,0.0,9,8,0,False,False,True,False,True,False,False,False,166
0,1,35.26,37.88,36,11.0014,10,8,0,False,False,True,False,True,False,False,False,97
0,1,36.08,38.635,32,11.0014,11,8,0,False,False,True,False,True,False,False,False,119
0,1,36.9,40.15,33,16.9979,12,8,0,False,False,True,False,True,False,False,False,168
0,1,36.9,40.15,31,19.9995,13,8,0,False,False,True,False,True,False,False,False,150
0,1,37.72,40.91,29,12.998,14,8,0,False,False,True,False,True,False,False,False,123
0,1,36.9,39.395,27,0.0,15,8,0,False,False,True,False,True,False,False,False,129
0,1,36.9,39.395,27,0.0,16,8,0,False,False,True,False,True,False,False,False,231
0,1,31.16,34.09,45,19.9995,17,8,0,False,False,True,False,True,False,False,False,514
0,1,31.98,34.85,43,12.998,18,8,0,False,False,True,False,True,False,False,False,543
0,1,30.34,33.335,51,15.0013,19,8,0,False,False,True,False,True,False,False,False,413
0,1,29.52,34.09,62,15.0013,20,8,0,False,False,True,False,True,False,False,False,305
0,1,28.7,32.575,70,16.9979,21,8,0,False,False,True,False,True,False,False,False,220
0,1,28.7,32.575,70,6.0032,22,8,0,False,False,True,False,True,False,False,False,137
0,1,27.88,31.82,74,12.998,23,8,0,False,False,True,False,True,False,False,False,96
0,1,27.06,31.06,74,0.0,0,8,1,False,False,True,False,True,False,False,False,29
0,1,27.06,31.06,74,7.0015,1,8,1,False,False,True,False,True,False,False,False,12
0,1,27.88,31.82,69,0.0,2,8,1,False,False,True,False,True,False,False,False,8
0,1,27.06,31.06,74,12.998,3,8,1,False,False,True,False,True,False,False,False,5
0,1,27.06,31.06,74,7.0015,4,8,1,False,False,True,False,True,False,False,False,10
0,1,27.06,31.06,74,8.9981,5,8,1,False,False,True,False,True,False,False,False,21
0,1,27.88,31.82,69,7.0015,6,8,1,False,False,True,False,True,False,False,False,117
0,1,29.52,33.335,61,19.0012,7,8,1,False,False,True,False,True,False,False,False,335
0,1,30.34,34.09,58,19.0012,8,8,1,False,False,True,False,True,False,False,False,435
0,1,31.98,34.85,46,19.9995,9,8,1,False,False,True,False,True,False,False,False,213
0,1,33.62,36.365,36,19.9995,10,8,1,False,False,True,False,True,False,False,False,140
0,1,34.44,36.365,32,27.9993,11,8,1,False,False,True,False,True,False,False,False,128
0,1,35.26,37.12,30,19.0012,12,8,1,False,False,True,False,True,False,False,False,157
0,1,35.26,37.12,30,15.0013,13,8,1,False,False,True,False,True,False,False,False,203
0,1,36.9,38.635,25,19.0012,14,8,1,False,False,True,False,True,False,False,False,159
0,1,36.9,38.635,25,19.0012,15,8,1,False,False,True,False,True,False,False,False,168
0,1,36.9,38.635,25,19.0012,16,8,1,False,False,True,False,True,False,False,False,274
0,1,36.9,39.395,27,8.9981,17,8,1,False,False,True,False,False,True,False,False,556
0,1,35.26,37.88,34,12.998,18,8,1,False,False,True,False,False,True,False,False,556
0,1,35.26,37.88,36,15.0013,19,8,1,False,False,True,False,False,True,False,False,454
0,1,33.62,37.88,46,16.9979,20,8,1,False,False,True,False,False,True,False,False,288
0,1,32.8,37.12,52,15.0013,21,8,1,False,False,True,False,True,False,False,False,254
0,1,31.98,37.12,59,11.0014,22,8,1,False,False,True,False,False,True,False,False,191
0,1,32.8,37.12,49,11.0014,23,8,1,False,False,True,False,False,True,False,False,132
0,1,32.8,37.12,49,11.0014,0,8,2,False,False,True,False,False,True,False,False,43
0,1,31.98,35.605,52,11.0014,1,8,2,False,False,True,False,False,True,False,False,16
0,1,31.98,35.605,49,11.0014,2,8,2,False,False,True,False,False,True,False,False,11
0,1,31.16,34.85,55,6.0032,3,8,2,False,False,True,False,False,True,False,False,4
0,1,31.16,34.85,52,11.0014,4,8,2,False,False,True,False,False,True,False,False,7
0,1,31.16,34.85,55,6.0032,5,8,2,False,False,True,False,False,True,False,False,24
0,1,29.52,34.09,66,32.9975,6,8,2,False,False,True,False,False,False,True,False,110
0,1,30.34,33.335,51,15.0013,7,8,2,False,False,True,False,False,True,False,False,271
0,1,30.34,33.335,51,11.0014,8,8,2,False,False,True,False,False,True,False,False,437
0,1,30.34,34.09,55,12.998,9,8,2,False,False,True,False,False,True,False,False,195
0,1,30.34,34.09,58,6.0032,10,8,2,False,False,True,False,False,False,True,False,68
0,1,30.34,34.09,58,7.0015,11,8,2,False,False,True,False,False,True,False,False,122
0,1,31.16,34.85,55,8.9981,12,8,2,False,False,True,False,False,False,True,False,161
0,1,31.16,35.605,58,15.0013,13,8,2,False,False,True,False,False,True,False,False,144
0,1,31.16,35.605,58,15.0013,14,8,2,False,False,True,False,False,True,False,False,147
0,1,28.7,33.335,79,8.9981,15,8,2,False,False,True,False,False,True,False,False,118
0,1,27.88,31.82,79,0.0,16,8,2,False,False,True,False,False,False,True,False,150
0,1,28.7,33.335,79,0.0,17,8,2,False,False,True,False,False,True,False,False,425
0,1,28.7,33.335,84,0.0,18,8,2,False,False,True,False,False,False,True,False,492
0,1,28.7,33.335,84,0.0,19,8,2,False,False,True,False,False,False,True,False,321
0,1,28.7,33.335,84,7.0015,20,8,2,False,False,True,False,False,False,True,False,87
0,1,27.88,31.82,89,8.9981,21,8,2,False,False,True,False,False,True,False,False,88
0,1,27.88,31.82,89,7.0015,22,8,2,False,False,True,False,False,False,True,False,77
0,1,27.88,31.82,89,6.0032,23,8,2,False,False,True,False,False,True,False,False,56
0,1,27.88,31.82,89,6.0032,0,8,3,False,False,True,False,False,True,False,False,17
0,1,27.06,29.545,94,6.0032,1,8,3,False,False,True,False,False,True,False,False,17
0,1,27.06,29.545,94,6.0032,2,8,3,False,False,True,False,False,True,False,False,7
0,1,27.06,29.545,94,6.0032,3,8,3,False,False,True,False,False,False,True,False,3
0,1,27.88,31.82,89,0.0,4,8,3,False,False,True,False,False,True,False,False,7
0,1,27.88,31.82,89,0.0,5,8,3,False,False,True,False,False,True,False,False,20
0,1,27.88,31.82,89,19.9995,6,8,3,False,False,True,False,False,True,False,False,97
0,1,27.88,31.82,89,19.9995,7,8,3,False,False,True,False,False,True,False,False,282
0,1,28.7,32.575,82,23.9994,8,8,3,False,False,True,False,False,True,False,False,398
0,1,29.52,34.85,74,22.0028,9,8,3,False,False,True,False,True,False,False,False,187
0,1,29.52,33.335,71,19.9995,10,8,3,False,False,True,False,True,False,False,False,113
0,1,30.34,34.85,66,15.0013,11,8,3,False,False,True,False,False,True,False,False,149
0,1,31.16,35.605,62,15.0013,12,8,3,False,False,True,False,False,True,False,False,205
0,1,31.16,35.605,58,0.0,13,8,3,False,False,True,False,True,False,False,False,205
0,1,32.8,37.88,55,11.0014,14,8,3,False,False,True,False,True,False,False,False,167
0,1,32.8,37.88,55,16.9979,15,8,3,False,False,True,False,True,False,False,False,165
0,1,31.16,35.605,62,22.0028,16,8,3,False,False,True,False,True,False,False,False,290
0,1,31.16,35.605,62,22.0028,17,8,3,False,False,True,False,True,False,False,False,555
0,1,28.7,33.335,74,19.9995,18,8,3,False,False,True,False,True,False,False,False,523
0,1,28.7,33.335,74,19.0012,19,8,3,False,False,True,False,True,False,False,False,366
0,1,28.7,33.335,74,12.998,20,8,3,False,False,True,False,False,True,False,False,286
0,1,28.7,33.335,74,12.998,21,8,3,False,False,True,False,False,True,False,False,211
0,1,27.88,31.82,74,12.998,22,8,3,False,False,True,False,True,False,False,False,174
0,1,27.06,31.06,74,7.0015,23,8,3,False,False,True,False,True,False,False,False,132
0,1,27.06,31.06,74,7.0015,0,8,4,False,False,True,False,True,False,False,False,54
0,1,26.24,29.545,78,6.0032,1,8,4,False,False,True,False,True,False,False,False,19
0,1,27.06,31.06,69,0.0,2,8,4,False,False,True,False,True,False,False,False,19
0,1,26.24,29.545,78,6.0032,3,8,4,False,False,True,False,True,False,False,False,6
0,1,26.24,29.545,78,8.9981,4,8,4,False,False,True,False,True,False,False,False,7
0,1,26.24,29.545,78,6.0032,5,8,4,False,False,True,False,True,False,False,False,16
0,1,26.24,29.545,78,8.9981,6,8,4,False,False,True,False,True,False,False,False,101
0,1,27.06,30.305,78,8.9981,7,8,4,False,False,True,False,True,False,False,False,270
0,1,28.7,32.575,65,15.0013,8,8,4,False,False,True,False,True,False,False,False,454
0,1,29.52,33.335,58,7.0015,9,8,4,False,False,True,False,True,False,False,False,226
0,1,30.34,34.09,55,8.9981,10,8,4,False,False,True,False,True,False,False,False,163
0,1,31.16,34.85,52,16.9979,11,8,4,False,False,True,False,False,True,False,False,147
0,1,31.16,34.85,52,16.9979,12,8,4,False,False,True,False,True,False,False,False,216
0,1,31.98,35.605,52,16.9979,13,8,4,False,False,True,False,True,False,False,False,204
0,1,31.98,35.605,52,16.9979,14,8,4,False,False,True,False,False,True,False,False,245
0,1,31.16,34.85,55,16.9979,15,8,4,False,False,True,False,True,False,False,False,210
0,1,32.8,37.12,49,16.9979,16,8,4,False,False,True,False,True,False,False,False,330
0,1,31.98,35.605,49,19.9995,17,8,4,False,False,True,False,True,False,False,False,550
0,1,31.16,34.85,52,16.9979,18,8,4,False,False,True,False,True,False,False,False,466
0,1,30.34,34.09,55,16.9979,19,8,4,False,False,True,False,True,False,False,False,372
0,1,29.52,33.335,58,15.0013,20,8,4,False,False,True,False,True,False,False,False,291
0,1,28.7,32.575,65,12.998,21,8,4,False,False,True,False,True,False,False,False,173
0,1,28.7,32.575,65,15.0013,22,8,4,False,False,True,False,True,False,False,False,188
0,1,27.88,31.82,69,15.0013,23,8,4,False,False,True,False,True,False,False,False,139
0,0,27.06,30.305,78,12.998,0,8,5,False,False,True,False,True,False,False,False,133
0,0,27.06,30.305,78,11.0014,1,8,5,False,False,True,False,True,False,False,False,67
0,0,27.06,30.305,78,15.0013,2,8,5,False,False,True,False,True,False,False,False,53
0,0,27.06,30.305,78,11.0014,3,8,5,False,False,True,False,False,True,False,False,42
0,0,27.06,30.305,83,11.0014,4,8,5,False,False,True,False,False,True,False,False,10
0,0,26.24,28.79,89,6.0032,5,8,5,False,False,True,False,True,False,False,False,6
0,0,26.24,28.79,89,7.0015,6,8,5,False,False,True,False,True,False,False,False,27
0,0,27.88,31.82,83,11.0014,7,8,5,False,False,True,False,True,False,False,False,63
0,0,27.88,31.82,83,11.0014,8,8,5,False,False,True,False,True,False,False,False,121
0,0,30.34,34.85,70,15.0013,9,8,5,False,False,True,False,True,False,False,False,215
0,0,30.34,34.85,70,19.0012,10,8,5,False,False,True,False,False,True,False,False,290
0,0,31.98,37.12,62,15.0013,11,8,5,False,False,True,False,True,False,False,False,349
0,0,32.8,37.88,55,15.0013,12,8,5,False,False,True,False,True,False,False,False,382
0,0,32.8,38.635,59,22.0028,13,8,5,False,False,True,False,False,True,False,False,441
0,0,33.62,38.635,52,16.9979,14,8,5,False,False,True,False,True,False,False,False,380
0,0,34.44,40.15,53,16.9979,15,8,5,False,False,True,False,False,True,False,False,362
0,0,30.34,35.605,79,11.0014,16,8,5,False,False,True,False,False,False,True,False,343
0,0,30.34,35.605,79,11.0014,17,8,5,False,False,True,False,False,False,True,False,149
0,0,29.52,34.85,79,30.0026,18,8,5,False,False,True,False,False,True,False,False,211
0,0,29.52,35.605,84,16.9979,19,8,5,False,False,True,False,False,False,True,False,171
0,0,29.52,34.85,79,19.0012,20,8,5,False,False,True,False,False,False,True,False,137
0,0,28.7,33.335,84,22.0028,21,8,5,False,False,True,False,False,True,False,False,114
0,0,28.7,33.335,84,22.0028,22,8,5,False,False,True,False,False,True,False,False,120
0,0,28.7,33.335,84,19.0012,23,8,5,False,False,True,False,False,False,True,False,108
0,0,28.7,33.335,84,19.0012,0,8,6,False,False,True,False,False,True,False,False,80
0,0,28.7,33.335,84,16.9979,1,8,6,False,False,True,False,False,True,False,False,73
0,0,28.7,33.335,84,15.0013,2,8,6,False,False,True,False,False,True,False,False,66
0,0,28.7,33.335,84,8.9981,3,8,6,False,False,True,False,False,True,False,False,32
0,0,28.7,33.335,84,8.9981,4,8,6,False,False,True,False,True,False,False,False,6
0,0,28.7,33.335,89,12.998,5,8,6,False,False,True,False,True,False,False,False,5
0,0,28.7,33.335,89,11.0014,6,8,6,False,False,True,False,True,False,False,False,13
0,0,28.7,33.335,84,12.998,7,8,6,False,False,True,False,True,False,False,False,39
0,0,29.52,34.85,79,12.998,8,8,6,False,False,True,False,True,False,False,False,89
0,0,31.16,37.12,75,7.0015,9,8,6,False,False,True,False,True,False,False,False,184
0,0,32.8,40.15,66,8.9981,10,8,6,False,False,True,False,True,False,False,False,266
0,0,33.62,41.665,63,0.0,11,8,6,False,False,True,False,True,False,False,False,269
0,0,36.9,42.425,42,19.9995,12,8,6,False,False,True,False,True,False,False,False,370
0,0,36.9,42.425,42,19.9995,13,8,6,False,False,True,False,True,False,False,False,324
0,0,35.26,40.15,47,12.998,14,8,6,False,False,True,False,True,False,False,False,322
0,0,29.52,34.85,74,19.9995,15,8,6,False,False,True,False,False,False,True,False,326
0,0,29.52,34.85,74,19.9995,16,8,6,False,False,True,False,False,False,True,False,193
0,0,30.34,35.605,74,43.0006,17,8,6,False,False,True,False,False,False,True,False,194
0,0,29.52,34.85,74,6.0032,18,8,6,False,False,True,False,True,False,False,False,229
0,0,29.52,34.85,79,11.0014,19,8,6,False,False,True,False,True,False,False,False,228
0,0,29.52,35.605,84,8.9981,20,8,6,False,False,True,False,True,False,False,False,183
0,0,29.52,35.605,84,7.0015,21,8,6,False,False,True,False,True,False,False,False,136
0,0,28.7,33.335,89,12.998,22,8,6,False,False,True,False,True,False,False,False,103
0,0,28.7,33.335,79,7.0015,23,8,6,False,False,True,False,True,False,False,False,55
0,1,28.7,33.335,79,7.0015,0,8,0,False,False,True,False,True,False,False,False,30
0,1,27.88,31.82,83,8.9981,1,8,0,False,False,True,False,True,False,False,False,12
0,1,27.06,29.545,89,0.0,2,8,0,False,False,True,False,True,False,False,False,7
0,1,27.06,29.545,89,0.0,3,8,0,False,False,True,False,True,False,False,False,1
0,1,27.06,29.545,89,7.0015,4,8,0,False,False,True,False,True,False,False,False,10
0,1,28.7,33.335,79,6.0032,5,8,0,False,False,True,False,True,False,False,False,15
0,1,28.7,32.575,65,19.0012,6,8,0,False,False,True,False,True,False,False,False,95
0,1,29.52,34.09,62,19.9995,7,8,0,False,False,True,False,True,False,False,False,267
0,1,30.34,34.09,58,22.0028,8,8,0,False,False,True,False,True,False,False,False,349
0,1,31.16,34.85,55,26.0027,9,8,0,False,False,True,False,True,False,False,False,183
0,1,32.8,37.12,52,26.0027,10,8,0,False,False,True,False,True,False,False,False,124
0,1,33.62,37.12,48,23.9994,11,8,0,False,False,True,False,True,False,False,False,179
0,1,33.62,37.88,46,16.9979,12,8,0,False,False,True,False,True,False,False,False,182
0,1,34.44,37.88,44,19.9995,13,8,0,False,False,True,False,True,False,False,False,151
0,1,33.62,37.12,43,19.9995,14,8,0,False,False,True,False,True,False,False,False,150
0,1,34.44,37.88,41,19.9995,15,8,0,False,False,True,False,True,False,False,False,126
0,1,35.26,38.635,39,19.0012,16,8,0,False,False,True,False,True,False,False,False,282
0,1,35.26,38.635,39,11.0014,17,8,0,False,False,True,False,True,False,False,False,527
0,1,34.44,37.88,41,8.9981,18,8,0,False,False,True,False,True,False,False,False,529
0,1,33.62,37.12,43,7.0015,19,8,0,False,False,True,False,True,False,False,False,416
0,1,32.8,37.88,55,0.0,20,8,0,False,False,True,False,True,False,False,False,286
0,1,31.16,35.605,58,6.0032,21,8,0,False,False,True,False,True,False,False,False,186
0,1,31.16,35.605,58,7.0015,22,8,0,False,False,True,False,True,False,False,False,147
0,1,30.34,34.85,66,7.0015,23,8,0,False,False,True,False,True,False,False,False,72
0,1,29.52,34.85,79,8.9981,0,8,1,False,False,True,False,True,False,False,False,35
0,1,29.52,34.09,66,0.0,1,8,1,False,False,True,False,True,False,False,False,14
0,1,29.52,34.09,70,0.0,2,8,1,False,False,True,False,True,False,False,False,12
0,1,29.52,34.09,62,0.0,3,8,1,False,False,True,False,True,False,False,False,3
0,1,28.7,33.335,74,0.0,4,8,1,False,False,True,False,True,False,False,False,7
0,1,28.7,32.575,65,6.0032,5,8,1,False,False,True,False,True,False,False,False,30
0,1,29.52,33.335,64,0.0,6,8,1,False,False,True,False,True,False,False,False,101
0,1,29.52,34.85,74,7.0015,7,8,1,False,False,True,False,True,False,False,False,343
0,1,30.34,34.85,66,0.0,8,8,1,False,False,True,False,True,False,False,False,392
0,1,31.98,37.12,62,8.9981,9,8,1,False,False,True,False,False,True,False,False,175
0,1,32.8,38.635,59,15.0013,10,8,1,False,False,True,False,False,True,False,False,144
0,1,32.8,38.635,59,15.0013,11,8,1,False,False,True,False,True,False,False,False,149
0,1,33.62,39.395,56,12.998,12,8,1,False,False,True,False,True,False,False,False,185
0,1,34.44,39.395,49,11.0014,13,8,1,False,False,True,False,True,False,False,False,175
0,1,35.26,39.395,44,19.0012,14,8,1,False,False,True,False,True,False,False,False,148
0,1,35.26,38.635,39,19.0012,15,8,1,False,False,True,False,True,False,False,False,164
0,1,35.26,38.635,39,19.9995,16,8,1,False,False,True,False,True,False,False,False,285
0,1,32.8,37.88,55,11.0014,17,8,1,False,False,True,False,True,False,False,False,532
0,1,32.8,37.88,55,12.998,18,8,1,False,False,True,False,True,False,False,False,585
0,1,32.8,37.12,49,7.0015,19,8,1,False,False,True,False,True,False,False,False,371
0,1,32.8,36.365,43,12.998,20,8,1,False,False,True,False,True,False,False,False,292
0,1,31.98,34.85,46,16.9979,21,8,1,False,False,True,False,True,False,False,False,230
0,1,31.98,34.85,46,19.9995,22,8,1,False,False,True,False,True,False,False,False,155
0,1,31.16,34.09,48,19.0012,23,8,1,False,False,True,False,True,False,False,False,75
0,1,30.34,33.335,51,15.0013,0,8,2,False,False,True,False,True,False,False,False,37
0,1,29.52,33.335,54,12.998,1,8,2,False,False,True,False,True,False,False,False,17
0,1,29.52,33.335,54,11.0014,2,8,2,False,False,True,False,True,False,False,False,11
0,1,28.7,32.575,58,11.0014,3,8,2,False,False,True,False,True,False,False,False,4
0,1,28.7,32.575,54,8.9981,4,8,2,False,False,True,False,True,False,False,False,5
0,1,27.88,31.82,61,6.0032,5,8,2,False,False,True,False,True,False,False,False,32
0,1,27.88,31.82,61,0.0,6,8,2,False,False,True,False,True,False,False,False,119
0,1,28.7,32.575,58,6.0032,7,8,2,False,False,True,False,True,False,False,False,305
0,1,30.34,33.335,51,12.998,8,8,2,False,False,True,False,True,False,False,False,399
0,1,31.16,34.09,48,15.0013,9,8,2,False,False,True,False,True,False,False,False,180
0,1,32.8,36.365,43,15.0013,10,8,2,False,False,True,False,True,False,False,False,113
0,1,32.8,35.605,41,26.0027,11,8,2,False,False,True,False,True,False,False,False,149
0,1,33.62,36.365,38,19.9995,12,8,2,False,False,True,False,True,False,False,False,240
0,1,33.62,36.365,38,19.0012,13,8,2,False,False,True,False,True,False,False,False,191
0,1,34.44,36.365,34,22.0028,14,8,2,False,False,True,False,True,False,False,False,178
0,1,35.26,37.12,30,22.0028,15,8,2,False,False,True,False,True,False,False,False,194
0,1,35.26,37.12,26,19.9995,16,8,2,False,False,True,False,True,False,False,False,282
0,1,34.44,35.605,26,19.9995,17,8,2,False,False,True,False,True,False,False,False,584
0,1,33.62,35.605,28,19.9995,18,8,2,False,False,True,False,True,False,False,False,559
0,1,32.8,34.85,26,16.9979,19,8,2,False,False,True,False,True,False,False,False,413
0,1,31.16,33.335,31,8.9981,20,8,2,False,False,True,False,True,False,False,False,312
0,1,31.16,33.335,33,7.0015,21,8,2,False,False,True,False,True,False,False,False,209
0,1,30.34,32.575,37,0.0,22,8,2,False,False,True,False,True,False,False,False,139
0,1,30.34,32.575,37,6.0032,23,8,2,False,False,True,False,True,False,False,False,108
0,1,28.7,31.82,45,7.0015,0,8,3,False,False,True,False,True,False,False,False,46
0,1,28.7,31.82,45,8.9981,1,8,3,False,False,True,False,True,False,False,False,26
0,1,27.06,31.06,54,8.9981,2,8,3,False,False,True,False,True,False,False,False,11
0,1,26.24,31.06,57,8.9981,3,8,3,False,False,True,False,True,False,False,False,9
0,1,26.24,31.06,57,11.0014,4,8,3,False,False,True,False,True,False,False,False,5
0,1,26.24,31.06,61,12.998,5,8,3,False,False,True,False,True,False,False,False,25
0,1,25.42,30.305,65,11.0014,6,8,3,False,False,True,False,True,False,False,False,106
0,1,27.06,31.06,54,8.9981,7,8,3,False,False,True,False,True,False,False,False,307
0,1,28.7,31.82,45,11.0014,8,8,3,False,False,True,False,True,False,False,False,390
0,1,29.52,32.575,39,15.0013,9,8,3,False,False,True,False,True,False,False,False,197
0,1,30.34,32.575,37,16.9979,10,8,3,False,False,True,False,True,False,False,False,132
0,1,31.16,33.335,35,16.9979,11,8,3,False,False,True,False,True,False,False,False,187
0,1,31.98,34.09,31,16.9979,12,8,3,False,False,True,False,True,False,False,False,214
0,1,31.16,33.335,31,15.0013,13,8,3,False,False,True,False,True,False,False,False,217
0,1,32.8,34.85,29,0.0,14,8,3,False,False,True,False,True,False,False,False,142
0,1,32.8,34.85,29,19.9995,15,8,3,False,False,True,False,True,False,False,False,178
0,1,32.8,34.85,27,12.998,16,8,3,False,False,True,False,True,False,False,False,298
0,1,32.8,34.85,29,16.9979,17,8,3,False,False,True,False,True,False,False,False,582
0,1,31.98,34.09,29,6.0032,18,8,3,False,False,True,False,True,False,False,False,571
0,1,30.34,32.575,35,12.998,19,8,3,False,False,True,False,True,False,False,False,371
0,1,29.52,32.575,37,8.9981,20,8,3,False,False,True,False,True,False,False,False,288
0,1,28.7,32.575,48,6.0032,21,8,3,False,False,True,False,True,False,False,False,206
0,1,28.7,32.575,48,0.0,22,8,3,False,False,True,False,True,False,False,False,157
0,1,27.06,31.06,50,11.0014,23,8,3,False,False,True,False,True,False,False,False,127
0,1,26.24,31.06,53,11.0014,0,8,4,False,False,True,False,True,False,False,False,65
0,1,26.24,31.06,53,8.9981,1,8,4,False,False,True,False,True,False,False,False,23
0,1,25.42,31.06,57,12.998,2,8,4,False,False,True,False,True,False,False,False,15
0,1,25.42,31.06,53,11.0014,3,8,4,False,False,True,False,True,False,False,False,9
0,1,25.42,31.06,53,8.9981,4,8,4,False,False,True,False,True,False,False,False,5
0,1,24.6,31.06,56,8.9981,5,8,4,False,False,True,False,True,False,False,False,26
0,1,25.42,31.06,50,8.9981,6,8,4,False,False,True,False,True,False,False,False,76
0,1,26.24,31.06,44,11.0014,7,8,4,False,False,True,False,True,False,False,False,264
0,1,27.88,31.82,39,15.0013,8,8,4,False,False,True,False,True,False,False,False,426
0,1,29.52,32.575,34,8.9981,9,8,4,False,False,True,False,True,False,False,False,205
0,1,30.34,32.575,33,7.0015,10,8,4,False,False,True,False,True,False,False,False,130
0,1,31.16,33.335,29,0.0,11,8,4,False,False,True,False,True,False,False,False,156
0,1,32.8,34.85,27,0.0,12,8,4,False,False,True,False,True,False,False,False,222
0,1,31.98,34.09,29,6.0032,13,8,4,False,False,True,False,True,False,False,False,253
0,1,32.8,34.85,29,12.998,14,8,4,False,False,True,False,True,False,False,False,186
0,1,32.8,34.85,29,11.0014,15,8,4,False,False,True,False,True,False,False,False,249
0,1,33.62,35.605,28,0.0,16,8,4,False,False,True,False,True,False,False,False,334
0,1,33.62,35.605,26,0.0,17,8,4,False,False,True,False,True,False,False,False,516
0,1,31.16,34.09,40,19.9995,18,8,4,False,False,True,False,True,False,False,False,465
0,1,30.34,33.335,42,15.0013,19,8,4,False,False,True,False,True,False,False,False,385
0,1,29.52,32.575,42,15.0013,20,8,4,False,False,True,False,True,False,False,False,287
0,1,28.7,32.575,48,8.9981,21,8,4,False,False,True,False,True,False,False,False,226
0,1,27.88,31.82,51,0.0,22,8,4,False,False,True,False,True,False,False,False,231
0,1,27.88,31.82,51,0.0,23,8,4,False,False,True,False,True,False,False,False,151
0,0,27.88,31.82,51,7.0015,0,8,5,False,False,True,False,True,False,False,False,84
0,0,27.88,31.82,57,6.0032,1,8,5,False,False,True,False,False,True,False,False,77
0,0,27.88,31.82,57,0.0,2,8,5,False,False,True,False,True,False,False,False,74
0,0,27.06,31.06,65,8.9981,3,8,5,False,False,True,False,True,False,False,False,27
0,0,26.24,30.305,73,8.9981,4,8,5,False,False,True,False,False,True,False,False,10
0,0,26.24,30.305,73,7.0015,5,8,5,False,False,True,False,True,False,False,False,18
0,0,26.24,30.305,73,6.0032,6,8,5,False,False,True,False,True,False,False,False,22
0,0,27.06,31.06,74,12.998,7,8,5,False,False,True,False,False,True,False,False,44
0,0,28.7,32.575,65,11.0014,8,8,5,False,False,True,False,False,True,False,False,118
0,0,28.7,33.335,74,11.0014,9,8,5,False,False,True,False,False,True,False,False,208
0,0,29.52,34.85,74,15.0013,10,8,5,False,False,True,False,False,True,False,False,260
0,0,30.34,34.85,70,12.998,11,8,5,False,False,True,False,False,True,False,False,314
0,0,27.06,29.545,89,11.0014,12,8,5,False,False,True,False,False,True,False,False,421
0,0,30.34,35.605,74,22.0028,13,8,5,False,False,True,False,False,True,False,False,153
0,0,30.34,34.85,70,16.9979,14,8,5,False,False,True,False,True,False,False,False,259
0,0,27.88,31.82,79,23.9994,15,8,5,False,False,True,False,False,False,True,False,358
0,0,28.7,33.335,74,19.0012,16,8,5,False,False,True,False,False,True,False,False,281
0,0,29.52,34.85,74,16.9979,17,8,5,False,False,True,False,False,True,False,False,269
0,0,28.7,33.335,74,15.0013,18,8,5,False,False,True,False,True,False,False,False,292
0,0,27.88,31.82,79,19.0012,19,8,5,False,False,True,False,False,True,False,False,237
0,0,27.88,31.82,83,15.0013,20,8,5,False,False,True,False,False,True,False,False,183
0,0,27.88,31.82,83,26.0027,21,8,5,False,False,True,False,False,True,False,False,167
0,0,27.88,31.82,83,26.0027,22,8,5,False,False,True,False,False,True,False,False,154
0,0,27.06,30.305,83,22.0028,23,8,5,False,False,True,False,False,True,False,False,120
0,0,27.06,30.305,83,19.9995,0,8,6,False,False,True,False,False,False,True,False,90
0,0,26.24,28.79,89,15.0013,1,8,6,False,False,True,False,False,False,True,False,73
0,0,26.24,28.79,89,15.0013,2,8,6,False,False,True,False,False,False,True,False,62
0,0,26.24,28.03,94,16.9979,3,8,6,False,False,True,False,False,True,False,False,27
0,0,26.24,28.03,94,12.998,4,8,6,False,False,True,False,False,False,True,False,3
0,0,26.24,28.03,94,11.0014,5,8,6,False,False,True,False,False,True,False,False,10
0,0,26.24,28.03,94,7.0015,6,8,6,False,False,True,False,False,True,False,False,6
0,0,27.06,29.545,89,12.998,7,8,6,False,False,True,False,False,True,False,False,24
0,0,27.06,29.545,89,19.0012,8,8,6,False,False,True,False,False,True,False,False,41
0,0,27.06,29.545,89,19.0012,9,8,6,False,False,True,False,False,False,True,False,103
0,0,28.7,33.335,79,15.0013,10,8,6,False,False,True,False,True,False,False,False,183
0,0,28.7,33.335,79,12.998,11,8,6,False,False,True,False,True,False,False,False,198
0,0,28.7,33.335,79,15.0013,12,8,6,False,False,True,False,False,True,False,False,281
0,0,29.52,34.85,74,16.9979,13,8,6,False,False,True,False,True,False,False,False,377
0,0,30.34,34.85,70,12.998,14,8,6,False,False,True,False,True,False,False,False,370
0,0,30.34,34.85,66,12.998,15,8,6,False,False,True,False,True,False,False,False,331
0,0,30.34,34.85,66,11.0014,16,8,6,False,False,True,False,True,False,False,False,292
0,0,31.16,35.605,62,8.9981,17,8,6,False,False,True,False,True,False,False,False,329
0,0,30.34,34.85,66,11.0014,18,8,6,False,False,True,False,True,False,False,False,347
0,0,29.52,34.85,74,15.0013,19,8,6,False,False,True,False,True,False,False,False,259
0,0,28.7,33.335,84,11.0014,20,8,6,False,False,True,False,True,False,False,False,193
0,0,24.6,27.275,88,32.9975,21,8,6,False,False,True,False,False,False,True,False,155
0,0,24.6,27.275,88,32.9975,22,8,6,False,False,True,False,False,False,True,False,39
0,0,24.6,28.03,83,0.0,23,8,6,False,False,True,False,False,False,True,False,27
0,1,24.6,27.275,88,6.0032,0,8,0,False,False,True,False,False,False,True,False,25
0,1,24.6,27.275,88,8.9981,1,8,0,False,False,True,False,False,True,False,False,10
0,1,24.6,28.03,83,0.0,2,8,0,False,False,True,False,False,True,False,False,3
0,1,24.6,28.03,83,12.998,3,8,0,False,False,True,False,True,False,False,False,7
0,1,24.6,28.03,83,8.9981,4,8,0,False,False,True,False,True,False,False,False,5
0,1,24.6,27.275,88,12.998,5,8,0,False,False,True,False,False,True,False,False,17
0,1,24.6,27.275,88,16.9979,6,8,0,False,False,True,False,True,False,False,False,90
0,1,24.6,27.275,88,16.9979,7,8,0,False,False,True,False,True,False,False,False,258
0,1,26.24,29.545,78,22.0028,8,8,0,False,False,True,False,True,False,False,False,355
0,1,26.24,29.545,78,22.0028,9,8,0,False,False,True,False,True,False,False,False,222
0,1,27.88,31.82,69,19.0012,10,8,0,False,False,True,False,True,False,False,False,141
0,1,29.52,34.09,62,16.9979,11,8,0,False,False,True,False,False,True,False,False,153
0,1,30.34,34.09,58,19.0012,12,8,0,False,False,True,False,True,False,False,False,178
0,1,31.98,35.605,52,19.0012,13,8,0,False,False,True,False,True,False,False,False,193
0,1,30.34,34.09,55,6.0032,14,8,0,False,False,True,False,True,False,False,False,151
0,1,30.34,34.09,55,19.9995,15,8,0,False,False,True,False,False,False,True,False,182
0,1,30.34,34.09,55,22.0028,16,8,0,False,False,True,False,True,False,False,False,283
0,1,30.34,33.335,51,19.0012,17,8,0,False,False,True,False,True,False,False,False,530
0,1,28.7,32.575,65,12.998,18,8,0,False,False,True,False,True,False,False,False,483
0,1,28.7,32.575,65,0.0,19,8,0,False,False,True,False,True,False,False,False,397
0,1,27.06,31.06,74,8.9981,20,8,0,False,False,True,False,True,False,False,False,285
0,1,27.06,31.06,65,12.998,21,8,0,False,False,True,False,True,False,False,False,184
0,1,27.06,31.06,69,16.9979,22,8,0,False,False,True,False,True,False,False,False,98
0,1,26.24,30.305,69,15.0013,23,8,0,False,False,True,False,True,False,False,False,88
0,1,26.24,30.305,69,7.0015,0,8,1,False,False,True,False,True,False,False,False,31
0,1,26.24,30.305,69,11.0014,1,8,1,False,False,True,False,True,False,False,False,16
0,1,25.42,29.545,73,15.0013,2,8,1,False,False,True,False,True,False,False,False,4
0,1,25.42,29.545,73,15.0013,3,8,1,False,False,True,False,True,False,False,False,6
0,1,26.24,30.305,69,19.9995,4,8,1,False,False,True,False,True,False,False,False,5
0,1,25.42,29.545,73,19.0012,5,8,1,False,False,True,False,True,False,False,False,30
0,1,25.42,29.545,73,22.0028,6,8,1,False,False,True,False,True,False,False,False,119
0,1,26.24,30.305,69,16.9979,7,8,1,False,False,True,False,True,False,False,False,346
0,1,28.7,32.575,58,30.0026,8,8,1,False,False,True,False,True,False,False,False,441
0,1,27.88,31.82,61,19.0012,9,8,1,False,False,True,False,True,False,False,False,198
0,1,28.7,32.575,58,26.0027,10,8,1,False,False,True,False,True,False,False,False,111
0,1,30.34,33.335,51,15.0013,11,8,1,False,False,True,False,True,False,False,False,150
0,1,31.16,34.09,48,22.0028,12,8,1,False,False,True,False,True,False,False,False,162
0,1,31.16,34.09,48,19.9995,13,8,1,False,False,True,False,True,False,False,False,192
0,1,31.16,34.09,45,27.9993,14,8,1,False,False,True,False,True,False,False,False,182
0,1,32.8,35.605,41,19.9995,15,8,1,False,False,True,False,True,False,False,False,159
0,1,32.8,35.605,41,15.0013,16,8,1,False,False,True,False,True,False,False,False,303
0,1,31.16,34.09,45,22.0028,17,8,1,False,False,True,False,True,False,False,False,600
0,1,31.16,34.09,45,15.0013,18,8,1,False,False,True,False,True,False,False,False,570
0,1,30.34,33.335,48,12.998,19,8,1,False,False,True,False,True,False,False,False,376
0,1,30.34,33.335,51,0.0,20,8,1,False,False,True,False,True,False,False,False,280
0,1,29.52,33.335,54,0.0,21,8,1,False,False,True,False,True,False,False,False,215
0,1,28.7,32.575,61,0.0,22,8,1,False,False,True,False,True,False,False,False,152
0,1,27.06,31.06,65,8.9981,23,8,1,False,False,True,False,True,False,False,False,77
0,1,27.06,31.06,69,6.0032,0,8,2,False,False,True,False,True,False,False,False,24
0,1,26.24,30.305,73,11.0014,1,8,2,False,False,True,False,True,False,False,False,14
0,1,27.06,31.06,69,0.0,2,8,2,False,False,True,False,True,False,False,False,6
0,1,26.24,29.545,78,0.0,3,8,2,False,False,True,False,True,False,False,False,5
0,1,26.24,30.305,73,0.0,4,8,2,False,False,True,False,True,False,False,False,5
0,1,26.24,30.305,73,0.0,5,8,2,False,False,True,False,True,False,False,False,28
0,1,25.42,29.545,78,0.0,6,8,2,False,False,True,False,True,False,False,False,105
0,1,27.06,31.06,65,6.0032,7,8,2,False,False,True,False,True,False,False,False,308
0,1,28.7,32.575,54,11.0014,8,8,2,False,False,True,False,True,False,False,False,487
0,1,30.34,33.335,48,6.0032,9,8,2,False,False,True,False,True,False,False,False,209
0,1,31.16,34.09,43,6.0032,10,8,2,False,False,True,False,True,False,False,False,118
0,1,31.98,34.85,43,7.0015,11,8,2,False,False,True,False,True,False,False,False,128
0,1,32.8,36.365,43,19.0012,12,8,2,False,False,True,False,True,False,False,False,189
0,1,32.8,35.605,41,12.998,13,8,2,False,False,True,False,True,False,False,False,176
0,1,33.62,36.365,36,11.0014,14,8,2,False,False,True,False,True,False,False,False,192
0,1,32.8,36.365,43,8.9981,15,8,2,False,False,True,False,True,False,False,False,159
0,1,33.62,37.12,43,15.0013,16,8,2,False,False,True,False,True,False,False,False,300
0,1,32.8,37.12,49,15.0013,17,8,2,False,False,True,False,True,False,False,False,552
0,1,31.16,34.85,55,16.9979,18,8,2,False,False,True,False,True,False,False,False,556
0,1,31.16,34.85,55,15.0013,19,8,2,False,False,True,False,True,False,False,False,347
0,1,30.34,34.09,58,16.9979,20,8,2,False,False,True,False,True,False,False,False,280
0,1,29.52,34.09,62,15.0013,21,8,2,False,False,True,False,True,False,False,False,230
0,1,28.7,32.575,65,12.998,22,8,2,False,False,True,False,True,False,False,False,171
0,1,28.7,32.575,65,19.0012,23,8,2,False,False,True,False,True,False,False,False,105
0,1,27.88,31.82,65,8.9981,0,8,3,False,False,True,False,True,False,False,False,56
0,1,27.06,31.06,65,11.0014,1,8,3,False,False,True,False,False,True,False,False,24
0,1,27.06,31.06,65,15.0013,2,8,3,False,False,True,False,True,False,False,False,6
0,1,27.06,31.06,69,19.0012,3,8,3,False,False,True,False,True,False,False,False,6
0,1,26.24,30.305,73,15.0013,4,8,3,False,False,True,False,True,False,False,False,9
0,1,26.24,29.545,78,19.0012,5,8,3,False,False,True,False,True,False,False,False,27
0,1,26.24,29.545,78,16.9979,6,8,3,False,False,True,False,False,True,False,False,103
0,1,26.24,29.545,78,19.9995,7,8,3,False,False,True,False,True,False,False,False,308
0,1,27.06,31.06,74,19.0012,8,8,3,False,False,True,False,True,False,False,False,420
0,1,29.52,34.09,66,16.9979,9,8,3,False,False,True,False,True,False,False,False,228
0,1,30.34,34.85,66,16.9979,10,8,3,False,False,True,False,True,False,False,False,129
0,1,31.16,35.605,58,16.9979,11,8,3,False,False,True,False,True,False,False,False,141
0,1,32.8,37.12,52,19.0012,12,8,3,False,False,True,False,True,False,False,False,173
0,1,32.8,37.12,52,23.9994,13,8,3,False,False,True,False,True,False,False,False,187
0,1,33.62,37.88,46,22.0028,14,8,3,False,False,True,False,True,False,False,False,182
0,1,32.8,36.365,46,23.9994,15,8,3,False,False,True,False,True,False,False,False,174
0,1,32.8,36.365,46,23.9994,16,8,3,False,False,True,False,True,False,False,False,245
0,1,32.8,36.365,46,19.9995,17,8,3,False,False,True,False,False,False,True,False,409
0,1,31.16,34.85,55,16.9979,18,8,3,False,False,True,False,False,False,True,False,274
0,1,27.06,30.305,83,7.0015,19,8,3,False,False,True,False,True,False,False,False,141
0,1,27.06,30.305,83,7.0015,20,8,3,False,False,True,False,True,False,False,False,165
0,1,27.88,31.82,79,0.0,21,8,3,False,False,True,False,False,True,False,False,149
0,1,28.7,33.335,74,7.0015,22,8,3,False,False,True,False,False,True,False,False,135
0,1,28.7,33.335,74,8.9981,23,8,3,False,False,True,False,False,True,False,False,114
0,1,27.88,31.82,69,12.998,0,8,4,False,False,True,False,False,False,True,False,62
0,1,26.24,28.79,89,0.0,1,8,4,False,False,True,False,False,False,True,False,20
0,1,26.24,28.79,83,0.0,2,8,4,False,False,True,False,False,False,True,False,8
0,1,26.24,29.545,78,0.0,3,8,4,False,False,True,False,True,False,False,False,3
0,1,26.24,28.79,83,0.0,4,8,4,False,False,True,False,True,False,False,False,8
0,1,26.24,28.79,83,0.0,5,8,4,False,False,True,False,True,False,False,False,17
0,1,26.24,28.79,83,0.0,6,8,4,False,False,True,False,True,False,False,False,93
0,1,27.06,30.305,83,6.0032,7,8,4,False,False,True,False,False,True,False,False,263
0,1,27.06,30.305,83,0.0,8,8,4,False,False,True,False,False,True,False,False,398
0,1,28.7,32.575,65,8.9981,9,8,4,False,False,True,False,True,False,False,False,218
0,1,29.52,34.09,62,6.0032,10,8,4,False,False,True,False,True,False,False,False,165
0,1,29.52,34.09,66,6.0032,11,8,4,False,False,True,False,False,True,False,False,165
0,1,30.34,34.09,62,6.0032,12,8,4,False,False,True,False,False,True,False,False,222
0,1,31.16,35.605,62,12.998,13,8,4,False,False,True,False,False,True,False,False,232
0,1,31.98,36.365,55,12.998,14,8,4,False,False,True,False,True,False,False,False,220
0,1,32.8,37.12,49,7.0015,15,8,4,False,False,True,False,True,False,False,False,222
0,1,32.8,37.12,49,0.0,16,8,4,False,False,True,False,True,False,False,False,327
0,1,31.16,35.605,58,35.0008,17,8,4,False,False,True,False,True,False,False,False,527
0,1,31.16,35.605,58,35.0008,18,8,4,False,False,True,False,True,False,False,False,425
0,1,25.42,29.545,73,31.0009,19,8,4,False,False,True,False,False,False,True,False,165
0,1,25.42,28.79,83,19.9995,20,8,4,False,False,True,False,False,False,True,False,58
0,1,25.42,28.79,83,8.9981,21,8,4,False,False,True,False,True,False,False,False,107
0,1,24.6,27.275,88,8.9981,22,8,4,False,False,True,False,True,False,False,False,122
0,1,24.6,27.275,88,6.0032,23,8,4,False,False,True,False,False,True,False,False,106
0,1,24.6,28.79,78,7.0015,0,9,3,False,False,True,False,True,False,False,False,51
0,1,24.6,29.545,73,6.0032,1,9,3,False,False,True,False,True,False,False,False,21
0,1,23.78,27.275,78,6.0032,2,9,3,False,False,True,False,True,False,False,False,25
0,1,23.78,27.275,78,6.0032,3,9,3,False,False,True,False,True,False,False,False,14
0,1,22.96,26.515,83,6.0032,4,9,3,False,False,True,False,True,False,False,False,7
0,1,22.96,26.515,73,6.0032,5,9,3,False,False,True,False,True,False,False,False,23
0,1,24.6,28.79,78,0.0,6,9,3,False,False,True,False,True,False,False,False,105
0,1,24.6,28.79,78,0.0,7,9,3,False,False,True,False,True,False,False,False,342
0,1,25.42,29.545,73,8.9981,8,9,3,False,False,True,False,True,False,False,False,498
0,1,26.24,30.305,69,7.0015,9,9,3,False,False,True,False,True,False,False,False,207
0,1,27.88,31.82,61,8.9981,10,9,3,False,False,True,False,True,False,False,False,138
0,1,29.52,33.335,51,8.9981,11,9,3,False,False,True,False,True,False,False,False,192
0,1,29.52,33.335,51,8.9981,12,9,3,False,False,True,False,False,True,False,False,229
0,1,29.52,33.335,48,6.0032,13,9,3,False,False,True,False,False,True,False,False,219
0,1,29.52,33.335,54,16.9979,14,9,3,False,False,True,False,False,False,True,False,198
0,1,29.52,33.335,51,8.9981,15,9,3,False,False,True,False,True,False,False,False,174
0,1,30.34,33.335,51,12.998,16,9,3,False,False,True,False,True,False,False,False,308
0,1,29.52,33.335,54,16.9979,17,9,3,False,False,True,False,True,False,False,False,628
0,1,29.52,33.335,54,15.0013,18,9,3,False,False,True,False,True,False,False,False,531
0,1,28.7,32.575,58,11.0014,19,9,3,False,False,True,False,True,False,False,False,443
0,1,27.06,31.06,61,15.0013,20,9,3,False,False,True,False,True,False,False,False,280
0,1,27.06,31.06,57,12.998,21,9,3,False,False,True,False,False,True,False,False,177
0,1,27.06,31.06,57,15.0013,22,9,3,False,False,True,False,False,True,False,False,179
0,1,26.24,30.305,65,16.9979,23,9,3,False,False,True,False,True,False,False,False,126
0,1,26.24,30.305,65,12.998,0,9,4,False,False,True,False,True,False,False,False,64
0,1,25.42,29.545,73,7.0015,1,9,4,False,False,True,False,False,False,True,False,32
0,1,25.42,29.545,73,7.0015,2,9,4,False,False,True,False,False,False,True,False,20
0,1,24.6,28.03,83,11.0014,3,9,4,False,False,True,False,False,True,False,False,8
0,1,24.6,28.03,83,6.0032,4,9,4,False,False,True,False,True,False,False,False,4
0,1,24.6,28.03,83,8.9981,5,9,4,False,False,True,False,False,True,False,False,20
0,1,24.6,28.03,83,8.9981,6,9,4,False,False,True,False,True,False,False,False,76
0,1,24.6,28.03,83,7.0015,7,9,4,False,False,True,False,True,False,False,False,259
0,1,25.42,29.545,78,12.998,8,9,4,False,False,True,False,True,False,False,False,456
0,1,25.42,28.79,83,7.0015,9,9,4,False,False,True,False,False,True,False,False,220
0,1,26.24,30.305,76,11.0014,10,9,4,False,False,True,False,False,True,False,False,140
0,1,27.06,31.06,74,7.0015,11,9,4,False,False,True,False,False,True,False,False,192
0,1,27.06,31.06,69,15.0013,12,9,4,False,False,True,False,False,True,False,False,260
0,1,27.88,31.82,65,8.9981,13,9,4,False,False,True,False,False,True,False,False,279
0,1,28.7,32.575,61,7.0015,14,9,4,False,False,True,False,False,True,False,False,283
0,1,28.7,32.575,61,16.9979,15,9,4,False,False,True,False,False,True,False,False,346
0,1,28.7,32.575,61,8.9981,16,9,4,False,False,True,False,False,True,False,False,381
0,1,27.88,31.82,65,11.0014,17,9,4,False,False,True,False,False,True,False,False,455
0,1,27.88,31.82,65,12.998,18,9,4,False,False,True,False,False,True,False,False,355
0,1,27.06,31.06,69,8.9981,19,9,4,False,False,True,False,True,False,False,False,287
0,1,26.24,30.305,73,0.0,20,9,4,False,False,True,False,True,False,False,False,196
0,1,26.24,30.305,73,6.0032,21,9,4,False,False,True,False,False,True,False,False,149
0,1,26.24,30.305,73,11.0014,22,9,4,False,False,True,False,False,True,False,False,147
0,1,26.24,30.305,73,11.0014,23,9,4,False,False,True,False,False,True,False,False,98
0,0,26.24,30.305,73,7.0015,0,9,5,False,False,True,False,False,True,False,False,87
0,0,26.24,30.305,69,16.9979,1,9,5,False,False,True,False,False,True,False,False,74
0,0,26.24,30.305,69,15.0013,2,9,5,False,False,True,False,False,True,False,False,41
0,0,25.42,29.545,73,11.0014,3,9,5,False,False,True,False,True,False,False,False,35
0,0,25.42,29.545,73,11.0014,4,9,5,False,False,True,False,True,False,False,False,7
0,0,25.42,30.305,69,12.998,5,9,5,False,False,True,False,True,False,False,False,12
0,0,25.42,29.545,73,11.0014,6,9,5,False,False,True,False,True,False,False,False,23
0,0,25.42,29.545,73,12.998,7,9,5,False,False,True,False,True,False,False,False,38
0,0,26.24,30.305,69,11.0014,8,9,5,False,False,True,False,True,False,False,False,89
0,0,27.06,31.06,69,16.9979,9,9,5,False,False,True,False,False,True,False,False,201
0,0,27.06,31.06,65,16.9979,10,9,5,False,False,True,False,False,False,True,False,258
0,0,27.06,31.06,69,19.0012,11,9,5,False,False,True,False,False,False,True,False,194
0,0,28.7,32.575,61,15.0013,12,9,5,False,False,True,False,True,False,False,False,257
0,0,28.7,32.575,65,15.0013,13,9,5,False,False,True,False,True,False,False,False,353
0,0,29.52,34.09,66,11.0014,14,9,5,False,False,True,False,False,True,False,False,380
0,0,29.52,34.09,70,11.0014,15,9,5,False,False,True,False,True,False,False,False,388
0,0,29.52,34.09,70,12.998,16,9,5,False,False,True,False,True,False,False,False,374
0,0,29.52,34.09,70,15.0013,17,9,5,False,False,True,False,True,False,False,False,371
0,0,29.52,34.09,70,11.0014,18,9,5,False,False,True,False,True,False,False,False,339
0,0,28.7,33.335,74,8.9981,19,9,5,False,False,True,False,True,False,False,False,295
0,0,28.7,33.335,79,11.0014,20,9,5,False,False,True,False,True,False,False,False,219
0,0,27.88,31.82,83,8.9981,21,9,5,False,False,True,False,True,False,False,False,164
0,0,27.88,31.82,83,7.0015,22,9,5,False,False,True,False,True,False,False,False,162
0,0,27.06,31.06,85,8.9981,23,9,5,False,False,True,False,True,False,False,False,123
0,0,27.06,29.545,89,12.998,0,9,6,False,False,True,False,True,False,False,False,109
0,0,27.06,30.305,83,8.9981,1,9,6,False,False,True,False,True,False,False,False,75
0,0,27.06,30.305,83,12.998,2,9,6,False,False,True,False,True,False,False,False,60
0,0,26.24,28.79,89,12.998,3,9,6,False,False,True,False,True,False,False,False,43
0,0,26.24,28.79,83,11.0014,4,9,6,False,False,True,False,True,False,False,False,4
0,0,26.24,28.79,83,8.9981,5,9,6,False,False,True,False,True,False,False,False,6
0,0,26.24,28.79,84,15.0013,6,9,6,False,False,True,False,True,False,False,False,3
0,0,27.06,30.305,78,12.998,7,9,6,False,False,True,False,True,False,False,False,30
0,0,27.06,30.305,78,11.0014,8,9,6,False,False,True,False,True,False,False,False,70
0,0,27.06,30.305,78,11.0014,9,9,6,False,False,True,False,True,False,False,False,189
0,0,28.7,33.335,74,8.9981,10,9,6,False,False,True,False,True,False,False,False,297
0,0,30.34,34.85,70,11.0014,11,9,6,False,False,True,False,True,False,False,False,337
0,0,31.16,36.365,66,11.0014,12,9,6,False,False,True,False,True,False,False,False,435
0,0,31.98,37.12,62,19.0012,13,9,6,False,False,True,False,False,True,False,False,419
0,0,31.98,37.88,66,22.0028,14,9,6,False,False,True,False,True,False,False,False,361
0,0,31.98,37.88,66,19.0012,15,9,6,False,False,True,False,True,False,False,False,410
0,0,32.8,38.635,59,15.0013,16,9,6,False,False,True,False,True,False,False,False,337
0,0,31.16,36.365,66,15.0013,17,9,6,False,False,True,False,True,False,False,False,376
0,0,31.16,36.365,66,12.998,18,9,6,False,False,True,False,True,False,False,False,356
0,0,30.34,34.85,70,12.998,19,9,6,False,False,True,False,True,False,False,False,328
0,0,30.34,34.85,70,19.9995,20,9,6,False,False,True,False,True,False,False,False,229
0,0,29.52,34.85,74,16.9979,21,9,6,False,False,True,False,True,False,False,False,207
0,0,29.52,34.85,74,19.0012,22,9,6,False,False,True,False,False,True,False,False,155
0,0,29.52,34.09,70,11.0014,23,9,6,False,False,True,False,False,True,False,False,104
1,0,28.7,33.335,74,15.0013,0,9,0,False,False,True,False,False,True,False,False,97
1,0,27.88,31.82,79,7.0015,1,9,0,False,False,True,False,False,True,False,False,54
1,0,27.88,31.82,79,11.0014,2,9,0,False,False,True,False,False,True,False,False,39
1,0,27.88,31.82,74,19.9995,3,9,0,False,False,True,False,False,True,False,False,16
1,0,27.88,31.82,69,19.0012,4,9,0,False,False,True,False,False,True,False,False,8
1,0,27.06,31.06,74,11.0014,5,9,0,False,False,True,False,False,True,False,False,6
1,0,27.06,31.06,74,8.9981,6,9,0,False,False,True,False,False,True,False,False,11
1,0,27.06,31.06,74,11.0014,7,9,0,False,False,True,False,True,False,False,False,41
1,0,27.06,30.305,78,12.998,8,9,0,False,False,True,False,False,True,False,False,101
1,0,27.88,31.82,74,11.0014,9,9,0,False,False,True,False,False,False,True,False,152
1,0,28.7,32.575,70,11.0014,10,9,0,False,False,True,False,False,True,False,False,244
1,0,28.7,33.335,74,11.0014,11,9,0,False,False,True,False,False,True,False,False,308
1,0,29.52,34.09,70,12.998,12,9,0,False,False,True,False,False,True,False,False,353
1,0,30.34,34.85,70,8.9981,13,9,0,False,False,True,False,False,True,False,False,389
1,0,30.34,34.85,70,11.0014,14,9,0,False,False,True,False,True,False,False,False,357
1,0,27.88,31.82,79,19.0012,15,9,0,False,False,True,False,False,True,False,False,253
1,0,27.88,31.82,79,19.0012,16,9,0,False,False,True,False,False,True,False,False,284
1,0,27.06,29.545,89,7.0015,17,9,0,False,False,True,False,False,True,False,False,114
1,0,27.06,29.545,89,6.0032,18,9,0,False,False,True,False,True,False,False,False,123
1,0,27.06,29.545,94,7.0015,19,9,0,False,False,True,False,False,False,True,False,175
1,0,27.06,29.545,94,16.9979,20,9,0,False,False,True,False,False,False,True,False,82
1,0,27.06,29.545,94,19.9995,21,9,0,False,False,True,False,False,True,False,False,60
1,0,24.6,27.275,88,39.0007,22,9,0,False,False,True,False,False,True,False,False,64
1,0,22.96,26.515,88,26.0027,23,9,0,False,False,True,False,False,False,True,False,20
0,1,22.14,25.76,94,23.9994,0,9,1,False,False,True,False,False,False,True,False,8
0,1,22.14,25.76,94,16.9979,2,9,1,False,False,True,False,False,False,True,False,2
0,1,22.14,25.76,94,19.9995,3,9,1,False,False,True,False,False,False,True,False,1
0,1,22.14,25.76,94,19.9995,4,9,1,False,False,True,False,False,True,False,False,4
0,1,22.14,25.76,88,23.9994,5,9,1,False,False,True,False,False,False,True,False,21
0,1,22.14,25.76,88,22.0028,6,9,1,False,False,True,False,False,True,False,False,72
0,1,22.14,25.76,83,23.9994,7,9,1,False,False,True,False,False,True,False,False,172
0,1,22.14,25.76,83,26.0027,8,9,1,False,False,True,False,False,False,True,False,364
0,1,22.14,25.76,81,27.9993,9,9,1,False,False,True,False,False,True,False,False,185
0,1,22.14,25.76,83,23.9994,10,9,1,False,False,True,False,False,False,True,False,106
0,1,22.14,25.76,83,26.0027,11,9,1,False,False,True,False,False,False,True,False,89
0,1,22.14,25.76,83,26.0027,12,9,1,False,False,True,False,False,False,True,False,67
0,1,22.14,25.76,88,19.9995,13,9,1,False,False,True,False,False,False,True,False,29
0,1,22.14,25.76,88,19.0012,14,9,1,False,False,True,False,False,False,True,False,24
0,1,22.14,25.76,94,26.0027,15,9,1,False,False,True,False,False,False,True,False,89
0,1,22.14,25.76,94,26.0027,16,9,1,False,False,True,False,False,False,True,False,106
0,1,22.14,25.76,88,26.0027,17,9,1,False,False,True,False,False,True,False,False,291
0,1,22.14,25.76,88,26.0027,18,9,1,False,False,True,False,False,True,False,False,373
0,1,22.14,25.76,88,27.9993,19,9,1,False,False,True,False,False,True,False,False,281
0,1,22.14,25.76,88,19.9995,20,9,1,False,False,True,False,False,False,True,False,163
0,1,22.14,25.76,88,19.0012,21,9,1,False,False,True,False,False,False,True,False,121
0,1,22.14,25.76,94,22.0028,22,9,1,False,False,True,False,False,True,False,False,84
0,1,22.14,25.76,94,16.9979,23,9,1,False,False,True,False,False,False,True,False,58
0,1,22.14,25.76,94,15.0013,0,9,2,False,False,True,False,False,True,False,False,13
0,1,22.14,25.76,94,16.9979,1,9,2,False,False,True,False,False,False,True,False,5
0,1,22.14,25.76,94,15.0013,2,9,2,False,False,True,False,False,True,False,False,6
0,1,22.96,26.515,94,8.9981,3,9,2,False,False,True,False,False,False,True,False,2
0,1,22.96,26.515,94,11.0014,4,9,2,False,False,True,False,False,False,True,False,4
0,1,22.96,26.515,100,8.9981,5,9,2,False,False,True,False,False,True,False,False,16
0,1,24.6,27.275,88,7.0015,6,9,2,False,False,True,False,False,False,True,False,75
0,1,24.6,27.275,88,6.0032,7,9,2,False,False,True,False,False,False,True,False,86
0,1,25.42,27.275,94,6.0032,8,9,2,False,False,True,False,False,False,True,False,328
0,1,24.6,27.275,88,8.9981,9,9,2,False,False,True,False,False,False,True,False,190
0,1,24.6,27.275,88,8.9981,10,9,2,False,False,True,False,False,False,True,False,66
0,1,24.6,25.76,94,0.0,11,9,2,False,False,True,False,False,False,True,False,10
0,1,22.96,26.515,94,0.0,12,9,2,False,False,True,False,False,False,True,False,22
0,1,24.6,27.275,88,0.0,13,9,2,False,False,True,False,False,False,True,False,11
0,1,24.6,25.76,93,0.0,14,9,2,False,False,True,False,False,False,True,False,25
0,1,25.42,27.275,94,7.0015,15,9,2,False,False,True,False,False,False,True,False,58
0,1,26.24,28.79,89,0.0,16,9,2,False,False,True,False,True,False,False,False,144
0,1,26.24,28.79,89,0.0,17,9,2,False,False,True,False,False,False,True,False,285
0,1,26.24,28.79,89,0.0,18,9,2,False,False,True,False,False,False,True,False,237
0,1,26.24,28.79,89,0.0,19,9,2,False,False,True,False,False,True,False,False,226
0,1,26.24,28.79,89,6.0032,20,9,2,False,False,True,False,False,False,True,False,96
0,1,26.24,28.79,89,6.0032,21,9,2,False,False,True,False,False,False,True,False,38
0,1,25.42,27.275,94,11.0014,22,9,2,False,False,True,False,False,False,True,False,29
0,1,25.42,27.275,94,12.998,23,9,2,False,False,True,False,False,False,True,False,24
0,1,24.6,25.0,100,12.998,0,9,3,False,False,True,False,False,False,True,False,14
0,1,25.42,27.275,94,7.0015,1,9,3,False,False,True,False,False,False,True,False,4
0,1,25.42,27.275,94,0.0,3,9,3,False,False,True,False,False,False,True,False,2
0,1,25.42,27.275,94,6.0032,4,9,3,False,False,True,False,False,True,False,False,3
0,1,25.42,27.275,94,6.0032,5,9,3,False,False,True,False,False,False,True,False,14
0,1,25.42,27.275,94,11.0014,6,9,3,False,False,True,False,False,False,True,False,56
0,1,25.42,27.275,94,7.0015,7,9,3,False,False,True,False,False,False,True,False,179
0,1,25.42,27.275,94,8.9981,8,9,3,False,False,True,False,False,False,True,False,195
0,1,25.42,25.76,100,16.9979,9,9,3,False,False,True,False,False,True,False,False,69
0,1,26.24,28.03,94,7.0015,10,9,3,False,False,True,False,False,True,False,False,65
0,1,26.24,28.03,94,15.0013,11,9,3,False,False,True,False,False,True,False,False,98
0,1,27.06,29.545,94,15.0013,12,9,3,False,False,True,False,False,True,False,False,102
0,1,27.88,31.82,83,26.0027,13,9,3,False,False,True,False,False,True,False,False,126
0,1,28.7,33.335,79,23.9994,14,9,3,False,False,True,False,False,True,False,False,120
0,1,27.06,29.545,89,19.9995,15,9,3,False,False,True,False,False,False,True,False,139
0,1,26.24,28.03,94,19.0012,16,9,3,False,False,True,False,False,False,True,False,156
0,1,26.24,28.03,94,19.0012,17,9,3,False,False,True,False,False,False,True,False,113
0,1,26.24,28.03,94,23.9994,18,9,3,False,False,True,False,False,False,True,False,68
0,1,25.42,25.76,100,22.0028,19,9,3,False,False,True,False,False,False,True,False,52
0,1,25.42,27.275,94,11.0014,20,9,3,False,False,True,False,False,True,False,False,89
0,1,26.24,28.03,94,7.0015,21,9,3,False,False,True,False,False,False,True,False,82
0,1,25.42,25.76,100,6.0032,22,9,3,False,False,True,False,False,False,True,False,70
0,1,25.42,25.76,100,6.0032,23,9,3,False,False,True,False,False,False,True,False,26
0,1,26.24,28.03,94,12.998,0,9,4,False,False,True,False,False,False,True,False,16
0,1,25.42,25.76,100,11.0014,1,9,4,False,False,True,False,False,True,False,False,8
0,1,25.42,25.76,100,16.9979,2,9,4,False,False,True,False,False,True,False,False,8
0,1,25.42,27.275,94,16.9979,3,9,4,False,False,True,False,False,True,False,False,2
0,1,25.42,27.275,94,11.0014,4,9,4,False,False,True,False,False,False,True,False,3
0,1,25.42,27.275,94,8.9981,5,9,4,False,False,True,False,False,True,False,False,14
0,1,25.42,25.76,100,8.9981,6,9,4,False,False,True,False,False,True,False,False,57
0,1,25.42,25.76,100,16.9979,7,9,4,False,False,True,False,False,False,True,False,108
0,1,25.42,27.275,94,11.0014,8,9,4,False,False,True,False,False,False,True,False,288
0,1,25.42,27.275,94,11.0014,9,9,4,False,False,True,False,False,False,True,False,136
0,1,25.42,25.76,100,0.0,10,9,4,False,False,True,False,False,True,False,False,29
0,1,25.42,27.275,94,0.0,11,9,4,False,False,True,False,False,True,False,False,72
0,1,26.24,28.03,94,0.0,12,9,4,False,False,True,False,True,False,False,False,75
0,1,28.7,33.335,79,6.0032,13,9,4,False,False,True,False,True,False,False,False,122
0,1,29.52,34.85,74,6.0032,14,9,4,False,False,True,False,True,False,False,False,148
0,1,30.34,34.85,66,0.0,15,9,4,False,False,True,False,True,False,False,False,188
0,1,30.34,34.85,66,8.9981,16,9,4,False,False,True,False,True,False,False,False,285
0,1,28.7,33.335,79,16.9979,17,9,4,False,False,True,False,True,False,False,False,505
0,1,28.7,33.335,79,12.998,18,9,4,False,False,True,False,True,False,False,False,410
0,1,27.06,29.545,89,11.0014,19,9,4,False,False,True,False,True,False,False,False,349
0,1,26.24,28.03,94,6.0032,20,9,4,False,False,True,False,True,False,False,False,210
0,1,27.06,29.545,89,0.0,21,9,4,False,False,True,False,True,False,False,False,203
0,1,25.42,27.275,94,0.0,22,9,4,False,False,True,False,True,False,False,False,160
0,1,25.42,27.275,94,6.0032,23,9,4,False,False,True,False,True,False,False,False,148
0,0,25.42,27.275,94,0.0,0,9,5,False,False,True,False,True,False,False,False,116
0,0,25.42,27.275,94,0.0,1,9,5,False,False,True,False,False,True,False,False,83
0,0,24.6,25.0,97,7.0015,2,9,5,False,False,True,False,False,True,False,False,64
0,0,23.78,27.275,100,8.9981,3,9,5,False,False,True,False,True,False,False,False,37
0,0,23.78,27.275,94,6.0032,4,9,5,False,False,True,False,True,False,False,False,7
0,0,23.78,27.275,94,8.9981,5,9,5,False,False,True,False,True,False,False,False,8
0,0,23.78,27.275,94,11.0014,6,9,5,False,False,True,False,True,False,False,False,6
0,0,24.6,27.275,88,8.9981,7,9,5,False,False,True,False,True,False,False,False,52
0,0,25.42,28.79,83,11.0014,8,9,5,False,False,True,False,True,False,False,False,119
0,0,26.24,29.545,78,19.9995,9,9,5,False,False,True,False,True,False,False,False,207
0,0,28.7,32.575,65,16.9979,10,9,5,False,False,True,False,True,False,False,False,318
0,0,29.52,34.09,62,16.9979,11,9,5,False,False,True,False,True,False,False,False,360
0,0,29.52,34.09,62,15.0013,12,9,5,False,False,True,False,True,False,False,False,404
0,0,30.34,34.09,55,19.0012,13,9,5,False,False,True,False,True,False,False,False,370
0,0,30.34,34.09,55,19.0012,14,9,5,False,False,True,False,True,False,False,False,359
0,0,30.34,34.09,55,15.0013,15,9,5,False,False,True,False,True,False,False,False,480
0,0,30.34,34.09,55,12.998,16,9,5,False,False,True,False,True,False,False,False,431
0,0,30.34,34.09,55,15.0013,17,9,5,False,False,True,False,True,False,False,False,460
0,0,29.52,33.335,58,12.998,18,9,5,False,False,True,False,True,False,False,False,360
0,0,28.7,32.575,58,8.9981,19,9,5,False,False,True,False,True,False,False,False,315
0,0,27.06,31.06,69,7.0015,20,9,5,False,False,True,False,True,False,False,False,245
0,0,26.24,29.545,78,6.0032,21,9,5,False,False,True,False,True,False,False,False,230
0,0,26.24,29.545,78,0.0,22,9,5,False,False,True,False,True,False,False,False,175
0,0,25.42,28.03,88,0.0,23,9,5,False,False,True,False,False,True,False,False,139
0,0,25.42,28.03,88,0.0,0,9,6,False,False,True,False,True,False,False,False,108
0,0,25.42,28.03,88,0.0,1,9,6,False,False,True,False,False,True,False,False,88
0,0,25.42,29.545,78,12.998,2,9,6,False,False,True,False,False,True,False,False,76
0,0,25.42,29.545,78,6.0032,3,9,6,False,False,True,False,False,True,False,False,45
0,0,24.6,28.03,83,8.9981,4,9,6,False,False,True,False,True,False,False,False,9
0,0,24.6,28.03,83,8.9981,5,9,6,False,False,True,False,True,False,False,False,39
0,0,23.78,27.275,88,7.0015,6,9,6,False,False,True,False,True,False,False,False,20
0,0,24.6,27.275,88,0.0,7,9,6,False,False,True,False,True,False,False,False,37
0,0,26.24,29.545,78,0.0,8,9,6,False,False,True,False,True,False,False,False,94
0,0,27.06,31.06,74,0.0,9,9,6,False,False,True,False,True,False,False,False,227
0,0,28.7,32.575,65,0.0,10,9,6,False,False,True,False,True,False,False,False,334
0,0,28.7,32.575,65,0.0,11,9,6,False,False,True,False,True,False,False,False,402
0,0,28.7,32.575,65,0.0,12,9,6,False,False,True,False,True,False,False,False,411
0,0,30.34,34.09,58,7.0015,13,9,6,False,False,True,False,True,False,False,False,350
0,0,29.52,33.335,58,19.0012,14,9,6,False,False,True,False,True,False,False,False,342
0,0,30.34,33.335,51,19.9995,15,9,6,False,False,True,False,True,False,False,False,404
0,0,29.52,33.335,51,19.9995,16,9,6,False,False,True,False,True,False,False,False,483
0,0,29.52,33.335,51,8.9981,17,9,6,False,False,True,False,True,False,False,False,380
0,0,27.88,31.82,65,19.9995,18,9,6,False,False,True,False,True,False,False,False,339
0,0,26.24,30.305,69,7.0015,19,9,6,False,False,True,False,True,False,False,False,333
0,0,25.42,29.545,73,7.0015,20,9,6,False,False,True,False,True,False,False,False,226
0,0,26.24,30.305,69,0.0,21,9,6,False,False,True,False,True,False,False,False,159
0,0,25.42,30.305,69,26.0027,22,9,6,False,False,True,False,True,False,False,False,95
0,0,23.78,27.275,78,6.0032,23,9,6,False,False,True,False,False,False,True,False,45
0,1,22.96,26.515,88,6.0032,0,9,0,False,False,True,False,True,False,False,False,16
0,1,22.96,26.515,88,0.0,1,9,0,False,False,True,False,True,False,False,False,12
0,1,22.96,26.515,88,0.0,2,9,0,False,False,True,False,True,False,False,False,2
0,1,22.14,25.76,94,7.0015,4,9,0,False,False,True,False,True,False,False,False,4
0,1,22.96,26.515,83,0.0,5,9,0,False,False,True,False,True,False,False,False,24
0,1,22.96,26.515,83,0.0,6,9,0,False,False,True,False,True,False,False,False,109
0,1,23.78,27.275,83,0.0,7,9,0,False,False,True,False,True,False,False,False,312
0,1,24.6,28.79,78,6.0032,8,9,0,False,False,True,False,True,False,False,False,408
0,1,26.24,30.305,69,0.0,9,9,0,False,False,True,False,True,False,False,False,176
0,1,27.88,31.82,62,11.0014,10,9,0,False,False,True,False,True,False,False,False,129
0,1,28.7,32.575,58,12.998,11,9,0,False,False,True,False,True,False,False,False,165
0,1,29.52,33.335,51,12.998,12,9,0,False,False,True,False,True,False,False,False,184
0,1,29.52,33.335,54,7.0015,13,9,0,False,False,True,False,True,False,False,False,163
0,1,30.34,33.335,51,11.0014,14,9,0,False,False,True,False,True,False,False,False,189
0,1,30.34,33.335,48,6.0032,15,9,0,False,False,True,False,True,False,False,False,212
0,1,29.52,33.335,48,0.0,16,9,0,False,False,True,False,True,False,False,False,298
0,1,29.52,33.335,51,11.0014,17,9,0,False,False,True,False,True,False,False,False,590
0,1,28.7,32.575,54,12.998,18,9,0,False,False,True,False,True,False,False,False,571
0,1,27.88,31.82,57,8.9981,19,9,0,False,False,True,False,True,False,False,False,436
0,1,27.06,31.06,65,0.0,20,9,0,False,False,True,False,True,False,False,False,299
0,1,26.24,30.305,73,6.0032,21,9,0,False,False,True,False,True,False,False,False,195
0,1,25.42,28.79,83,11.0014,22,9,0,False,False,True,False,True,False,False,False,150
0,1,25.42,28.79,83,7.0015,23,9,0,False,False,True,False,True,False,False,False,69
0,1,24.6,27.275,88,7.0015,0,9,1,False,False,True,False,True,False,False,False,26
0,1,23.78,27.275,83,7.0015,1,9,1,False,False,True,False,True,False,False,False,10
0,1,24.6,28.79,78,0.0,2,9,1,False,False,True,False,True,False,False,False,2
0,1,23.78,27.275,83,0.0,3,9,1,False,False,True,False,True,False,False,False,4
0,1,22.96,26.515,88,0.0,4,9,1,False,False,True,False,True,False,False,False,8
0,1,22.96,26.515,88,0.0,5,9,1,False,False,True,False,True,False,False,False,20
0,1,22.96,26.515,88,7.0015,6,9,1,False,False,True,False,True,False,False,False,122
0,1,23.78,27.275,83,6.0032,7,9,1,False,False,True,False,True,False,False,False,362
0,1,24.6,28.03,81,7.0015,8,9,1,False,False,True,False,True,False,False,False,425
0,1,26.24,30.305,69,6.0032,9,9,1,False,False,True,False,True,False,False,False,214
0,1,27.88,31.82,69,8.9981,10,9,1,False,False,True,False,True,False,False,False,135
0,1,28.7,32.575,61,11.0014,11,9,1,False,False,True,False,True,False,False,False,153
0,1,29.52,33.335,58,15.0013,12,9,1,False,False,True,False,True,False,False,False,187
0,1,30.34,33.335,51,19.0012,13,9,1,False,False,True,False,True,False,False,False,184
0,1,30.34,33.335,51,22.0028,14,9,1,False,False,True,False,True,False,False,False,190
0,1,30.34,33.335,51,19.9995,15,9,1,False,False,True,False,True,False,False,False,180
0,1,30.34,33.335,51,15.0013,16,9,1,False,False,True,False,True,False,False,False,292
0,1,30.34,33.335,51,15.0013,17,9,1,False,False,True,False,True,False,False,False,579
0,1,28.7,32.575,61,11.0014,18,9,1,False,False,True,False,True,False,False,False,539
0,1,27.88,31.82,69,11.0014,19,9,1,False,False,True,False,True,False,False,False,396
0,1,27.06,31.06,74,12.998,20,9,1,False,False,True,False,True,False,False,False,272
0,1,26.24,29.545,78,11.0014,21,9,1,False,False,True,False,True,False,False,False,245
0,1,26.24,29.545,78,8.9981,22,9,1,False,False,True,False,True,False,False,False,144
0,1,26.24,29.545,78,7.0015,23,9,1,False,False,True,False,True,False,False,False,74
0,1,25.42,29.545,78,6.0032,0,9,2,False,False,True,False,True,False,False,False,33
0,1,25.42,29.545,78,6.0032,1,9,2,False,False,True,False,True,False,False,False,8
0,1,24.6,28.03,83,0.0,2,9,2,False,False,True,False,True,False,False,False,5
0,1,24.6,27.275,88,8.9981,3,9,2,False,False,True,False,True,False,False,False,8
0,1,24.6,28.03,83,6.0032,4,9,2,False,False,True,False,True,False,False,False,9
0,1,23.78,27.275,88,7.0015,5,9,2,False,False,True,False,True,False,False,False,31
0,1,23.78,27.275,88,7.0015,6,9,2,False,False,True,False,True,False,False,False,145
0,1,24.6,28.03,83,7.0015,7,9,2,False,False,True,False,True,False,False,False,370
0,1,25.42,28.79,83,11.0014,8,9,2,False,False,True,False,True,False,False,False,429
0,1,26.24,29.545,78,11.0014,9,9,2,False,False,True,False,True,False,False,False,202
0,1,28.7,32.575,70,8.9981,10,9,2,False,False,True,False,True,False,False,False,142
0,1,29.52,34.09,66,11.0014,11,9,2,False,False,True,False,True,False,False,False,164
0,1,30.34,34.09,58,15.0013,12,9,2,False,False,True,False,True,False,False,False,212
0,1,31.16,34.85,55,16.9979,13,9,2,False,False,True,False,True,False,False,False,178
0,1,31.98,35.605,52,15.0013,14,9,2,False,False,True,False,True,False,False,False,124
0,1,31.98,35.605,49,16.9979,15,9,2,False,False,True,False,True,False,False,False,176
0,1,31.16,34.85,52,19.0012,16,9,2,False,False,True,False,True,False,False,False,277
0,1,31.16,34.85,52,19.0012,17,9,2,False,False,True,False,True,False,False,False,599
0,1,29.52,34.09,62,11.0014,18,9,2,False,False,True,False,True,False,False,False,586
0,1,28.7,32.575,70,7.0015,19,9,2,False,False,True,False,False,True,False,False,381
0,1,29.52,33.335,58,27.9993,20,9,2,False,False,True,False,False,True,False,False,261
0,1,27.06,31.06,65,15.0013,21,9,2,False,False,True,False,False,True,False,False,213
0,1,27.06,31.06,65,8.9981,22,9,2,False,False,True,False,False,True,False,False,160
0,1,26.24,30.305,69,7.0015,23,9,2,False,False,True,False,False,True,False,False,72
0,1,26.24,30.305,69,8.9981,0,9,3,False,False,True,False,True,False,False,False,37
0,1,26.24,30.305,69,11.0014,1,9,3,False,False,True,False,True,False,False,False,20
0,1,25.42,29.545,73,7.0015,2,9,3,False,False,True,False,True,False,False,False,5
0,1,25.42,29.545,73,6.0032,3,9,3,False,False,True,False,True,False,False,False,8
0,1,24.6,28.79,78,7.0015,4,9,3,False,False,True,False,True,False,False,False,7
0,1,24.6,28.79,78,0.0,5,9,3,False,False,True,False,True,False,False,False,31
0,1,24.6,28.03,83,16.9979,6,9,3,False,False,True,False,False,True,False,False,124
0,1,25.42,29.545,78,12.998,7,9,3,False,False,True,False,False,True,False,False,338
0,1,26.24,30.305,73,8.9981,8,9,3,False,False,True,False,True,False,False,False,391
0,1,26.24,30.305,73,23.9994,9,9,3,False,False,True,False,False,True,False,False,209
0,1,27.06,31.06,69,16.9979,10,9,3,False,False,True,False,False,True,False,False,121
0,1,27.88,31.82,65,8.9981,11,9,3,False,False,True,False,False,True,False,False,159
0,1,27.06,31.06,69,19.9995,12,9,3,False,False,True,False,False,True,False,False,179
0,1,26.24,30.305,65,19.0012,13,9,3,False,False,True,False,False,True,False,False,189
0,1,26.24,30.305,65,27.9993,14,9,3,False,False,True,False,False,True,False,False,170
0,1,24.6,29.545,69,27.9993,15,9,3,False,False,True,False,False,True,False,False,135
0,1,22.14,25.76,77,31.0009,16,9,3,False,False,True,False,False,True,False,False,222
0,1,19.68,23.485,82,31.0009,17,9,3,False,False,True,False,False,False,True,False,261
0,1,19.68,23.485,67,40.9973,18,9,3,False,False,True,False,False,False,True,False,244
0,1,18.86,22.725,67,31.0009,19,9,3,False,False,True,False,True,False,False,False,232
0,1,18.86,22.725,63,22.0028,20,9,3,False,False,True,False,True,False,False,False,248
0,1,18.86,22.725,63,22.0028,21,9,3,False,False,True,False,True,False,False,False,145
0,1,18.04,21.97,67,19.0012,22,9,3,False,False,True,False,True,False,False,False,115
0,1,18.04,21.97,67,15.0013,23,9,3,False,False,True,False,True,False,False,False,69
0,1,17.22,21.21,71,15.0013,0,9,4,False,False,True,False,True,False,False,False,48
0,1,17.22,21.21,67,12.998,1,9,4,False,False,True,False,True,False,False,False,26
0,1,16.4,20.455,71,19.0012,2,9,4,False,False,True,False,True,False,False,False,10
0,1,16.4,20.455,71,16.9979,3,9,4,False,False,True,False,True,False,False,False,6
0,1,16.4,20.455,71,19.0012,4,9,4,False,False,True,False,True,False,False,False,4
0,1,15.58,19.695,76,12.998,5,9,4,False,False,True,False,True,False,False,False,32
0,1,15.58,19.695,71,15.0013,6,9,4,False,False,True,False,True,False,False,False,93
0,1,16.4,20.455,71,19.0012,7,9,4,False,False,True,False,True,False,False,False,299
0,1,17.22,21.21,67,15.0013,8,9,4,False,False,True,False,True,False,False,False,409
0,1,18.86,22.725,55,16.9979,9,9,4,False,False,True,False,True,False,False,False,210
0,1,20.5,24.24,51,19.0012,10,9,4,False,False,True,False,False,True,False,False,140
0,1,20.5,24.24,51,8.9981,11,9,4,False,False,True,False,False,True,False,False,179
0,1,21.32,25.0,45,0.0,12,9,4,False,False,True,False,False,True,False,False,251
0,1,22.14,25.76,42,0.0,13,9,4,False,False,True,False,False,True,False,False,223
0,1,22.14,25.76,45,11.0014,14,9,4,False,False,True,False,False,True,False,False,225
0,1,22.14,25.76,45,15.0013,15,9,4,False,False,True,False,False,True,False,False,203
0,1,21.32,25.0,48,11.0014,16,9,4,False,False,True,False,False,True,False,False,358
0,1,21.32,25.0,48,8.9981,17,9,4,False,False,True,False,False,True,False,False,566
0,1,21.32,25.0,52,11.0014,18,9,4,False,False,True,False,False,True,False,False,482
0,1,20.5,24.24,55,11.0014,19,9,4,False,False,True,False,False,True,False,False,315
0,1,20.5,24.24,55,0.0,20,9,4,False,False,True,False,False,True,False,False,225
0,1,20.5,24.24,63,0.0,21,9,4,False,False,True,False,False,True,False,False,163
0,1,19.68,23.485,67,6.0032,22,9,4,False,False,True,False,True,False,False,False,167
0,1,20.5,24.24,59,0.0,23,9,4,False,False,True,False,True,False,False,False,126
0,0,18.86,22.725,72,11.0014,0,9,5,False,False,True,False,True,False,False,False,108
0,0,18.86,22.725,72,7.0015,1,9,5,False,False,True,False,True,False,False,False,80
0,0,18.86,22.725,82,6.0032,2,9,5,False,False,True,False,True,False,False,False,79
0,0,18.86,22.725,72,8.9981,3,9,5,False,False,True,False,True,False,False,False,28
0,0,18.86,22.725,72,8.9981,4,9,5,False,False,True,False,True,False,False,False,5
0,0,18.86,22.725,72,11.0014,5,9,5,False,False,True,False,True,False,False,False,5
0,0,18.86,22.725,72,15.0013,6,9,5,False,False,True,False,False,True,False,False,22
0,0,18.86,22.725,77,12.998,7,9,5,False,False,True,False,False,True,False,False,37
0,0,18.86,22.725,77,16.9979,8,9,5,False,False,True,False,False,True,False,False,108
0,0,19.68,23.485,67,15.0013,9,9,5,False,False,True,False,False,True,False,False,177
0,0,20.5,24.24,68,19.0012,10,9,5,False,False,True,False,False,True,False,False,249
0,0,21.32,25.0,68,15.0013,11,9,5,False,False,True,False,False,True,False,False,367
0,0,21.32,25.0,67,15.0013,12,9,5,False,False,True,False,False,True,False,False,372
0,0,21.32,25.0,68,12.998,13,9,5,False,False,True,False,False,True,False,False,349
0,0,21.32,25.0,72,12.998,14,9,5,False,False,True,False,False,True,False,False,297
0,0,21.32,25.0,72,12.998,15,9,5,False,False,True,False,False,True,False,False,354
0,0,22.14,25.76,68,16.9979,16,9,5,False,False,True,False,True,False,False,False,305
0,0,21.32,25.0,72,15.0013,17,9,5,False,False,True,False,True,False,False,False,359
0,0,21.32,25.0,72,15.0013,18,9,5,False,False,True,False,False,True,False,False,329
0,0,21.32,25.0,68,8.9981,19,9,5,False,False,True,False,True,False,False,False,256
0,0,21.32,25.0,68,8.9981,20,9,5,False,False,True,False,True,False,False,False,176
0,0,20.5,24.24,72,12.998,21,9,5,False,False,True,False,False,True,False,False,170
0,0,20.5,24.24,72,15.0013,22,9,5,False,False,True,False,True,False,False,False,143
0,0,18.86,22.725,82,11.0014,23,9,5,False,False,True,False,True,False,False,False,136
0,0,18.86,22.725,77,15.0013,0,9,6,False,False,True,False,True,False,False,False,112
0,0,18.86,22.725,77,15.0013,1,9,6,False,False,True,False,True,False,False,False,79
0,0,18.04,21.97,82,16.9979,2,9,6,False,False,True,False,True,False,False,False,89
0,0,18.04,21.97,82,12.998,3,9,6,False,False,True,False,True,False,False,False,36
0,0,18.04,21.97,77,15.0013,4,9,6,False,False,True,False,True,False,False,False,1
0,0,18.04,21.97,77,15.0013,5,9,6,False,False,True,False,True,False,False,False,6
0,0,18.04,21.97,77,16.9979,6,9,6,False,False,True,False,True,False,False,False,12
0,0,18.86,22.725,72,15.0013,7,9,6,False,False,True,False,True,False,False,False,44
0,0,18.86,22.725,72,16.9979,8,9,6,False,False,True,False,True,False,False,False,69
0,0,19.68,23.485,67,16.9979,9,9,6,False,False,True,False,True,False,False,False,140
0,0,20.5,24.24,72,11.0014,10,9,6,False,False,True,False,True,False,False,False,260
0,0,21.32,25.0,68,15.0013,11,9,6,False,False,True,False,True,False,False,False,317
0,0,22.14,25.76,64,8.9981,12,9,6,False,False,True,False,True,False,False,False,364
0,0,22.96,26.515,60,8.9981,13,9,6,False,False,True,False,True,False,False,False,376
0,0,23.78,27.275,56,8.9981,14,9,6,False,False,True,False,False,True,False,False,311
0,0,23.78,27.275,60,8.9981,15,9,6,False,False,True,False,False,True,False,False,365
0,0,22.96,26.515,64,11.0014,16,9,6,False,False,True,False,False,True,False,False,369
0,0,22.96,26.515,64,12.998,17,9,6,False,False,True,False,False,True,False,False,325
0,0,22.96,26.515,60,7.0015,18,9,6,False,False,True,False,False,True,False,False,289
0,0,22.14,25.76,68,7.0015,19,9,6,False,False,True,False,False,True,False,False,245
0,0,22.14,25.76,68,6.0032,20,9,6,False,False,True,False,False,True,False,False,180
0,0,22.14,25.76,68,6.0032,21,9,6,False,False,True,False,False,True,False,False,147
0,0,22.14,25.76,68,6.0032,22,9,6,False,False,True,False,False,True,False,False,84
0,0,22.14,25.76,68,12.998,23,9,6,False,False,True,False,True,False,False,False,54
0,1,21.32,25.0,72,11.0014,0,9,0,False,False,True,False,False,True,False,False,37
0,1,21.32,25.0,72,7.0015,1,9,0,False,False,True,False,False,True,False,False,10
0,1,21.32,25.0,72,8.9981,2,9,0,False,False,True,False,False,True,False,False,13
0,1,20.5,24.24,77,8.9981,3,9,0,False,False,True,False,False,True,False,False,5
0,1,20.5,24.24,77,11.0014,4,9,0,False,False,True,False,False,True,False,False,8
0,1,20.5,24.24,77,12.998,5,9,0,False,False,True,False,False,True,False,False,28
0,1,20.5,24.24,77,15.0013,6,9,0,False,False,True,False,True,False,False,False,113
0,1,20.5,24.24,82,15.0013,7,9,0,False,False,True,False,False,True,False,False,332
0,1,21.32,25.0,77,8.9981,8,9,0,False,False,True,False,False,True,False,False,420
0,1,22.14,25.76,68,11.0014,9,9,0,False,False,True,False,False,True,False,False,215
0,1,22.96,26.515,64,8.9981,10,9,0,False,False,True,False,False,True,False,False,105
0,1,23.78,27.275,64,11.0014,11,9,0,False,False,True,False,False,True,False,False,139
0,1,23.78,27.275,60,6.0032,12,9,0,False,False,True,False,False,True,False,False,189
0,1,24.6,30.305,60,0.0,13,9,0,False,False,True,False,False,True,False,False,177
0,1,24.6,30.305,60,12.998,14,9,0,False,False,True,False,False,True,False,False,188
0,1,24.6,30.305,60,15.0013,15,9,0,False,False,True,False,False,True,False,False,187
0,1,24.6,30.305,60,11.0014,16,9,0,False,False,True,False,False,True,False,False,263
0,1,23.78,27.275,64,8.9981,17,9,0,False,False,True,False,False,True,False,False,568
0,1,22.96,26.515,68,8.9981,18,9,0,False,False,True,False,False,True,False,False,540
0,1,22.96,26.515,68,7.0015,19,9,0,False,False,True,False,False,True,False,False,374
0,1,22.96,26.515,68,8.9981,20,9,0,False,False,True,False,False,True,False,False,231
0,1,22.96,26.515,68,11.0014,21,9,0,False,False,True,False,False,True,False,False,200
0,1,22.96,26.515,68,11.0014,22,9,0,False,False,True,False,False,True,False,False,129
0,1,22.96,26.515,73,12.998,23,9,0,False,False,True,False,False,True,False,False,68
0,0,20.5,24.24,63,26.0027,0,10,5,False,False,False,True,True,False,False,False,130
0,0,19.68,23.485,67,22.0028,1,10,5,False,False,False,True,True,False,False,False,58
0,0,18.86,22.725,63,27.9993,2,10,5,False,False,False,True,True,False,False,False,67
0,0,18.86,22.725,59,27.9993,3,10,5,False,False,False,True,True,False,False,False,25
0,0,18.04,21.97,58,27.9993,4,10,5,False,False,False,True,True,False,False,False,8
0,0,18.04,21.97,62,19.9995,5,10,5,False,False,False,True,False,True,False,False,5
0,0,17.22,21.21,67,22.0028,6,10,5,False,False,False,True,True,False,False,False,19
0,0,17.22,21.21,67,16.9979,7,10,5,False,False,False,True,False,False,True,False,36
0,0,16.4,20.455,76,22.0028,8,10,5,False,False,False,True,False,True,False,False,67
0,0,16.4,20.455,82,23.9994,9,10,5,False,False,False,True,False,False,True,False,129
0,0,16.4,20.455,76,23.9994,10,10,5,False,False,False,True,False,False,True,False,121
0,0,15.58,19.695,82,22.0028,11,10,5,False,False,False,True,False,False,True,False,132
0,0,16.4,20.455,82,16.9979,12,10,5,False,False,False,True,False,True,False,False,158
0,0,16.4,20.455,82,22.0028,13,10,5,False,False,False,True,False,True,False,False,125
0,0,17.22,21.21,71,23.9994,14,10,5,False,False,False,True,False,True,False,False,180
0,0,17.22,21.21,71,19.0012,15,10,5,False,False,False,True,False,True,False,False,195
0,0,16.4,20.455,76,19.9995,16,10,5,False,False,False,True,False,True,False,False,223
0,0,16.4,20.455,76,12.998,17,10,5,False,False,False,True,False,False,True,False,228
0,0,15.58,19.695,87,15.0013,18,10,5,False,False,False,True,False,False,True,False,140
0,0,15.58,19.695,82,12.998,19,10,5,False,False,False,True,False,True,False,False,126
0,0,14.76,18.18,87,7.0015,20,10,5,False,False,False,True,False,False,True,False,66
0,0,14.76,18.18,87,7.0015,21,10,5,False,False,False,True,False,False,True,False,56
0,0,14.76,17.425,93,15.0013,22,10,5,False,False,False,True,False,True,False,False,70
0,0,14.76,17.425,93,15.0013,23,10,5,False,False,False,True,False,False,True,False,65
0,0,14.76,16.665,93,19.9995,0,10,6,False,False,False,True,False,False,True,False,47
0,0,13.94,15.91,87,16.9979,1,10,6,False,False,False,True,False,False,True,False,24
0,0,13.94,15.15,87,19.9995,2,10,6,False,False,False,True,False,False,True,False,30
0,0,13.94,15.91,87,19.0012,3,10,6,False,False,False,True,False,False,True,False,9
0,0,13.94,15.91,87,16.9979,4,10,6,False,False,False,True,False,True,False,False,7
0,0,13.12,15.15,87,19.0012,5,10,6,False,False,False,True,True,False,False,False,7
0,0,13.12,15.91,81,11.0014,6,10,6,False,False,False,True,True,False,False,False,15
0,0,13.94,16.665,76,12.998,7,10,6,False,False,False,True,True,False,False,False,29
0,0,13.94,16.665,76,12.998,8,10,6,False,False,False,True,False,True,False,False,64
0,0,14.76,16.665,76,23.9994,9,10,6,False,False,False,True,True,False,False,False,115
0,0,14.76,16.665,71,19.0012,10,10,6,False,False,False,True,False,True,False,False,248
0,0,15.58,19.695,66,16.9979,11,10,6,False,False,False,True,False,True,False,False,292
0,0,16.4,20.455,62,12.998,12,10,6,False,False,False,True,False,True,False,False,321
0,0,16.4,20.455,62,15.0013,13,10,6,False,False,False,True,False,False,True,False,308
0,0,14.76,17.425,81,11.0014,14,10,6,False,False,False,True,False,False,True,False,256
0,0,14.76,16.665,81,16.9979,15,10,6,False,False,False,True,False,False,True,False,173
0,0,14.76,17.425,87,12.998,16,10,6,False,False,False,True,False,False,True,False,206
0,0,14.76,17.425,87,11.0014,17,10,6,False,False,False,True,False,False,True,False,167
0,0,14.76,17.425,81,12.998,18,10,6,False,False,False,True,False,True,False,False,174
0,0,15.58,19.695,76,11.0014,19,10,6,False,False,False,True,False,True,False,False,162
0,0,14.76,16.665,76,16.9979,20,10,6,False,False,False,True,False,True,False,False,87
0,0,14.76,17.425,71,15.0013,21,10,6,False,False,False,True,True,False,False,False,88
0,0,14.76,18.18,81,6.0032,22,10,6,False,False,False,True,False,False,True,False,64
0,0,14.76,18.18,81,6.0032,23,10,6,False,False,False,True,True,False,False,False,25
0,1,13.94,17.425,87,7.0015,0,10,0,False,False,False,True,True,False,False,False,16
0,1,14.76,18.18,81,6.0032,1,10,0,False,False,False,True,True,False,False,False,6
0,1,14.76,18.18,76,7.0015,2,10,0,False,False,False,True,True,False,False,False,4
0,1,14.76,18.94,81,0.0,3,10,0,False,False,False,True,True,False,False,False,7
0,1,13.94,17.425,87,7.0015,4,10,0,False,False,False,True,True,False,False,False,8
0,1,14.76,18.18,76,7.0015,5,10,0,False,False,False,True,False,True,False,False,21
0,1,14.76,18.94,71,0.0,6,10,0,False,False,False,True,False,True,False,False,94
0,1,14.76,17.425,71,8.9981,7,10,0,False,False,False,True,False,True,False,False,249
0,1,14.76,18.18,71,7.0015,8,10,0,False,False,False,True,False,True,False,False,372
0,1,16.4,20.455,66,6.0032,9,10,0,False,False,False,True,False,True,False,False,153
0,1,16.4,20.455,66,7.0015,10,10,0,False,False,False,True,False,True,False,False,101
0,1,16.4,20.455,71,15.0013,11,10,0,False,False,False,True,False,True,False,False,126
0,1,16.4,20.455,71,8.9981,12,10,0,False,False,False,True,False,True,False,False,147
0,1,17.22,21.21,67,11.0014,13,10,0,False,False,False,True,False,False,True,False,118
0,1,16.4,20.455,76,0.0,14,10,0,False,False,False,True,False,False,True,False,120
0,1,16.4,20.455,76,0.0,15,10,0,False,False,False,True,False,False,True,False,101
0,1,16.4,20.455,76,7.0015,16,10,0,False,False,False,True,False,True,False,False,218
0,1,16.4,20.455,76,11.0014,17,10,0,False,False,False,True,False,True,False,False,495
0,1,16.4,20.455,76,11.0014,18,10,0,False,False,False,True,False,True,False,False,412
0,1,16.4,20.455,76,0.0,19,10,0,False,False,False,True,True,False,False,False,315
0,1,16.4,20.455,82,0.0,20,10,0,False,False,False,True,False,False,True,False,204
0,1,16.4,20.455,82,0.0,21,10,0,False,False,False,True,False,True,False,False,138
0,1,16.4,20.455,82,0.0,22,10,0,False,False,False,True,False,True,False,False,91
0,1,16.4,20.455,82,7.0015,23,10,0,False,False,False,True,False,True,False,False,54
0,1,16.4,20.455,87,6.0032,0,10,1,False,False,False,True,False,True,False,False,27
0,1,16.4,20.455,87,7.0015,1,10,1,False,False,False,True,False,True,False,False,9
0,1,16.4,20.455,87,0.0,2,10,1,False,False,False,True,False,True,False,False,3
0,1,16.4,20.455,82,7.0015,3,10,1,False,False,False,True,True,False,False,False,6
0,1,16.4,20.455,82,6.0032,4,10,1,False,False,False,True,True,False,False,False,7
0,1,16.4,20.455,82,8.9981,5,10,1,False,False,False,True,True,False,False,False,27
0,1,16.4,20.455,82,7.0015,6,10,1,False,False,False,True,True,False,False,False,112
0,1,17.22,21.21,82,19.0012,7,10,1,False,False,False,True,True,False,False,False,309
0,1,18.04,21.97,77,15.0013,8,10,1,False,False,False,True,True,False,False,False,400
0,1,18.86,22.725,67,16.9979,9,10,1,False,False,False,True,True,False,False,False,187
0,1,19.68,23.485,67,19.0012,10,10,1,False,False,False,True,True,False,False,False,126
0,1,22.14,25.76,64,19.0012,11,10,1,False,False,False,True,True,False,False,False,124
0,1,22.96,26.515,56,19.9995,12,10,1,False,False,False,True,True,False,False,False,199
0,1,22.96,26.515,56,19.9995,13,10,1,False,False,False,True,True,False,False,False,173
0,1,23.78,27.275,53,16.9979,14,10,1,False,False,False,True,True,False,False,False,183
0,1,23.78,27.275,56,19.0012,15,10,1,False,False,False,True,True,False,False,False,194
0,1,23.78,27.275,56,22.0028,16,10,1,False,False,False,True,True,False,False,False,309
0,1,22.96,26.515,60,26.0027,17,10,1,False,False,False,True,True,False,False,False,585
0,1,22.14,25.76,64,19.0012,18,10,1,False,False,False,True,True,False,False,False,524
0,1,21.32,25.0,68,15.0013,19,10,1,False,False,False,True,True,False,False,False,345
0,1,21.32,25.0,68,15.0013,20,10,1,False,False,False,True,True,False,False,False,261
0,1,20.5,24.24,72,8.9981,21,10,1,False,False,False,True,True,False,False,False,166
0,1,20.5,24.24,72,8.9981,22,10,1,False,False,False,True,True,False,False,False,114
0,1,19.68,23.485,77,8.9981,23,10,1,False,False,False,True,True,False,False,False,66
0,1,19.68,23.485,77,8.9981,0,10,2,False,False,False,True,True,False,False,False,43
0,1,19.68,23.485,77,11.0014,1,10,2,False,False,False,True,True,False,False,False,11
0,1,18.86,22.725,82,11.0014,2,10,2,False,False,False,True,True,False,False,False,3
0,1,18.86,22.725,82,7.0015,3,10,2,False,False,False,True,True,False,False,False,6
0,1,18.04,21.97,88,0.0,4,10,2,False,False,False,True,True,False,False,False,5
0,1,18.04,21.97,82,8.9981,5,10,2,False,False,False,True,True,False,False,False,32
0,1,18.04,21.97,82,7.0015,6,10,2,False,False,False,True,True,False,False,False,117
0,1,18.86,22.725,77,7.0015,7,10,2,False,False,False,True,True,False,False,False,301
0,1,21.32,25.0,63,0.0,8,10,2,False,False,False,True,True,False,False,False,467
0,1,22.14,25.76,60,19.9995,9,10,2,False,False,False,True,True,False,False,False,219
0,1,22.96,26.515,56,26.0027,10,10,2,False,False,False,True,True,False,False,False,133
0,1,24.6,31.06,46,19.0012,11,10,2,False,False,False,True,True,False,False,False,170
0,1,25.42,31.06,43,22.0028,12,10,2,False,False,False,True,True,False,False,False,214
0,1,26.24,31.06,41,15.0013,13,10,2,False,False,False,True,True,False,False,False,219
0,1,26.24,31.06,41,19.0012,14,10,2,False,False,False,True,True,False,False,False,190
0,1,26.24,31.06,47,19.0012,15,10,2,False,False,False,True,True,False,False,False,182
0,1,26.24,31.06,47,22.0028,16,10,2,False,False,False,True,True,False,False,False,282
0,1,26.24,31.06,47,16.9979,17,10,2,False,False,False,True,True,False,False,False,591
0,1,24.6,31.06,53,11.0014,18,10,2,False,False,False,True,True,False,False,False,593
0,1,23.78,27.275,56,8.9981,19,10,2,False,False,False,True,True,False,False,False,374
0,1,21.32,25.0,77,11.0014,20,10,2,False,False,False,True,True,False,False,False,246
0,1,20.5,24.24,82,7.0015,21,10,2,False,False,False,True,True,False,False,False,201
0,1,21.32,25.0,72,0.0,22,10,2,False,False,False,True,True,False,False,False,154
0,1,20.5,24.24,77,7.0015,23,10,2,False,False,False,True,True,False,False,False,73
0,1,20.5,24.24,72,12.998,0,10,3,False,False,False,True,True,False,False,False,40
0,1,19.68,23.485,63,12.998,1,10,3,False,False,False,True,True,False,False,False,22
0,1,18.86,22.725,67,12.998,2,10,3,False,False,False,True,True,False,False,False,10
0,1,18.04,21.97,67,15.0013,3,10,3,False,False,False,True,True,False,False,False,5
0,1,18.04,21.97,62,19.0012,4,10,3,False,False,False,True,True,False,False,False,5
0,1,17.22,21.21,62,12.998,5,10,3,False,False,False,True,True,False,False,False,24
0,1,16.4,20.455,66,12.998,6,10,3,False,False,False,True,True,False,False,False,114
0,1,17.22,21.21,62,12.998,7,10,3,False,False,False,True,True,False,False,False,302
0,1,18.04,21.97,62,11.0014,8,10,3,False,False,False,True,True,False,False,False,457
0,1,18.86,22.725,63,12.998,9,10,3,False,False,False,True,True,False,False,False,208
0,1,21.32,25.0,52,0.0,10,10,3,False,False,False,True,True,False,False,False,129
0,1,22.14,25.76,49,0.0,11,10,3,False,False,False,True,True,False,False,False,144
0,1,22.96,26.515,49,6.0032,12,10,3,False,False,False,True,True,False,False,False,226
0,1,22.96,26.515,46,6.0032,13,10,3,False,False,False,True,True,False,False,False,191
0,1,23.78,27.275,43,6.0032,14,10,3,False,False,False,True,True,False,False,False,195
0,1,23.78,27.275,46,8.9981,15,10,3,False,False,False,True,True,False,False,False,219
0,1,23.78,27.275,49,12.998,16,10,3,False,False,False,True,True,False,False,False,323
0,1,22.96,26.515,52,8.9981,17,10,3,False,False,False,True,True,False,False,False,568
0,1,22.14,25.76,64,6.0032,18,10,3,False,False,False,True,True,False,False,False,538
0,1,21.32,25.0,59,7.0015,19,10,3,False,False,False,True,True,False,False,False,343
0,1,20.5,24.24,77,7.0015,20,10,3,False,False,False,True,True,False,False,False,260
0,1,18.86,22.725,88,6.0032,21,10,3,False,False,False,True,True,False,False,False,195
0,1,18.86,22.725,82,0.0,22,10,3,False,False,False,True,True,False,False,False,148
0,1,18.04,21.97,88,6.0032,23,10,3,False,False,False,True,True,False,False,False,99
0,1,18.04,21.97,88,0.0,0,10,4,False,False,False,True,True,False,False,False,67
0,1,18.04,21.97,88,0.0,1,10,4,False,False,False,True,True,False,False,False,28
0,1,17.22,21.21,88,0.0,2,10,4,False,False,False,True,True,False,False,False,5
0,1,16.4,20.455,87,0.0,3,10,4,False,False,False,True,True,False,False,False,10
0,1,16.4,20.455,87,7.0015,4,10,4,False,False,False,True,True,False,False,False,5
0,1,17.22,21.21,82,0.0,5,10,4,False,False,False,True,True,False,False,False,27
0,1,17.22,21.21,88,0.0,6,10,4,False,False,False,True,True,False,False,False,87
0,1,17.22,21.21,94,0.0,7,10,4,False,False,False,True,True,False,False,False,242
0,1,18.86,22.725,82,0.0,8,10,4,False,False,False,True,True,False,False,False,417
0,1,19.68,23.485,77,0.0,9,10,4,False,False,False,True,True,False,False,False,241
0,1,21.32,25.0,68,6.0032,10,10,4,False,False,False,True,True,False,False,False,174
0,1,22.96,26.515,63,0.0,11,10,4,False,False,False,True,True,False,False,False,230
0,1,24.6,31.06,53,0.0,12,10,4,False,False,False,True,True,False,False,False,235
0,1,24.6,31.06,46,0.0,13,10,4,False,False,False,True,True,False,False,False,305
0,1,25.42,31.06,50,0.0,14,10,4,False,False,False,True,True,False,False,False,256
0,1,27.06,31.06,41,0.0,15,10,4,False,False,False,True,True,False,False,False,270
0,1,26.24,31.06,44,0.0,16,10,4,False,False,False,True,True,False,False,False,419
0,1,24.6,31.06,56,16.9979,17,10,4,False,False,False,True,True,False,False,False,563
0,1,22.96,26.515,60,6.0032,18,10,4,False,False,False,True,True,False,False,False,465
0,1,22.96,26.515,52,0.0,19,10,4,False,False,False,True,True,False,False,False,294
0,1,22.14,25.76,49,0.0,20,10,4,False,False,False,True,True,False,False,False,197
0,1,20.5,24.24,68,0.0,21,10,4,False,False,False,True,True,False,False,False,166
0,1,20.5,24.24,68,0.0,22,10,4,False,False,False,True,True,False,False,False,146
0,1,20.5,24.24,63,0.0,23,10,4,False,False,False,True,True,False,False,False,136
0,0,19.68,23.485,72,0.0,0,10,5,False,False,False,True,True,False,False,False,89
0,0,18.86,22.725,82,0.0,1,10,5,False,False,False,True,True,False,False,False,65
0,0,18.86,22.725,82,0.0,2,10,5,False,False,False,True,True,False,False,False,45
0,0,18.04,21.97,88,0.0,3,10,5,False,False,False,True,True,False,False,False,20
0,0,17.22,21.21,94,8.9981,4,10,5,False,False,False,True,True,False,False,False,10
0,0,17.22,21.21,88,7.0015,5,10,5,False,False,False,True,True,False,False,False,8
0,0,17.22,21.21,94,0.0,6,10,5,False,False,False,True,True,False,False,False,22
0,0,17.22,21.21,94,6.0032,7,10,5,False,False,False,True,True,False,False,False,73
0,0,18.86,22.725,82,0.0,8,10,5,False,False,False,True,True,False,False,False,103
0,0,20.5,24.24,77,0.0,9,10,5,False,False,False,True,True,False,False,False,217
0,0,21.32,25.0,77,0.0,10,10,5,False,False,False,True,True,False,False,False,337
0,0,23.78,27.275,56,0.0,11,10,5,False,False,False,True,True,False,False,False,397
0,0,25.42,31.06,35,0.0,12,10,5,False,False,False,True,True,False,False,False,446
0,0,25.42,31.06,46,7.0015,13,10,5,False,False,False,True,True,False,False,False,485
0,0,25.42,31.06,50,6.0032,14,10,5,False,False,False,True,True,False,False,False,465
0,0,27.06,31.06,39,0.0,15,10,5,False,False,False,True,True,False,False,False,496
0,0,26.24,31.06,44,6.0032,16,10,5,False,False,False,True,True,False,False,False,451
0,0,25.42,31.06,50,8.9981,17,10,5,False,False,False,True,True,False,False,False,393
0,0,24.6,31.06,46,7.0015,18,10,5,False,False,False,True,True,False,False,False,359
0,0,22.14,25.76,68,8.9981,19,10,5,False,False,False,True,True,False,False,False,248
0,0,21.32,25.0,77,7.0015,20,10,5,False,False,False,True,True,False,False,False,202
0,0,21.32,25.0,77,0.0,21,10,5,False,False,False,True,True,False,False,False,187
0,0,20.5,24.24,77,0.0,22,10,5,False,False,False,True,True,False,False,False,149
0,0,19.68,23.485,88,0.0,23,10,5,False,False,False,True,True,False,False,False,142
0,0,18.86,22.725,88,6.0032,0,10,6,False,False,False,True,True,False,False,False,129
0,0,18.86,22.725,88,0.0,1,10,6,False,False,False,True,True,False,False,False,78
0,0,18.86,22.725,88,0.0,2,10,6,False,False,False,True,True,False,False,False,55
0,0,18.04,21.97,88,0.0,3,10,6,False,False,False,True,True,False,False,False,30
0,0,18.04,21.97,88,0.0,4,10,6,False,False,False,True,True,False,False,False,14
0,0,18.04,21.97,88,0.0,5,10,6,False,False,False,True,True,False,False,False,15
0,0,18.04,21.97,88,0.0,6,10,6,False,False,False,True,True,False,False,False,21
0,0,18.04,21.97,86,0.0,7,10,6,False,False,False,True,True,False,False,False,44
0,0,18.86,22.725,88,0.0,8,10,6,False,False,False,True,True,False,False,False,107
0,0,20.5,24.24,77,0.0,9,10,6,False,False,False,True,True,False,False,False,185
0,0,22.96,26.515,68,6.0032,10,10,6,False,False,False,True,True,False,False,False,365
0,0,25.42,31.06,53,6.0032,11,10,6,False,False,False,True,True,False,False,False,423
0,0,26.24,31.06,44,6.0032,12,10,6,False,False,False,True,True,False,False,False,455
0,0,27.06,31.06,44,6.0032,13,10,6,False,False,False,True,True,False,False,False,418
0,0,27.88,31.82,47,11.0014,14,10,6,False,False,False,True,True,False,False,False,500
0,0,27.88,31.82,51,11.0014,15,10,6,False,False,False,True,True,False,False,False,407
0,0,27.06,31.06,50,8.9981,16,10,6,False,False,False,True,True,False,False,False,470
0,0,25.42,30.305,61,7.0015,17,10,6,False,False,False,True,True,False,False,False,438
0,0,26.24,31.06,50,7.0015,18,10,6,False,False,False,True,True,False,False,False,414
0,0,22.96,26.515,73,6.0032,19,10,6,False,False,False,True,True,False,False,False,302
0,0,22.96,26.515,73,7.0015,20,10,6,False,False,False,True,True,False,False,False,193
0,0,22.14,25.76,83,7.0015,21,10,6,False,False,False,True,True,False,False,False,173
0,0,21.32,25.0,94,0.0,22,10,6,False,False,False,True,False,True,False,False,152
0,0,20.5,24.24,88,7.0015,23,10,6,False,False,False,True,True,False,False,False,123
1,0,20.5,24.24,94,0.0,0,10,0,False,False,False,True,True,False,False,False,53
1,0,19.68,23.485,88,0.0,1,10,0,False,False,False,True,True,False,False,False,34
1,0,19.68,23.485,88,0.0,2,10,0,False,False,False,True,True,False,False,False,19
1,0,18.86,22.725,88,0.0,3,10,0,False,False,False,True,True,False,False,False,11
1,0,18.86,22.725,94,0.0,4,10,0,False,False,False,True,True,False,False,False,6
1,0,18.86,22.725,94,0.0,5,10,0,False,False,False,True,True,False,False,False,21
1,0,18.04,21.97,94,0.0,6,10,0,False,False,False,True,True,False,False,False,44
1,0,18.86,22.725,88,0.0,7,10,0,False,False,False,True,True,False,False,False,114
1,0,21.32,25.0,83,0.0,8,10,0,False,False,False,True,True,False,False,False,254
1,0,22.14,25.76,77,0.0,9,10,0,False,False,False,True,True,False,False,False,219
1,0,22.96,26.515,73,11.0014,10,10,0,False,False,False,True,True,False,False,False,265
1,0,25.42,30.305,69,6.0032,11,10,0,False,False,False,True,True,False,False,False,322
1,0,28.7,32.575,48,6.0032,12,10,0,False,False,False,True,False,True,False,False,365
1,0,29.52,32.575,37,0.0,13,10,0,False,False,False,True,True,False,False,False,365
1,0,30.34,32.575,37,0.0,14,10,0,False,False,False,True,True,False,False,False,370
1,0,29.52,32.575,42,7.0015,15,10,0,False,False,False,True,False,True,False,False,384
1,0,28.7,31.82,45,6.0032,16,10,0,False,False,False,True,False,True,False,False,402
1,0,27.06,31.06,54,7.0015,17,10,0,False,False,False,True,False,True,False,False,459
1,0,26.24,31.06,53,0.0,18,10,0,False,False,False,True,False,True,False,False,473
1,0,23.78,27.275,78,6.0032,19,10,0,False,False,False,True,False,True,False,False,336
1,0,24.6,29.545,73,0.0,20,10,0,False,False,False,True,True,False,False,False,225
1,0,22.96,26.515,88,6.0032,21,10,0,False,False,False,True,True,False,False,False,175
1,0,22.96,26.515,88,6.0032,22,10,0,False,False,False,True,True,False,False,False,126
1,0,22.14,25.76,88,7.0015,23,10,0,False,False,False,True,False,True,False,False,75
0,1,22.14,25.76,88,0.0,0,10,1,False,False,False,True,False,True,False,False,30
0,1,21.32,25.0,94,6.0032,1,10,1,False,False,False,True,False,True,False,False,11
0,1,21.32,25.0,94,8.9981,2,10,1,False,False,False,True,False,True,False,False,5
0,1,21.32,25.0,88,7.0015,3,10,1,False,False,False,True,False,True,False,False,3
0,1,21.32,25.0,88,8.9981,4,10,1,False,False,False,True,False,True,False,False,5
0,1,21.32,25.0,88,0.0,5,10,1,False,False,False,True,False,True,False,False,20
0,1,21.32,25.0,83,6.0032,6,10,1,False,False,False,True,True,False,False,False,123
0,1,21.32,25.0,88,6.0032,7,10,1,False,False,False,True,False,True,False,False,352
0,1,22.96,26.515,83,7.0015,8,10,1,False,False,False,True,False,True,False,False,406
0,1,24.6,29.545,69,0.0,9,10,1,False,False,False,True,False,True,False,False,235
0,1,24.6,29.545,69,8.9981,10,10,1,False,False,False,True,False,True,False,False,149
0,1,24.6,29.545,73,11.0014,11,10,1,False,False,False,True,False,True,False,False,123
0,1,24.6,29.545,73,11.0014,12,10,1,False,False,False,True,False,True,False,False,181
0,1,24.6,29.545,73,12.998,13,10,1,False,False,False,True,False,True,False,False,180
0,1,24.6,29.545,73,7.0015,14,10,1,False,False,False,True,False,False,True,False,171
0,1,24.6,28.79,78,11.0014,15,10,1,False,False,False,True,False,True,False,False,175
0,1,24.6,29.545,73,11.0014,16,10,1,False,False,False,True,False,True,False,False,320
0,1,24.6,28.79,78,16.9979,17,10,1,False,False,False,True,False,True,False,False,604
0,1,24.6,28.79,78,15.0013,18,10,1,False,False,False,True,False,True,False,False,539
0,1,23.78,27.275,83,15.0013,19,10,1,False,False,False,True,False,True,False,False,318
0,1,23.78,27.275,83,15.0013,20,10,1,False,False,False,True,False,True,False,False,234
0,1,23.78,27.275,78,12.998,21,10,1,False,False,False,True,False,True,False,False,175
0,1,22.96,26.515,83,12.998,22,10,1,False,False,False,True,False,True,False,False,147
0,1,22.96,26.515,83,19.0012,23,10,1,False,False,False,True,False,True,False,False,57
0,1,22.96,26.515,83,8.9981,0,10,2,False,False,False,True,False,True,False,False,25
0,1,22.96,26.515,83,8.9981,1,10,2,False,False,False,True,False,False,True,False,10
0,1,22.96,26.515,83,19.0012,2,10,2,False,False,False,True,False,True,False,False,2
0,1,22.14,25.76,94,19.9995,3,10,2,False,False,False,True,False,False,True,False,2
0,1,22.14,25.76,94,26.0027,4,10,2,False,False,False,True,False,False,True,False,7
0,1,22.14,25.76,88,22.0028,5,10,2,False,False,False,True,False,True,False,False,22
0,1,22.14,25.76,88,16.9979,6,10,2,False,False,False,True,False,True,False,False,112
0,1,22.14,25.76,88,26.0027,7,10,2,False,False,False,True,False,True,False,False,259
0,1,22.14,25.76,88,26.0027,8,10,2,False,False,False,True,False,True,False,False,404
0,1,22.14,25.76,88,30.0026,9,10,2,False,False,False,True,False,True,False,False,197
0,1,22.14,25.76,88,26.0027,10,10,2,False,False,False,True,False,True,False,False,113
0,1,22.14,25.76,94,22.0028,11,10,2,False,False,False,True,False,False,True,False,120
0,1,22.14,25.76,88,22.0028,12,10,2,False,False,False,True,False,False,True,False,62
0,1,22.14,25.76,88,15.0013,13,10,2,False,False,False,True,False,False,True,False,101
0,1,22.14,25.76,94,19.0012,14,10,2,False,False,False,True,False,False,True,False,78
0,1,22.14,25.76,94,16.9979,15,10,2,False,False,False,True,False,False,True,False,45
0,1,22.96,26.515,88,15.0013,16,10,2,False,False,False,True,False,True,False,False,55
0,1,22.14,25.76,94,15.0013,17,10,2,False,False,False,True,False,False,True,False,251
0,1,22.14,25.76,94,8.9981,18,10,2,False,False,False,True,False,False,True,False,172
0,1,22.14,25.76,94,8.9981,19,10,2,False,False,False,True,False,False,True,False,109
0,1,22.14,25.76,94,7.0015,20,10,2,False,False,False,True,False,False,True,False,90
0,1,22.14,25.76,100,7.0015,21,10,2,False,False,False,True,False,False,True,False,83
0,1,22.14,25.76,94,6.0032,22,10,2,False,False,False,True,False,False,True,False,43
0,1,22.14,25.76,94,6.0032,23,10,2,False,False,False,True,False,False,True,False,54
0,1,22.14,25.76,94,8.9981,0,10,3,False,False,False,True,False,True,False,False,15
0,1,22.14,25.76,94,0.0,1,10,3,False,False,False,True,False,True,False,False,12
0,1,22.14,25.76,94,0.0,2,10,3,False,False,False,True,False,True,False,False,4
0,1,22.14,25.76,100,12.998,3,10,3,False,False,False,True,False,True,False,False,6
0,1,22.14,25.76,100,7.0015,4,10,3,False,False,False,True,False,True,False,False,7
0,1,22.14,25.76,100,7.0015,5,10,3,False,False,False,True,False,True,False,False,17
0,1,22.14,25.76,100,6.0032,6,10,3,False,False,False,True,False,False,True,False,52
0,1,22.14,25.76,100,8.9981,7,10,3,False,False,False,True,False,False,True,False,81
0,1,22.14,25.76,100,6.0032,8,10,3,False,False,False,True,False,False,True,False,209
0,1,22.96,26.515,100,7.0015,9,10,3,False,False,False,True,False,False,True,False,109
0,1,22.96,26.515,100,8.9981,10,10,3,False,False,False,True,False,False,True,False,69
0,1,25.42,28.79,83,0.0,11,10,3,False,False,False,True,False,True,False,False,84
0,1,25.42,28.03,88,0.0,12,10,3,False,False,False,True,False,True,False,False,105
0,1,26.24,28.79,83,11.0014,13,10,3,False,False,False,True,False,True,False,False,162
0,1,27.06,30.305,78,12.998,14,10,3,False,False,False,True,True,False,False,False,133
0,1,27.06,30.305,78,12.998,15,10,3,False,False,False,True,True,False,False,False,155
0,1,27.06,31.06,74,15.0013,16,10,3,False,False,False,True,True,False,False,False,276
0,1,25.42,28.79,83,16.9979,17,10,3,False,False,False,True,False,False,True,False,479
0,1,25.42,28.79,83,16.9979,18,10,3,False,False,False,True,False,False,True,False,268
0,1,25.42,28.79,83,11.0014,19,10,3,False,False,False,True,False,True,False,False,205
0,1,25.42,28.79,83,19.0012,20,10,3,False,False,False,True,True,False,False,False,181
0,1,25.42,28.79,83,12.998,21,10,3,False,False,False,True,True,False,False,False,123
0,1,25.42,28.79,83,12.998,22,10,3,False,False,False,True,True,False,False,False,114
0,1,23.78,27.275,88,12.998,23,10,3,False,False,False,True,False,True,False,False,47
0,1,23.78,27.275,94,6.0032,0,10,4,False,False,False,True,True,False,False,False,39
0,1,23.78,27.275,94,8.9981,1,10,4,False,False,False,True,True,False,False,False,24
0,1,22.96,26.515,94,11.0014,2,10,4,False,False,False,True,True,False,False,False,6
0,1,22.96,26.515,94,8.9981,3,10,4,False,False,False,True,True,False,False,False,7
0,1,22.96,26.515,94,12.998,4,10,4,False,False,False,True,True,False,False,False,8
0,1,22.96,26.515,94,11.0014,5,10,4,False,False,False,True,False,True,False,False,17
0,1,22.96,26.515,88,12.998,6,10,4,False,False,False,True,False,False,True,False,94
0,1,22.96,26.515,88,12.998,7,10,4,False,False,False,True,False,False,True,False,147
0,1,22.96,26.515,90,11.0014,8,10,4,False,False,False,True,False,True,False,False,209
0,1,22.96,26.515,94,15.0013,9,10,4,False,False,False,True,False,True,False,False,180
0,1,22.14,25.76,88,23.9994,10,10,4,False,False,False,True,False,False,True,False,125
0,1,21.32,25.0,88,11.0014,11,10,4,False,False,False,True,False,False,True,False,87
0,1,21.32,25.0,88,11.0014,12,10,4,False,False,False,True,False,False,True,False,75
0,1,22.96,26.515,73,23.9994,13,10,4,False,False,False,True,True,False,False,False,132
0,1,25.42,31.06,43,23.9994,14,10,4,False,False,False,True,True,False,False,False,156
0,1,25.42,31.06,43,19.0012,15,10,4,False,False,False,True,True,False,False,False,230
0,1,24.6,31.06,43,15.0013,16,10,4,False,False,False,True,True,False,False,False,344
0,1,23.78,27.275,46,27.9993,17,10,4,False,False,False,True,True,False,False,False,481
0,1,22.14,25.76,39,19.0012,18,10,4,False,False,False,True,True,False,False,False,423
0,1,22.14,25.76,39,22.0028,19,10,4,False,False,False,True,True,False,False,False,248
0,1,21.32,25.0,42,12.998,20,10,4,False,False,False,True,True,False,False,False,196
0,1,20.5,24.24,45,12.998,21,10,4,False,False,False,True,True,False,False,False,178
0,1,18.86,22.725,59,15.0013,22,10,4,False,False,False,True,True,False,False,False,143
0,1,18.86,22.725,59,11.0014,23,10,4,False,False,False,True,True,False,False,False,95
0,0,18.86,22.725,55,7.0015,0,10,5,False,False,False,True,True,False,False,False,106
0,0,18.86,22.725,55,16.9979,1,10,5,False,False,False,True,True,False,False,False,73
0,0,18.86,22.725,59,12.998,2,10,5,False,False,False,True,True,False,False,False,56
0,0,18.04,21.97,62,12.998,3,10,5,False,False,False,True,True,False,False,False,23
0,0,17.22,21.21,67,8.9981,4,10,5,False,False,False,True,True,False,False,False,6
0,0,17.22,21.21,71,11.0014,5,10,5,False,False,False,True,True,False,False,False,7
0,0,16.4,20.455,71,0.0,6,10,5,False,False,False,True,True,False,False,False,20
0,0,16.4,20.455,76,7.0015,7,10,5,False,False,False,True,True,False,False,False,57
0,0,18.86,22.725,59,19.0012,8,10,5,False,False,False,True,True,False,False,False,125
0,0,21.32,25.0,48,19.9995,9,10,5,False,False,False,True,True,False,False,False,207
0,0,22.14,25.76,45,30.0026,10,10,5,False,False,False,True,True,False,False,False,322
0,0,22.96,26.515,40,26.0027,11,10,5,False,False,False,True,True,False,False,False,374
0,0,23.78,27.275,35,36.9974,12,10,5,False,False,False,True,True,False,False,False,456
0,0,24.6,31.06,35,31.0009,13,10,5,False,False,False,True,True,False,False,False,394
0,0,24.6,31.06,33,31.0009,14,10,5,False,False,False,True,True,False,False,False,472
0,0,25.42,31.06,31,32.9975,15,10,5,False,False,False,True,True,False,False,False,377
0,0,25.42,31.06,29,26.0027,16,10,5,False,False,False,True,True,False,False,False,443
0,0,23.78,27.275,32,19.0012,17,10,5,False,False,False,True,True,False,False,False,441
0,0,22.14,25.76,39,12.998,18,10,5,False,False,False,True,True,False,False,False,372
0,0,20.5,24.24,51,8.9981,19,10,5,False,False,False,True,True,False,False,False,238
0,0,20.5,24.24,48,8.9981,20,10,5,False,False,False,True,True,False,False,False,179
0,0,20.5,24.24,42,15.0013,21,10,5,False,False,False,True,True,False,False,False,168
0,0,20.5,24.24,36,8.9981,22,10,5,False,False,False,True,True,False,False,False,166
0,0,19.68,23.485,41,11.0014,23,10,5,False,False,False,True,True,False,False,False,135
0,0,18.86,22.725,44,8.9981,0,10,6,False,False,False,True,True,False,False,False,107
0,0,18.04,21.97,47,8.9981,1,10,6,False,False,False,True,True,False,False,False,77
0,0,17.22,21.21,54,8.9981,2,10,6,False,False,False,True,True,False,False,False,65
0,0,17.22,21.21,54,8.9981,3,10,6,False,False,False,True,True,False,False,False,42
0,0,17.22,21.21,54,12.998,4,10,6,False,False,False,True,True,False,False,False,12
0,0,17.22,21.21,54,11.0014,5,10,6,False,False,False,True,True,False,False,False,7
0,0,15.58,19.695,66,11.0014,6,10,6,False,False,False,True,True,False,False,False,10
0,0,16.4,20.455,62,8.9981,7,10,6,False,False,False,True,True,False,False,False,48
0,0,18.04,21.97,62,12.998,8,10,6,False,False,False,True,True,False,False,False,99
0,0,20.5,24.24,45,15.0013,9,10,6,False,False,False,True,True,False,False,False,190
0,0,22.14,25.76,45,16.9979,10,10,6,False,False,False,True,True,False,False,False,347
0,0,22.96,26.515,35,19.0012,11,10,6,False,False,False,True,True,False,False,False,377
0,0,23.78,27.275,35,16.9979,12,10,6,False,False,False,True,True,False,False,False,444
0,0,24.6,31.06,35,19.9995,13,10,6,False,False,False,True,True,False,False,False,438
0,0,24.6,31.06,40,19.9995,14,10,6,False,False,False,True,True,False,False,False,462
0,0,25.42,31.06,35,26.0027,15,10,6,False,False,False,True,True,False,False,False,412
0,0,24.6,31.06,46,26.0027,16,10,6,False,False,False,True,True,False,False,False,466
0,0,23.78,27.275,49,31.0009,17,10,6,False,False,False,True,True,False,False,False,405
0,0,22.96,26.515,49,30.0026,18,10,6,False,False,False,True,True,False,False,False,328
0,0,22.14,25.76,52,26.0027,19,10,6,False,False,False,True,True,False,False,False,233
0,0,22.14,25.76,52,31.0009,20,10,6,False,False,False,True,True,False,False,False,178
0,0,22.14,25.76,52,26.0027,21,10,6,False,False,False,True,True,False,False,False,102
0,0,22.96,26.515,49,27.9993,22,10,6,False,False,False,True,True,False,False,False,130
0,0,22.96,26.515,52,27.9993,23,10,6,False,False,False,True,True,False,False,False,62
0,1,22.14,25.76,56,22.0028,0,10,0,False,False,False,True,True,False,False,False,37
0,1,22.96,26.515,54,26.0027,1,10,0,False,False,False,True,True,False,False,False,17
0,1,22.96,26.515,54,26.0027,2,10,0,False,False,False,True,True,False,False,False,7
0,1,22.96,26.515,49,12.998,3,10,0,False,False,False,True,True,False,False,False,2
0,1,21.32,25.0,59,11.0014,4,10,0,False,False,False,True,True,False,False,False,5
0,1,20.5,24.24,63,19.9995,5,10,0,False,False,False,True,True,False,False,False,29
0,1,20.5,24.24,55,16.9979,6,10,0,False,False,False,True,True,False,False,False,114
0,1,20.5,24.24,55,11.0014,7,10,0,False,False,False,True,False,True,False,False,309
0,1,20.5,24.24,51,16.9979,8,10,0,False,False,False,True,False,True,False,False,414
0,1,20.5,24.24,45,19.0012,9,10,0,False,False,False,True,False,True,False,False,206
0,1,21.32,25.0,45,11.0014,10,10,0,False,False,False,True,True,False,False,False,135
0,1,22.96,26.515,43,0.0,11,10,0,False,False,False,True,True,False,False,False,166
0,1,22.96,26.515,40,6.0032,12,10,0,False,False,False,True,True,False,False,False,205
0,1,22.96,26.515,46,6.0032,13,10,0,False,False,False,True,True,False,False,False,205
0,1,23.78,27.275,49,12.998,14,10,0,False,False,False,True,True,False,False,False,166
0,1,22.96,26.515,60,16.9979,15,10,0,False,False,False,True,True,False,False,False,208
0,1,23.78,27.275,56,16.9979,16,10,0,False,False,False,True,True,False,False,False,302
0,1,22.96,26.515,64,8.9981,17,10,0,False,False,False,True,True,False,False,False,620
0,1,22.96,26.515,60,0.0,18,10,0,False,False,False,True,True,False,False,False,518
0,1,22.14,25.76,68,7.0015,19,10,0,False,False,False,True,True,False,False,False,333
0,1,21.32,25.0,77,7.0015,20,10,0,False,False,False,True,True,False,False,False,229
0,1,20.5,24.24,77,7.0015,21,10,0,False,False,False,True,True,False,False,False,177
0,1,20.5,24.24,77,0.0,22,10,0,False,False,False,True,True,False,False,False,104
0,1,19.68,23.485,88,0.0,23,10,0,False,False,False,True,False,True,False,False,62
0,1,19.68,23.485,82,0.0,0,10,1,False,False,False,True,True,False,False,False,31
0,1,18.86,22.725,88,0.0,1,10,1,False,False,False,True,False,True,False,False,11
0,1,18.04,21.97,94,6.0032,2,10,1,False,False,False,True,True,False,False,False,5
0,1,18.04,21.97,94,6.0032,3,10,1,False,False,False,True,True,False,False,False,1
0,1,18.04,21.97,94,7.0015,4,10,1,False,False,False,True,False,True,False,False,4
0,1,18.86,22.725,88,0.0,5,10,1,False,False,False,True,False,True,False,False,21
0,1,18.86,22.725,82,6.0032,6,10,1,False,False,False,True,True,False,False,False,109
0,1,18.86,22.725,88,6.0032,7,10,1,False,False,False,True,True,False,False,False,341
0,1,20.5,24.24,77,6.0032,8,10,1,False,False,False,True,True,False,False,False,499
0,1,21.32,25.0,77,6.0032,9,10,1,False,False,False,True,False,True,False,False,227
0,1,22.96,26.515,68,0.0,10,10,1,False,False,False,True,False,True,False,False,102
0,1,24.6,31.06,49,7.0015,11,10,1,False,False,False,True,False,True,False,False,147
0,1,25.42,31.06,43,6.0032,12,10,1,False,False,False,True,False,True,False,False,201
0,1,26.24,31.06,38,12.998,13,10,1,False,False,False,True,False,True,False,False,219
0,1,25.42,31.06,41,11.0014,14,10,1,False,False,False,True,False,True,False,False,169
0,1,25.42,31.06,50,12.998,15,10,1,False,False,False,True,True,False,False,False,205
0,1,25.42,31.06,57,16.9979,16,10,1,False,False,False,True,True,False,False,False,304
0,1,24.6,30.305,60,8.9981,17,10,1,False,False,False,True,True,False,False,False,625
0,1,22.96,26.515,68,7.0015,18,10,1,False,False,False,True,True,False,False,False,570
0,1,22.96,26.515,60,7.0015,19,10,1,False,False,False,True,True,False,False,False,317
0,1,22.14,25.76,64,11.0014,20,10,1,False,False,False,True,True,False,False,False,227
0,1,22.14,25.76,68,8.9981,21,10,1,False,False,False,True,False,True,False,False,206
0,1,21.32,25.0,77,11.0014,22,10,1,False,False,False,True,False,True,False,False,137
0,1,21.32,25.0,77,12.998,23,10,1,False,False,False,True,False,True,False,False,70
0,1,21.32,25.0,77,12.998,0,10,2,False,False,False,True,False,True,False,False,34
0,1,21.32,25.0,77,12.998,1,10,2,False,False,False,True,False,True,False,False,16
0,1,21.32,25.0,77,12.998,2,10,2,False,False,False,True,False,True,False,False,7
0,1,20.5,24.24,94,12.998,4,10,2,False,False,False,True,False,False,True,False,3
0,1,20.5,24.24,100,7.0015,5,10,2,False,False,False,True,False,False,True,False,3
0,1,21.32,25.0,83,16.9979,6,10,2,False,False,False,True,False,False,True,False,31
0,1,21.32,25.0,77,16.9979,7,10,2,False,False,False,True,False,False,True,False,68
0,1,22.14,25.76,70,32.9975,8,10,2,False,False,False,True,False,False,True,False,210
0,1,21.32,25.0,88,32.9975,9,10,2,False,False,False,True,False,False,True,False,202
0,1,21.32,25.0,88,32.9975,10,10,2,False,False,False,True,False,False,True,False,123
0,1,21.32,25.0,94,16.9979,11,10,2,False,False,False,True,False,False,True,False,149
0,1,21.32,25.0,94,22.0028,12,10,2,False,False,False,True,False,False,True,False,130
0,1,22.14,25.76,94,19.0012,13,10,2,False,False,False,True,False,True,False,False,106
0,1,22.14,25.76,94,11.0014,14,10,2,False,False,False,True,False,False,True,False,97
0,1,22.14,25.76,100,8.9981,15,10,2,False,False,False,True,False,False,True,False,120
0,1,22.96,26.515,94,11.0014,16,10,2,False,False,False,True,False,False,True,False,201
0,1,22.96,26.515,94,11.0014,17,10,2,False,False,False,True,False,False,True,False,181
0,1,22.96,26.515,100,11.0014,18,10,2,False,False,False,True,False,False,True,False,140
0,1,24.6,27.275,88,8.9981,19,10,2,False,False,False,True,False,True,False,False,197
0,1,24.6,25.76,94,6.0032,20,10,2,False,False,False,True,False,False,True,False,145
0,1,23.78,27.275,94,8.9981,21,10,2,False,False,False,True,False,True,False,False,85
0,1,23.78,27.275,94,23.9994,22,10,2,False,False,False,True,False,True,False,False,107
0,1,23.78,27.275,94,23.9994,23,10,2,False,False,False,True,False,True,False,False,69
0,1,14.76,17.425,87,11.0014,0,11,1,False,False,False,True,False,True,False,False,21
0,1,14.76,17.425,81,8.9981,1,11,1,False,False,False,True,True,False,False,False,11
0,1,14.76,17.425,81,11.0014,2,11,1,False,False,False,True,False,True,False,False,4
0,1,14.76,17.425,81,8.9981,3,11,1,False,False,False,True,False,True,False,False,6
0,1,13.94,15.91,81,15.0013,4,11,1,False,False,False,True,True,False,False,False,8
0,1,13.12,15.91,81,12.998,5,11,1,False,False,False,True,True,False,False,False,18
0,1,13.12,15.91,81,12.998,6,11,1,False,False,False,True,True,False,False,False,93
0,1,13.94,16.665,76,12.998,7,11,1,False,False,False,True,True,False,False,False,254
0,1,14.76,16.665,71,16.9979,8,11,1,False,False,False,True,True,False,False,False,419
0,1,16.4,20.455,66,11.0014,9,11,1,False,False,False,True,True,False,False,False,222
0,1,18.04,21.97,62,8.9981,10,11,1,False,False,False,True,True,False,False,False,135
0,1,18.86,22.725,63,7.0015,11,11,1,False,False,False,True,True,False,False,False,117
0,1,20.5,24.24,48,6.0032,12,11,1,False,False,False,True,True,False,False,False,176
0,1,19.68,23.485,55,12.998,13,11,1,False,False,False,True,True,False,False,False,167
0,1,20.5,24.24,48,16.9979,14,11,1,False,False,False,True,True,False,False,False,150
0,1,20.5,24.24,45,8.9981,15,11,1,False,False,False,True,True,False,False,False,186
0,1,19.68,23.485,44,11.0014,16,11,1,False,False,False,True,True,False,False,False,298
0,1,18.04,21.97,54,11.0014,17,11,1,False,False,False,True,True,False,False,False,506
0,1,17.22,21.21,58,7.0015,18,11,1,False,False,False,True,True,False,False,False,460
0,1,17.22,21.21,58,6.0032,19,11,1,False,False,False,True,True,False,False,False,313
0,1,16.4,20.455,71,0.0,20,11,1,False,False,False,True,True,False,False,False,209
0,1,14.76,18.94,81,0.0,21,11,1,False,False,False,True,True,False,False,False,127
0,1,14.76,18.94,81,0.0,22,11,1,False,False,False,True,True,False,False,False,96
0,1,13.94,18.18,87,0.0,23,11,1,False,False,False,True,True,False,False,False,72
0,1,13.12,17.425,87,0.0,0,11,2,False,False,False,True,True,False,False,False,19
0,1,12.3,16.665,87,0.0,1,11,2,False,False,False,True,True,False,False,False,10
0,1,12.3,16.665,87,0.0,2,11,2,False,False,False,True,True,False,False,False,2
0,1,12.3,16.665,75,0.0,3,11,2,False,False,False,True,True,False,False,False,2
0,1,12.3,16.665,87,0.0,4,11,2,False,False,False,True,True,False,False,False,4
0,1,12.3,16.665,81,0.0,5,11,2,False,False,False,True,True,False,False,False,27
0,1,12.3,16.665,81,0.0,6,11,2,False,False,False,True,True,False,False,False,92
0,1,12.3,16.665,81,0.0,7,11,2,False,False,False,True,True,False,False,False,251
0,1,13.12,17.425,87,0.0,8,11,2,False,False,False,True,True,False,False,False,472
0,1,13.94,18.18,87,0.0,9,11,2,False,False,False,True,True,False,False,False,228
0,1,16.4,20.455,71,6.0032,10,11,2,False,False,False,True,True,False,False,False,133
0,1,17.22,21.21,71,8.9981,11,11,2,False,False,False,True,True,False,False,False,144
0,1,18.86,22.725,55,11.0014,12,11,2,False,False,False,True,True,False,False,False,189
0,1,19.68,23.485,48,11.0014,13,11,2,False,False,False,True,True,False,False,False,161
0,1,20.5,24.24,45,11.0014,14,11,2,False,False,False,True,True,False,False,False,172
0,1,19.68,23.485,51,11.0014,15,11,2,False,False,False,True,True,False,False,False,187
0,1,19.68,23.485,51,7.0015,16,11,2,False,False,False,True,True,False,False,False,266
0,1,18.04,21.97,62,12.998,17,11,2,False,False,False,True,True,False,False,False,553
0,1,17.22,21.21,71,11.0014,18,11,2,False,False,False,True,True,False,False,False,479
0,1,16.4,20.455,76,8.9981,19,11,2,False,False,False,True,True,False,False,False,282
0,1,16.4,20.455,66,8.9981,20,11,2,False,False,False,True,True,False,False,False,182
0,1,15.58,19.695,71,8.9981,21,11,2,False,False,False,True,True,False,False,False,168
0,1,14.76,17.425,71,8.9981,22,11,2,False,False,False,True,True,False,False,False,106
0,1,14.76,18.18,76,6.0032,23,11,2,False,False,False,True,True,False,False,False,57
0,1,14.76,18.18,76,6.0032,0,11,3,False,False,False,True,True,False,False,False,31
0,1,13.94,16.665,81,8.9981,1,11,3,False,False,False,True,True,False,False,False,15
0,1,13.94,16.665,76,8.9981,2,11,3,False,False,False,True,True,False,False,False,7
0,1,13.94,16.665,81,8.9981,3,11,3,False,False,False,True,True,False,False,False,5
0,1,13.12,16.665,81,6.0032,4,11,3,False,False,False,True,True,False,False,False,4
0,1,13.12,16.665,81,8.9981,5,11,3,False,False,False,True,True,False,False,False,28
0,1,13.94,16.665,76,12.998,6,11,3,False,False,False,True,True,False,False,False,99
0,1,13.12,16.665,81,6.0032,7,11,3,False,False,False,True,False,True,False,False,292
0,1,13.94,17.425,81,6.0032,8,11,3,False,False,False,True,False,True,False,False,402
0,1,14.76,17.425,81,12.998,9,11,3,False,False,False,True,False,True,False,False,164
0,1,16.4,20.455,76,12.998,10,11,3,False,False,False,True,False,True,False,False,110
0,1,18.04,21.97,67,12.998,11,11,3,False,False,False,True,True,False,False,False,120
0,1,20.5,24.24,51,12.998,12,11,3,False,False,False,True,True,False,False,False,179
0,1,21.32,25.0,48,16.9979,13,11,3,False,False,False,True,False,True,False,False,169
0,1,21.32,25.0,52,11.0014,14,11,3,False,False,False,True,True,False,False,False,152
0,1,21.32,25.0,52,11.0014,15,11,3,False,False,False,True,True,False,False,False,162
0,1,21.32,25.0,48,12.998,16,11,3,False,False,False,True,True,False,False,False,267
0,1,19.68,23.485,55,6.0032,17,11,3,False,False,False,True,True,False,False,False,498
0,1,18.86,22.725,63,8.9981,18,11,3,False,False,False,True,True,False,False,False,433
0,1,18.04,21.97,67,6.0032,19,11,3,False,False,False,True,True,False,False,False,252
0,1,17.22,21.21,71,7.0015,20,11,3,False,False,False,True,True,False,False,False,209
0,1,16.4,20.455,76,8.9981,21,11,3,False,False,False,True,True,False,False,False,144
0,1,16.4,20.455,82,0.0,22,11,3,False,False,False,True,True,False,False,False,137
0,1,16.4,20.455,82,6.0032,23,11,3,False,False,False,True,True,False,False,False,95
0,1,16.4,20.455,82,0.0,0,11,4,False,False,False,True,False,True,False,False,43
0,1,16.4,20.455,82,0.0,1,11,4,False,False,False,True,False,True,False,False,17
0,1,16.4,20.455,76,0.0,2,11,4,False,False,False,True,False,True,False,False,10
0,1,15.58,19.695,87,11.0014,3,11,4,False,False,False,True,False,True,False,False,8
0,1,15.58,19.695,87,6.0032,4,11,4,False,False,False,True,False,True,False,False,7
0,1,15.58,19.695,87,0.0,5,11,4,False,False,False,True,False,True,False,False,23
0,1,15.58,19.695,87,6.0032,6,11,4,False,False,False,True,False,True,False,False,66
0,1,16.4,20.455,86,15.0013,7,11,4,False,False,False,True,False,True,False,False,245
0,1,16.4,20.455,87,23.9994,8,11,4,False,False,False,True,False,True,False,False,395
0,1,17.22,21.21,71,31.0009,9,11,4,False,False,False,True,False,True,False,False,254
0,1,17.22,21.21,71,22.0028,10,11,4,False,False,False,True,False,True,False,False,134
0,1,18.04,21.97,67,30.0026,11,11,4,False,False,False,True,False,True,False,False,162
0,1,19.68,23.485,55,32.9975,12,11,4,False,False,False,True,False,True,False,False,197
0,1,18.04,21.97,51,27.9993,13,11,4,False,False,False,True,True,False,False,False,194
0,1,18.04,21.97,47,19.9995,14,11,4,False,False,False,True,True,False,False,False,201
0,1,18.86,22.725,44,26.0027,15,11,4,False,False,False,True,True,False,False,False,237
0,1,18.86,22.725,36,26.0027,16,11,4,False,False,False,True,True,False,False,False,290
0,1,17.22,21.21,38,23.9994,17,11,4,False,False,False,True,True,False,False,False,480
0,1,17.22,21.21,32,31.0009,18,11,4,False,False,False,True,True,False,False,False,374
0,1,16.4,20.455,37,23.9994,19,11,4,False,False,False,True,True,False,False,False,196
0,1,14.76,16.665,43,19.0012,20,11,4,False,False,False,True,True,False,False,False,186
0,1,13.94,15.91,46,16.9979,21,11,4,False,False,False,True,True,False,False,False,123
0,1,13.94,15.15,46,22.0028,22,11,4,False,False,False,True,True,False,False,False,115
0,1,13.12,15.15,49,22.0028,23,11,4,False,False,False,True,True,False,False,False,89
0,0,13.12,14.395,45,23.9994,0,11,5,False,False,False,True,True,False,False,False,52
0,0,13.12,15.15,45,19.9995,1,11,5,False,False,False,True,True,False,False,False,62
0,0,12.3,13.635,52,22.0028,2,11,5,False,False,False,True,True,False,False,False,31
0,0,12.3,13.635,52,19.9995,3,11,5,False,False,False,True,True,False,False,False,8
0,0,11.48,12.88,56,22.0028,4,11,5,False,False,False,True,True,False,False,False,8
0,0,10.66,11.365,60,22.0028,5,11,5,False,False,False,True,True,False,False,False,2
0,0,10.66,12.12,60,16.9979,6,11,5,False,False,False,True,True,False,False,False,23
0,0,10.66,12.12,60,19.0012,7,11,5,False,False,False,True,True,False,False,False,34
0,0,11.48,12.88,56,22.0028,8,11,5,False,False,False,True,True,False,False,False,84
0,0,12.3,13.635,56,19.9995,9,11,5,False,False,False,True,True,False,False,False,141
0,0,13.12,15.15,53,16.9979,10,11,5,False,False,False,True,True,False,False,False,227
0,0,14.76,18.18,46,7.0015,11,11,5,False,False,False,True,True,False,False,False,238
0,0,14.76,17.425,46,11.0014,12,11,5,False,False,False,True,True,False,False,False,372
0,0,16.4,20.455,37,7.0015,13,11,5,False,False,False,True,True,False,False,False,355
0,0,17.22,21.21,35,8.9981,14,11,5,False,False,False,True,True,False,False,False,386
0,0,16.4,20.455,37,12.998,15,11,5,False,False,False,True,True,False,False,False,343
0,0,16.4,20.455,40,15.0013,16,11,5,False,False,False,True,True,False,False,False,335
0,0,15.58,19.695,40,11.0014,17,11,5,False,False,False,True,True,False,False,False,334
0,0,14.76,18.18,50,6.0032,18,11,5,False,False,False,True,True,False,False,False,237
0,0,13.94,18.18,53,0.0,19,11,5,False,False,False,True,True,False,False,False,204
0,0,13.12,17.425,66,0.0,20,11,5,False,False,False,True,True,False,False,False,165
0,0,13.12,17.425,66,0.0,21,11,5,False,False,False,True,True,False,False,False,118
0,0,12.3,16.665,65,0.0,22,11,5,False,False,False,True,True,False,False,False,82
0,0,11.48,15.91,70,0.0,23,11,5,False,False,False,True,True,False,False,False,85
0,0,11.48,15.91,75,0.0,0,11,6,False,False,False,True,True,False,False,False,75
0,0,10.66,15.15,81,0.0,1,11,6,False,False,False,True,True,False,False,False,115
0,0,10.66,15.15,81,0.0,2,11,6,False,False,False,True,True,False,False,False,29
0,0,9.84,14.395,87,0.0,3,11,6,False,False,False,True,True,False,False,False,9
0,0,9.84,14.395,87,0.0,4,11,6,False,False,False,True,True,False,False,False,6
0,0,9.84,12.12,87,8.9981,5,11,6,False,False,False,True,True,False,False,False,5
0,0,10.66,14.395,81,6.0032,6,11,6,False,False,False,True,True,False,False,False,16
0,0,10.66,13.635,87,7.0015,7,11,6,False,False,False,True,True,False,False,False,28
0,0,11.48,15.15,87,6.0032,8,11,6,False,False,False,True,False,True,False,False,90
0,0,12.3,15.91,75,6.0032,9,11,6,False,False,False,True,False,True,False,False,170
0,0,14.76,18.18,66,6.0032,10,11,6,False,False,False,True,True,False,False,False,262
0,0,17.22,21.21,58,6.0032,11,11,6,False,False,False,True,True,False,False,False,320
0,0,18.04,21.97,54,0.0,12,11,6,False,False,False,True,True,False,False,False,346
0,0,18.86,22.725,51,11.0014,13,11,6,False,False,False,True,True,False,False,False,314
0,0,18.86,22.725,55,12.998,14,11,6,False,False,False,True,True,False,False,False,320
0,0,19.68,23.485,51,12.998,15,11,6,False,False,False,True,True,False,False,False,306
0,0,18.86,22.725,55,15.0013,16,11,6,False,False,False,True,True,False,False,False,347
0,0,18.04,21.97,62,11.0014,17,11,6,False,False,False,True,True,False,False,False,256
0,0,17.22,21.21,71,7.0015,18,11,6,False,False,False,True,True,False,False,False,185
0,0,15.58,19.695,76,12.998,19,11,6,False,False,False,True,True,False,False,False,151
0,0,14.76,18.18,81,7.0015,20,11,6,False,False,False,True,True,False,False,False,116
0,0,14.76,18.18,81,6.0032,21,11,6,False,False,False,True,True,False,False,False,88
0,0,14.76,18.94,87,0.0,22,11,6,False,False,False,True,True,False,False,False,45
0,0,13.94,17.425,87,6.0032,23,11,6,False,False,False,True,True,False,False,False,50
0,1,13.94,18.18,87,0.0,0,11,0,False,False,False,True,True,False,False,False,15
0,1,13.94,18.18,87,0.0,1,11,0,False,False,False,True,True,False,False,False,8
0,1,13.12,17.425,93,0.0,2,11,0,False,False,False,True,True,False,False,False,2
0,1,13.12,17.425,93,0.0,3,11,0,False,False,False,True,True,False,False,False,3
0,1,13.12,17.425,93,0.0,4,11,0,False,False,False,True,True,False,False,False,6
0,1,12.3,16.665,93,0.0,5,11,0,False,False,False,True,True,False,False,False,26
0,1,11.48,15.91,93,0.0,6,11,0,False,False,False,True,False,True,False,False,99
0,1,11.48,15.91,93,0.0,7,11,0,False,False,False,True,False,True,False,False,311
0,1,12.3,15.91,100,6.0032,8,11,0,False,False,False,True,False,True,False,False,410
0,1,13.94,16.665,100,8.9981,9,11,0,False,False,False,True,False,True,False,False,174
0,1,14.76,17.425,93,8.9981,10,11,0,False,False,False,True,True,False,False,False,123
0,1,17.22,21.21,77,7.0015,11,11,0,False,False,False,True,True,False,False,False,128
0,1,18.86,22.725,67,0.0,12,11,0,False,False,False,True,True,False,False,False,179
0,1,22.14,25.76,49,6.0032,13,11,0,False,False,False,True,True,False,False,False,189
0,1,22.96,26.515,37,11.0014,14,11,0,False,False,False,True,True,False,False,False,145
0,1,22.96,26.515,37,7.0015,15,11,0,False,False,False,True,True,False,False,False,170
0,1,21.32,25.0,45,0.0,16,11,0,False,False,False,True,True,False,False,False,295
0,1,20.5,24.24,45,11.0014,17,11,0,False,False,False,True,True,False,False,False,528
0,1,18.86,22.725,59,7.0015,18,11,0,False,False,False,True,True,False,False,False,425
0,1,18.86,22.725,59,0.0,19,11,0,False,False,False,True,True,False,False,False,300
0,1,16.4,20.455,71,0.0,20,11,0,False,False,False,True,True,False,False,False,204
0,1,15.58,19.695,82,7.0015,21,11,0,False,False,False,True,True,False,False,False,139
0,1,14.76,18.18,81,6.0032,22,11,0,False,False,False,True,True,False,False,False,108
0,1,14.76,18.18,87,6.0032,23,11,0,False,False,False,True,True,False,False,False,48
0,1,13.94,17.425,87,6.0032,0,11,1,False,False,False,True,True,False,False,False,18
0,1,13.12,16.665,93,7.0015,1,11,1,False,False,False,True,True,False,False,False,11
0,1,13.12,17.425,87,0.0,2,11,1,False,False,False,True,True,False,False,False,1
0,1,13.12,17.425,87,0.0,3,11,1,False,False,False,True,True,False,False,False,3
0,1,12.3,16.665,87,0.0,4,11,1,False,False,False,True,True,False,False,False,4
0,1,12.3,15.91,87,6.0032,5,11,1,False,False,False,True,True,False,False,False,18
0,1,12.3,16.665,87,0.0,6,11,1,False,False,False,True,True,False,False,False,99
0,1,12.3,15.91,87,7.0015,7,11,1,False,False,False,True,True,False,False,False,323
0,1,13.12,16.665,93,7.0015,8,11,1,False,False,False,True,True,False,False,False,466
0,1,14.76,18.94,87,0.0,9,11,1,False,False,False,True,True,False,False,False,191
0,1,17.22,21.21,71,6.0032,10,11,1,False,False,False,True,True,False,False,False,129
0,1,18.86,22.725,63,8.9981,11,11,1,False,False,False,True,True,False,False,False,147
0,1,21.32,25.0,52,8.9981,12,11,1,False,False,False,True,True,False,False,False,203
0,1,22.14,25.76,49,11.0014,13,11,1,False,False,False,True,True,False,False,False,196
0,1,22.96,26.515,46,7.0015,14,11,1,False,False,False,True,True,False,False,False,161
0,1,23.78,27.275,46,7.0015,15,11,1,False,False,False,True,True,False,False,False,188
0,1,22.96,26.515,46,8.9981,16,11,1,False,False,False,True,True,False,False,False,289
0,1,21.32,25.0,43,11.0014,17,11,1,False,False,False,True,True,False,False,False,499
0,1,19.68,23.485,55,8.9981,18,11,1,False,False,False,True,True,False,False,False,462
0,1,18.86,22.725,59,0.0,19,11,1,False,False,False,True,True,False,False,False,278
0,1,16.4,20.455,76,0.0,20,11,1,False,False,False,True,True,False,False,False,181
0,1,16.4,20.455,76,0.0,21,11,1,False,False,False,True,True,False,False,False,182
0,1,14.76,18.94,87,0.0,22,11,1,False,False,False,True,True,False,False,False,108
0,1,14.76,18.94,81,0.0,23,11,1,False,False,False,True,True,False,False,False,48
0,1,14.76,18.94,87,0.0,0,11,2,False,False,False,True,True,False,False,False,13
0,1,13.94,18.18,87,0.0,1,11,2,False,False,False,True,True,False,False,False,10
0,1,13.12,17.425,93,0.0,2,11,2,False,False,False,True,True,False,False,False,5
0,1,13.12,17.425,93,0.0,3,11,2,False,False,False,True,True,False,False,False,4
0,1,13.12,17.425,87,0.0,4,11,2,False,False,False,True,True,False,False,False,4
0,1,12.3,16.665,87,0.0,5,11,2,False,False,False,True,True,False,False,False,28
0,1,12.3,16.665,87,0.0,6,11,2,False,False,False,True,True,False,False,False,98
0,1,12.3,16.665,87,0.0,7,11,2,False,False,False,True,True,False,False,False,300
0,1,13.12,17.425,93,0.0,8,11,2,False,False,False,True,True,False,False,False,456
0,1,13.94,18.18,93,0.0,9,11,2,False,False,False,True,True,False,False,False,219
0,1,16.4,20.455,76,7.0015,10,11,2,False,False,False,True,True,False,False,False,105
0,1,18.86,22.725,67,11.0014,11,11,2,False,False,False,True,True,False,False,False,152
0,1,20.5,24.24,51,11.0014,12,11,2,False,False,False,True,True,False,False,False,180
0,1,20.5,24.24,51,11.0014,13,11,2,False,False,False,True,True,False,False,False,167
0,1,21.32,25.0,48,11.0014,14,11,2,False,False,False,True,True,False,False,False,179
0,1,21.32,25.0,45,15.0013,15,11,2,False,False,False,True,True,False,False,False,151
0,1,21.32,25.0,48,12.998,16,11,2,False,False,False,True,True,False,False,False,281
0,1,18.86,22.725,63,7.0015,17,11,2,False,False,False,True,True,False,False,False,485
0,1,18.04,21.97,67,7.0015,18,11,2,False,False,False,True,True,False,False,False,408
0,1,18.04,21.97,72,7.0015,19,11,2,False,False,False,True,True,False,False,False,304
0,1,18.04,21.97,77,0.0,20,11,2,False,False,False,True,True,False,False,False,219
0,1,16.4,20.455,87,0.0,21,11,2,False,False,False,True,True,False,False,False,161
0,1,16.4,20.455,87,0.0,22,11,2,False,False,False,True,True,False,False,False,114
0,1,15.58,19.695,87,0.0,23,11,2,False,False,False,True,True,False,False,False,66
0,1,16.4,20.455,87,0.0,0,11,3,False,False,False,True,True,False,False,False,24
0,1,16.4,20.455,87,0.0,1,11,3,False,False,False,True,False,True,False,False,11
0,1,15.58,19.695,94,0.0,2,11,3,False,False,False,True,False,True,False,False,5
0,1,15.58,19.695,94,6.0032,3,11,3,False,False,False,True,True,False,False,False,11
0,1,15.58,19.695,94,6.0032,4,11,3,False,False,False,True,True,False,False,False,3
0,1,14.76,17.425,100,8.9981,5,11,3,False,False,False,True,False,True,False,False,23
0,1,14.76,17.425,100,8.9981,6,11,3,False,False,False,True,False,True,False,False,114
0,1,15.58,19.695,94,11.0014,7,11,3,False,False,False,True,False,True,False,False,272
0,1,16.4,20.455,94,6.0032,8,11,3,False,False,False,True,False,True,False,False,436
0,1,17.22,21.21,94,7.0015,9,11,3,False,False,False,True,False,True,False,False,211
0,1,18.04,21.97,88,15.0013,10,11,3,False,False,False,True,False,True,False,False,117
0,1,18.86,22.725,67,26.0027,11,11,3,False,False,False,True,False,True,False,False,108
0,1,17.22,21.21,67,23.9994,12,11,3,False,False,False,True,False,True,False,False,167
0,1,14.76,16.665,81,23.9994,13,11,3,False,False,False,True,False,False,True,False,96
0,1,14.76,16.665,87,19.0012,14,11,3,False,False,False,True,False,False,True,False,64
0,1,14.76,16.665,81,19.9995,15,11,3,False,False,False,True,False,False,True,False,62
0,1,14.76,17.425,81,15.0013,16,11,3,False,False,False,True,False,False,True,False,73
0,1,14.76,17.425,81,15.0013,17,11,3,False,False,False,True,False,False,True,False,177
0,1,14.76,17.425,81,11.0014,18,11,3,False,False,False,True,False,True,False,False,273
0,1,14.76,17.425,71,15.0013,19,11,3,False,False,False,True,False,True,False,False,211
0,1,14.76,16.665,62,19.0012,20,11,3,False,False,False,True,False,True,False,False,168
0,1,14.76,16.665,57,16.9979,21,11,3,False,False,False,True,True,False,False,False,136
0,1,14.76,16.665,53,19.0012,22,11,3,False,False,False,True,True,False,False,False,89
0,1,13.94,16.665,57,11.0014,23,11,3,False,False,False,True,False,True,False,False,82
1,0,13.94,15.91,53,16.9979,0,11,4,False,False,False,True,True,False,False,False,66
1,0,13.12,15.15,57,22.0028,1,11,4,False,False,False,True,True,False,False,False,19
1,0,13.12,14.395,57,19.0012,2,11,4,False,False,False,True,True,False,False,False,11
1,0,12.3,14.395,61,12.998,3,11,4,False,False,False,True,True,False,False,False,6
1,0,12.3,14.395,61,12.998,4,11,4,False,False,False,True,True,False,False,False,8
1,0,12.3,14.395,49,16.9979,5,11,4,False,False,False,True,True,False,False,False,13
1,0,11.48,12.88,45,22.0028,6,11,4,False,False,False,True,True,False,False,False,46
1,0,11.48,13.635,45,16.9979,7,11,4,False,False,False,True,True,False,False,False,121
1,0,12.3,13.635,42,23.9994,8,11,4,False,False,False,True,True,False,False,False,258
1,0,13.12,14.395,45,30.0026,9,11,4,False,False,False,True,True,False,False,False,201
1,0,13.12,13.635,42,36.9974,10,11,4,False,False,False,True,True,False,False,False,200
1,0,13.94,14.395,42,32.9975,11,11,4,False,False,False,True,True,False,False,False,170
1,0,13.94,14.395,42,31.0009,12,11,4,False,False,False,True,True,False,False,False,239
1,0,15.58,19.695,37,36.9974,13,11,4,False,False,False,True,True,False,False,False,236
1,0,15.58,19.695,37,31.0009,14,11,4,False,False,False,True,True,False,False,False,247
1,0,14.76,16.665,37,27.9993,15,11,4,False,False,False,True,True,False,False,False,216
1,0,14.76,16.665,34,22.0028,16,11,4,False,False,False,True,True,False,False,False,238
1,0,13.94,15.15,39,22.0028,17,11,4,False,False,False,True,True,False,False,False,310
1,0,13.94,15.91,39,16.9979,18,11,4,False,False,False,True,True,False,False,False,208
1,0,13.12,15.91,39,11.0014,19,11,4,False,False,False,True,True,False,False,False,199
1,0,13.12,15.91,39,12.998,20,11,4,False,False,False,True,True,False,False,False,109
1,0,12.3,15.15,45,11.0014,21,11,4,False,False,False,True,True,False,False,False,83
1,0,13.12,15.91,39,12.998,22,11,4,False,False,False,True,True,False,False,False,91
1,0,12.3,15.91,45,6.0032,23,11,4,False,False,False,True,True,False,False,False,73
0,0,9.84,12.12,60,8.9981,0,11,5,False,False,False,True,True,False,False,False,64
0,0,9.84,12.12,60,8.9981,1,11,5,False,False,False,True,True,False,False,False,54
0,0,9.84,12.88,65,6.0032,2,11,5,False,False,False,True,True,False,False,False,46
0,0,9.84,12.12,70,8.9981,3,11,5,False,False,False,True,True,False,False,False,17
0,0,8.2,10.605,80,8.9981,4,11,5,False,False,False,True,True,False,False,False,7
0,0,9.02,12.88,75,6.0032,5,11,5,False,False,False,True,True,False,False,False,4
0,0,9.02,11.365,75,11.0014,6,11,5,False,False,False,True,True,False,False,False,7
0,0,9.02,11.365,75,12.998,7,11,5,False,False,False,True,True,False,False,False,27
0,0,10.66,12.88,70,12.998,8,11,5,False,False,False,True,True,False,False,False,101
0,0,12.3,15.15,61,11.0014,9,11,5,False,False,False,True,True,False,False,False,160
0,0,13.94,15.91,61,19.0012,10,11,5,False,False,False,True,True,False,False,False,232
0,0,15.58,19.695,54,19.0012,11,11,5,False,False,False,True,True,False,False,False,315
0,0,18.04,21.97,44,19.0012,12,11,5,False,False,False,True,True,False,False,False,366
0,0,19.68,23.485,36,19.0012,13,11,5,False,False,False,True,True,False,False,False,353
0,0,20.5,24.24,36,19.9995,14,11,5,False,False,False,True,True,False,False,False,435
0,0,21.32,25.0,29,19.0012,15,11,5,False,False,False,True,True,False,False,False,386
0,0,21.32,25.0,32,16.9979,16,11,5,False,False,False,True,True,False,False,False,361
0,0,20.5,24.24,34,16.9979,17,11,5,False,False,False,True,True,False,False,False,285
0,0,17.22,21.21,58,12.998,18,11,5,False,False,False,True,True,False,False,False,203
0,0,17.22,21.21,50,16.9979,19,11,5,False,False,False,True,True,False,False,False,171
0,0,17.22,21.21,50,19.0012,20,11,5,False,False,False,True,True,False,False,False,132
0,0,17.22,21.21,47,19.0012,21,11,5,False,False,False,True,True,False,False,False,122
0,0,17.22,21.21,47,16.9979,22,11,5,False,False,False,True,True,False,False,False,118
0,0,16.4,20.455,58,11.0014,23,11,5,False,False,False,True,True,False,False,False,101
0,0,16.4,20.455,58,12.998,0,11,6,False,False,False,True,False,True,False,False,73
0,0,14.76,17.425,66,12.998,1,11,6,False,False,False,True,False,True,False,False,71
0,0,14.76,18.18,57,7.0015,2,11,6,False,False,False,True,True,False,False,False,57
0,0,14.76,17.425,62,8.9981,3,11,6,False,False,False,True,False,True,False,False,28
0,0,14.76,17.425,62,8.9981,4,11,6,False,False,False,True,False,True,False,False,6
0,0,13.94,16.665,61,11.0014,5,11,6,False,False,False,True,True,False,False,False,5
0,0,13.94,16.665,66,8.9981,6,11,6,False,False,False,True,True,False,False,False,23
0,0,13.94,15.91,66,15.0013,7,11,6,False,False,False,True,True,False,False,False,43
0,0,13.94,17.425,66,6.0032,8,11,6,False,False,False,True,True,False,False,False,79
0,0,16.4,20.455,54,19.0012,9,11,6,False,False,False,True,True,False,False,False,135
0,0,18.04,21.97,44,22.0028,10,11,6,False,False,False,True,True,False,False,False,241
0,0,18.86,22.725,40,27.9993,11,11,6,False,False,False,True,True,False,False,False,295
0,0,21.32,25.0,29,27.9993,12,11,6,False,False,False,True,False,True,False,False,354
0,0,21.32,25.0,29,27.9993,13,11,6,False,False,False,True,False,True,False,False,339
0,0,22.14,25.76,28,32.9975,14,11,6,False,False,False,True,False,True,False,False,371
0,0,20.5,24.24,42,22.0028,15,11,6,False,False,False,True,False,True,False,False,310
0,0,22.14,25.76,28,26.0027,16,11,6,False,False,False,True,False,True,False,False,319
0,0,21.32,25.0,27,22.0028,17,11,6,False,False,False,True,True,False,False,False,231
0,0,21.32,25.0,27,22.0028,18,11,6,False,False,False,True,True,False,False,False,190
0,0,20.5,24.24,29,23.9994,19,11,6,False,False,False,True,True,False,False,False,157
0,0,20.5,24.24,31,23.9994,20,11,6,False,False,False,True,True,False,False,False,139
0,0,19.68,23.485,36,16.9979,21,11,6,False,False,False,True,True,False,False,False,95
0,0,19.68,23.485,41,26.0027,22,11,6,False,False,False,True,True,False,False,False,89
0,0,18.86,22.725,51,19.9995,23,11,6,False,False,False,True,True,False,False,False,67
0,1,18.86,22.725,59,19.0012,0,11,0,False,False,False,True,True,False,False,False,30
0,1,18.86,22.725,63,19.9995,1,11,0,False,False,False,True,True,False,False,False,11
0,1,18.86,22.725,63,23.9994,2,11,0,False,False,False,True,True,False,False,False,17
0,1,18.04,21.97,67,19.0012,3,11,0,False,False,False,True,True,False,False,False,7
0,1,18.04,21.97,67,15.0013,4,11,0,False,False,False,True,True,False,False,False,5
0,1,18.04,21.97,67,16.9979,5,11,0,False,False,False,True,False,True,False,False,19
0,1,18.04,21.97,72,15.0013,6,11,0,False,False,False,True,False,True,False,False,114
0,1,18.04,21.97,72,16.9979,7,11,0,False,False,False,True,True,False,False,False,322
0,1,18.86,22.725,67,12.998,8,11,0,False,False,False,True,False,True,False,False,452
0,1,19.68,23.485,67,22.0028,9,11,0,False,False,False,True,False,True,False,False,233
0,1,20.5,24.24,63,19.0012,10,11,0,False,False,False,True,False,True,False,False,111
0,1,22.14,25.76,60,19.0012,11,11,0,False,False,False,True,False,True,False,False,128
0,1,22.96,26.515,56,19.9995,12,11,0,False,False,False,True,True,False,False,False,202
0,1,24.6,31.06,49,26.0027,13,11,0,False,False,False,True,True,False,False,False,203
0,1,25.42,31.06,46,30.0026,14,11,0,False,False,False,True,True,False,False,False,185
0,1,26.24,31.06,44,22.0028,15,11,0,False,False,False,True,True,False,False,False,195
0,1,25.42,31.06,46,27.9993,16,11,0,False,False,False,True,True,False,False,False,315
0,1,25.42,31.06,46,16.9979,17,11,0,False,False,False,True,True,False,False,False,519
0,1,22.96,26.515,56,19.0012,18,11,0,False,False,False,True,True,False,False,False,489
0,1,24.6,31.06,53,19.9995,19,11,0,False,False,False,True,True,False,False,False,302
0,1,24.6,31.06,53,23.9994,20,11,0,False,False,False,True,True,False,False,False,240
0,1,24.6,31.06,53,23.9994,21,11,0,False,False,False,True,True,False,False,False,213
0,1,23.78,27.275,56,23.9994,22,11,0,False,False,False,True,True,False,False,False,113
0,1,22.96,26.515,64,19.9995,23,11,0,False,False,False,True,True,False,False,False,61
0,1,22.96,26.515,64,23.9994,0,11,1,False,False,False,True,True,False,False,False,22
0,1,22.96,26.515,60,19.9995,1,11,1,False,False,False,True,True,False,False,False,10
0,1,22.96,26.515,64,16.9979,2,11,1,False,False,False,True,True,False,False,False,15
0,1,22.14,25.76,68,22.0028,3,11,1,False,False,False,True,False,True,False,False,4
0,1,22.96,26.515,64,19.9995,4,11,1,False,False,False,True,True,False,False,False,7
0,1,22.14,25.76,68,19.0012,5,11,1,False,False,False,True,True,False,False,False,28
0,1,22.96,26.515,64,6.0032,6,11,1,False,False,False,True,False,True,False,False,108
0,1,22.14,25.76,68,11.0014,7,11,1,False,False,False,True,False,True,False,False,319
0,1,22.14,25.76,68,7.0015,8,11,1,False,False,False,True,False,True,False,False,480
0,1,22.96,26.515,64,6.0032,9,11,1,False,False,False,True,False,True,False,False,200
0,1,22.96,26.515,64,19.0012,10,11,1,False,False,False,True,False,True,False,False,138
0,1,22.96,26.515,64,12.998,11,11,1,False,False,False,True,False,True,False,False,134
0,1,22.14,25.76,68,0.0,12,11,1,False,False,False,True,False,True,False,False,176
0,1,22.14,25.76,60,15.0013,13,11,1,False,False,False,True,False,False,True,False,153
0,1,22.14,25.76,60,19.0012,14,11,1,False,False,False,True,False,True,False,False,147
0,1,22.14,25.76,60,8.9981,15,11,1,False,False,False,True,False,True,False,False,191
0,1,21.32,25.0,68,8.9981,16,11,1,False,False,False,True,False,True,False,False,271
0,1,20.5,24.24,72,12.998,17,11,1,False,False,False,True,False,True,False,False,451
0,1,20.5,24.24,72,19.0012,18,11,1,False,False,False,True,False,True,False,False,441
0,1,20.5,24.24,72,23.9994,19,11,1,False,False,False,True,False,True,False,False,286
0,1,19.68,23.485,82,8.9981,20,11,1,False,False,False,True,False,True,False,False,238
0,1,20.5,24.24,77,6.0032,21,11,1,False,False,False,True,False,True,False,False,168
0,1,18.86,22.725,88,7.0015,22,11,1,False,False,False,True,False,True,False,False,128
0,1,18.86,22.725,94,7.0015,23,11,1,False,False,False,True,False,True,False,False,80
0,1,18.86,22.725,94,0.0,0,11,2,False,False,False,True,False,True,False,False,31
0,1,18.86,22.725,94,6.0032,1,11,2,False,False,False,True,False,False,True,False,5
0,1,18.86,22.725,94,7.0015,2,11,2,False,False,False,True,False,True,False,False,10
0,1,18.86,22.725,94,7.0015,3,11,2,False,False,False,True,False,True,False,False,5
0,1,18.04,21.97,100,15.0013,4,11,2,False,False,False,True,False,True,False,False,4
0,1,18.86,22.725,94,7.0015,5,11,2,False,False,False,True,False,False,True,False,13
0,1,18.86,22.725,94,6.0032,6,11,2,False,False,False,True,False,True,False,False,56
0,1,18.86,22.725,94,0.0,7,11,2,False,False,False,True,False,False,True,False,137
0,1,18.86,22.725,94,0.0,8,11,2,False,False,False,True,False,False,True,False,232
0,1,18.86,22.725,94,0.0,9,11,2,False,False,False,True,False,False,True,False,82
0,1,18.86,22.725,94,0.0,10,11,2,False,False,False,True,False,False,True,False,36
0,1,18.86,22.725,94,6.0032,11,11,2,False,False,False,True,False,False,True,False,60
0,1,18.86,22.725,100,0.0,12,11,2,False,False,False,True,False,False,True,False,54
0,1,18.86,22.725,94,8.9981,13,11,2,False,False,False,True,False,False,True,False,58
0,1,18.86,22.725,100,8.9981,14,11,2,False,False,False,True,False,True,False,False,61
0,1,19.68,23.485,94,7.0015,15,11,2,False,False,False,True,False,False,True,False,66
0,1,19.68,23.485,94,7.0015,16,11,2,False,False,False,True,False,False,True,False,123
0,1,19.68,23.485,88,12.998,17,11,2,False,False,False,True,False,True,False,False,233
0,1,18.86,22.725,88,26.0027,18,11,2,False,False,False,True,False,False,True,False,189
0,1,18.86,22.725,88,26.0027,19,11,2,False,False,False,True,False,False,True,False,111
0,1,18.04,21.97,88,26.0027,20,11,2,False,False,False,True,False,False,True,False,99
0,1,18.04,21.97,88,19.0012,21,11,2,False,False,False,True,False,False,True,False,75
0,1,17.22,21.21,88,15.0013,22,11,2,False,False,False,True,False,False,True,False,46
0,1,17.22,21.21,88,8.9981,23,11,2,False,False,False,True,False,False,True,False,31
0,1,17.22,21.21,88,16.9979,0,11,3,False,False,False,True,False,True,False,False,24
0,1,17.22,21.21,82,11.0014,1,11,3,False,False,False,True,False,True,False,False,5
0,1,17.22,21.21,82,15.0013,2,11,3,False,False,False,True,False,True,False,False,5
0,1,17.22,21.21,77,22.0028,3,11,3,False,False,False,True,False,True,False,False,3
0,1,16.4,20.455,62,27.9993,4,11,3,False,False,False,True,False,True,False,False,4
0,1,13.94,15.15,71,22.0028,5,11,3,False,False,False,True,False,False,True,False,22
0,1,14.76,17.425,57,15.0013,6,11,3,False,False,False,True,False,False,True,False,75
0,1,13.94,15.91,61,19.0012,7,11,3,False,False,False,True,False,False,True,False,168
0,1,13.94,15.15,61,19.9995,8,11,3,False,False,False,True,False,False,True,False,355
0,1,13.94,15.15,61,22.0028,9,11,3,False,False,False,True,False,True,False,False,198
0,1,13.94,15.15,61,22.0028,10,11,3,False,False,False,True,False,True,False,False,81
0,1,13.12,15.15,66,22.0028,11,11,3,False,False,False,True,False,False,True,False,97
0,1,13.94,15.15,53,19.9995,12,11,3,False,False,False,True,False,True,False,False,121
0,1,13.94,15.15,49,30.0026,13,11,3,False,False,False,True,False,True,False,False,124
0,1,13.94,15.15,49,26.0027,14,11,3,False,False,False,True,False,True,False,False,110
0,1,13.94,15.15,49,30.0026,15,11,3,False,False,False,True,False,True,False,False,116
0,1,13.12,14.395,39,27.9993,16,11,3,False,False,False,True,True,False,False,False,195
0,1,13.12,14.395,42,26.0027,17,11,3,False,False,False,True,True,False,False,False,399
0,1,13.12,15.91,39,12.998,18,11,3,False,False,False,True,True,False,False,False,307
0,1,12.3,14.395,45,15.0013,19,11,3,False,False,False,True,True,False,False,False,217
0,1,12.3,14.395,42,19.0012,20,11,3,False,False,False,True,True,False,False,False,169
0,1,12.3,14.395,42,16.9979,21,11,3,False,False,False,True,True,False,False,False,116
0,1,10.66,12.12,52,16.9979,22,11,3,False,False,False,True,True,False,False,False,84
0,1,10.66,12.88,52,15.0013,23,11,3,False,False,False,True,True,False,False,False,58
0,1,10.66,12.88,48,11.0014,0,11,4,False,False,False,True,True,False,False,False,30
0,1,10.66,11.365,44,22.0028,1,11,4,False,False,False,True,True,False,False,False,10
0,1,9.84,11.365,44,15.0013,2,11,4,False,False,False,True,True,False,False,False,10
0,1,9.84,10.605,41,19.0012,3,11,4,False,False,False,True,True,False,False,False,2
0,1,9.02,11.365,44,11.0014,4,11,4,False,False,False,True,True,False,False,False,5
0,1,9.02,11.365,44,8.9981,5,11,4,False,False,False,True,True,False,False,False,22
0,1,9.02,12.88,44,6.0032,6,11,4,False,False,False,True,True,False,False,False,71
0,1,9.02,11.365,44,11.0014,7,11,4,False,False,False,True,True,False,False,False,216
0,1,9.02,11.365,44,12.998,8,11,4,False,False,False,True,True,False,False,False,375
0,1,10.66,12.88,41,12.998,9,11,4,False,False,False,True,True,False,False,False,213
0,1,10.66,12.12,41,19.0012,10,11,4,False,False,False,True,True,False,False,False,115
0,1,12.3,15.15,36,8.9981,11,11,4,False,False,False,True,True,False,False,False,140
0,1,13.12,16.665,33,0.0,12,11,4,False,False,False,True,True,False,False,False,165
0,1,13.94,15.91,31,15.0013,13,11,4,False,False,False,True,True,False,False,False,177
0,1,13.94,16.665,31,8.9981,14,11,4,False,False,False,True,True,False,False,False,154
0,1,13.94,16.665,29,8.9981,15,11,4,False,False,False,True,True,False,False,False,178
0,1,13.94,16.665,29,8.9981,16,11,4,False,False,False,True,True,False,False,False,209
0,1,13.12,16.665,31,8.9981,17,11,4,False,False,False,True,True,False,False,False,378
0,1,12.3,15.15,36,11.0014,18,11,4,False,False,False,True,True,False,False,False,328
0,1,11.48,13.635,41,11.0014,19,11,4,False,False,False,True,True,False,False,False,190
0,1,11.48,13.635,48,12.998,20,11,4,False,False,False,True,True,False,False,False,137
0,1,11.48,13.635,48,11.0014,21,11,4,False,False,False,True,True,False,False,False,111
0,1,10.66,13.635,52,7.0015,22,11,4,False,False,False,True,True,False,False,False,97
0,1,10.66,13.635,60,8.9981,23,11,4,False,False,False,True,True,False,False,False,59
0,0,10.66,12.88,56,12.998,0,11,5,False,False,False,True,True,False,False,False,53
0,0,10.66,11.365,52,19.9995,1,11,5,False,False,False,True,True,False,False,False,35
0,0,9.84,12.12,56,11.0014,2,11,5,False,False,False,True,True,False,False,False,46
0,0,10.66,12.12,48,16.9979,3,11,5,False,False,False,True,True,False,False,False,15
0,0,10.66,11.365,48,22.0028,4,11,5,False,False,False,True,True,False,False,False,8
0,0,9.84,11.365,56,16.9979,5,11,5,False,False,False,True,True,False,False,False,2
0,0,9.84,10.605,60,22.0028,6,11,5,False,False,False,True,True,False,False,False,12
0,0,9.84,11.365,60,16.9979,7,11,5,False,False,False,True,True,False,False,False,41
0,0,10.66,12.12,56,16.9979,8,11,5,False,False,False,True,True,False,False,False,92
0,0,11.48,12.88,52,19.9995,9,11,5,False,False,False,True,True,False,False,False,142
0,0,13.12,15.15,45,16.9979,10,11,5,False,False,False,True,True,False,False,False,200
0,0,14.76,18.94,40,0.0,11,11,5,False,False,False,True,True,False,False,False,233
0,0,16.4,20.455,35,19.0012,12,11,5,False,False,False,True,True,False,False,False,311
0,0,17.22,21.21,30,19.0012,13,11,5,False,False,False,True,True,False,False,False,363
0,0,17.22,21.21,32,19.9995,14,11,5,False,False,False,True,True,False,False,False,349
0,0,17.22,21.21,41,12.998,15,11,5,False,False,False,True,True,False,False,False,382
0,0,17.22,21.21,38,19.9995,16,11,5,False,False,False,True,True,False,False,False,287
0,0,16.4,20.455,40,12.998,17,11,5,False,False,False,True,True,False,False,False,232
0,0,15.58,19.695,46,8.9981,18,11,5,False,False,False,True,True,False,False,False,208
0,0,13.94,16.665,71,8.9981,19,11,5,False,False,False,True,False,True,False,False,182
0,0,14.76,18.18,57,7.0015,20,11,5,False,False,False,True,False,True,False,False,163
0,0,14.76,17.425,62,12.998,21,11,5,False,False,False,True,False,True,False,False,108
0,0,15.58,19.695,62,11.0014,22,11,5,False,False,False,True,False,True,False,False,106
0,0,15.58,19.695,62,15.0013,23,11,5,False,False,False,True,True,False,False,False,93
0,1,11.48,12.88,52,22.0028,0,12,3,False,False,False,True,True,False,False,False,20
0,1,10.66,12.12,60,19.0012,1,12,3,False,False,False,True,True,False,False,False,10
0,1,10.66,11.365,56,19.9995,2,12,3,False,False,False,True,True,False,False,False,9
0,1,10.66,12.12,56,16.9979,3,12,3,False,False,False,True,True,False,False,False,7
0,1,10.66,12.12,56,19.0012,4,12,3,False,False,False,True,True,False,False,False,1
0,1,10.66,12.12,56,16.9979,5,12,3,False,False,False,True,True,False,False,False,24
0,1,9.84,10.605,65,19.0012,6,12,3,False,False,False,True,True,False,False,False,97
0,1,9.84,10.605,65,23.9994,7,12,3,False,False,False,True,True,False,False,False,276
0,1,10.66,11.365,60,22.0028,8,12,3,False,False,False,True,True,False,False,False,477
0,1,12.3,13.635,52,22.0028,9,12,3,False,False,False,True,True,False,False,False,224
0,1,13.12,15.15,53,19.9995,10,12,3,False,False,False,True,True,False,False,False,93
0,1,13.94,15.91,49,16.9979,11,12,3,False,False,False,True,True,False,False,False,102
0,1,14.76,17.425,46,15.0013,12,12,3,False,False,False,True,True,False,False,False,148
0,1,16.4,20.455,40,15.0013,13,12,3,False,False,False,True,True,False,False,False,154
0,1,16.4,20.455,40,15.0013,14,12,3,False,False,False,True,True,False,False,False,150
0,1,16.4,20.455,40,15.0013,15,12,3,False,False,False,True,True,False,False,False,154
0,1,16.4,20.455,40,12.998,16,12,3,False,False,False,True,True,False,False,False,201
0,1,14.76,17.425,46,8.9981,17,12,3,False,False,False,True,True,False,False,False,418
0,1,14.76,18.18,43,7.0015,18,12,3,False,False,False,True,True,False,False,False,405
0,1,13.94,17.425,46,7.0015,19,12,3,False,False,False,True,True,False,False,False,228
0,1,13.94,17.425,46,7.0015,20,12,3,False,False,False,True,True,False,False,False,190
0,1,12.3,15.91,61,7.0015,21,12,3,False,False,False,True,True,False,False,False,162
0,1,12.3,16.665,61,0.0,22,12,3,False,False,False,True,True,False,False,False,104
0,1,10.66,14.395,70,6.0032,23,12,3,False,False,False,True,True,False,False,False,73
0,1,10.66,14.395,70,6.0032,0,12,4,False,False,False,True,True,False,False,False,38
0,1,9.84,14.395,75,0.0,1,12,4,False,False,False,True,True,False,False,False,15
0,1,9.84,14.395,75,0.0,2,12,4,False,False,False,True,True,False,False,False,10
0,1,9.02,13.635,80,0.0,3,12,4,False,False,False,True,True,False,False,False,1
0,1,9.02,13.635,80,0.0,4,12,4,False,False,False,True,True,False,False,False,3
0,1,9.02,12.88,80,6.0032,5,12,4,False,False,False,True,True,False,False,False,23
0,1,9.02,13.635,80,0.0,6,12,4,False,False,False,True,True,False,False,False,87
0,1,9.02,12.88,87,6.0032,7,12,4,False,False,False,True,True,False,False,False,205
0,1,9.84,14.395,87,0.0,8,12,4,False,False,False,True,True,False,False,False,445
0,1,11.48,15.91,81,0.0,9,12,4,False,False,False,True,True,False,False,False,246
0,1,12.3,14.395,75,15.0013,10,12,4,False,False,False,True,True,False,False,False,105
0,1,13.94,16.665,66,11.0014,11,12,4,False,False,False,True,True,False,False,False,160
0,1,14.76,17.425,57,8.9981,12,12,4,False,False,False,True,True,False,False,False,204
0,1,16.4,20.455,47,8.9981,13,12,4,False,False,False,True,True,False,False,False,207
0,1,17.22,21.21,44,7.0015,14,12,4,False,False,False,True,True,False,False,False,170
0,1,17.22,21.21,41,6.0032,15,12,4,False,False,False,True,True,False,False,False,199
0,1,17.22,21.21,41,6.0032,16,12,4,False,False,False,True,True,False,False,False,276
0,1,17.22,21.21,38,0.0,17,12,4,False,False,False,True,True,False,False,False,411
0,1,16.4,20.455,50,0.0,18,12,4,False,False,False,True,True,False,False,False,372
0,1,13.94,15.91,53,16.9979,19,12,4,False,False,False,True,True,False,False,False,265
0,1,15.58,19.695,40,19.0012,20,12,4,False,False,False,True,True,False,False,False,190
0,1,13.94,16.665,49,12.998,21,12,4,False,False,False,True,True,False,False,False,111
0,1,13.12,15.91,53,12.998,22,12,4,False,False,False,True,True,False,False,False,102
0,1,13.12,15.15,53,19.0012,23,12,4,False,False,False,True,True,False,False,False,95
0,0,12.3,14.395,56,16.9979,0,12,5,False,False,False,True,True,False,False,False,75
0,0,10.66,12.88,65,12.998,1,12,5,False,False,False,True,True,False,False,False,71
0,0,10.66,12.88,65,11.0014,2,12,5,False,False,False,True,True,False,False,False,50
0,0,9.84,12.12,70,8.9981,3,12,5,False,False,False,True,True,False,False,False,9
0,0,9.02,11.365,75,8.9981,4,12,5,False,False,False,True,True,False,False,False,8
0,0,9.84,12.88,70,6.0032,5,12,5,False,False,False,True,True,False,False,False,6
0,0,9.84,12.88,65,7.0015,6,12,5,False,False,False,True,True,False,False,False,11
0,0,9.02,12.88,75,6.0032,7,12,5,False,False,False,True,True,False,False,False,26
0,0,9.84,12.88,75,6.0032,8,12,5,False,False,False,True,True,False,False,False,63
0,0,10.66,13.635,70,7.0015,9,12,5,False,False,False,True,True,False,False,False,124
0,0,13.12,16.665,61,8.9981,10,12,5,False,False,False,True,True,False,False,False,195
0,0,13.12,16.665,57,6.0032,11,12,5,False,False,False,True,True,False,False,False,275
0,0,14.76,18.94,50,0.0,12,12,5,False,False,False,True,True,False,False,False,358
0,0,14.76,18.18,50,6.0032,13,12,5,False,False,False,True,True,False,False,False,292
0,0,14.76,18.94,46,0.0,14,12,5,False,False,False,True,True,False,False,False,343
0,0,15.58,19.695,46,0.0,15,12,5,False,False,False,True,True,False,False,False,337
0,0,15.58,19.695,46,0.0,16,12,5,False,False,False,True,True,False,False,False,305
0,0,14.76,18.94,62,0.0,17,12,5,False,False,False,True,True,False,False,False,232
0,0,13.94,16.665,53,8.9981,18,12,5,False,False,False,True,True,False,False,False,224
0,0,12.3,15.91,61,6.0032,19,12,5,False,False,False,True,True,False,False,False,175
0,0,12.3,15.91,61,6.0032,20,12,5,False,False,False,True,True,False,False,False,127
0,0,12.3,15.91,61,6.0032,21,12,5,False,False,False,True,False,True,False,False,109
0,0,13.12,16.665,61,6.0032,22,12,5,False,False,False,True,False,True,False,False,114
0,0,12.3,15.15,70,8.9981,23,12,5,False,False,False,True,True,False,False,False,85
0,0,12.3,15.91,70,7.0015,0,12,6,False,False,False,True,True,False,False,False,83
0,0,12.3,15.91,75,6.0032,1,12,6,False,False,False,True,True,False,False,False,74
0,0,10.66,15.15,81,0.0,2,12,6,False,False,False,True,True,False,False,False,62
0,0,11.48,15.91,75,0.0,3,12,6,False,False,False,True,True,False,False,False,41
0,0,10.66,15.15,87,0.0,4,12,6,False,False,False,True,True,False,False,False,11
0,0,10.66,15.15,81,0.0,5,12,6,False,False,False,True,True,False,False,False,4
0,0,9.84,14.395,93,0.0,6,12,6,False,False,False,True,True,False,False,False,4
0,0,10.66,15.15,87,0.0,7,12,6,False,False,False,True,True,False,False,False,26
0,0,10.66,15.15,87,0.0,8,12,6,False,False,False,True,True,False,False,False,55
0,0,12.3,16.665,81,0.0,9,12,6,False,False,False,True,True,False,False,False,126
0,0,13.12,16.665,81,8.9981,10,12,6,False,False,False,True,True,False,False,False,216
0,0,13.94,16.665,81,11.0014,11,12,6,False,False,False,True,True,False,False,False,254
0,0,14.76,17.425,81,11.0014,12,12,6,False,False,False,True,True,False,False,False,329
0,0,16.4,20.455,66,15.0013,13,12,6,False,False,False,True,True,False,False,False,357
0,0,17.22,21.21,62,8.9981,14,12,6,False,False,False,True,True,False,False,False,323
0,0,17.22,21.21,62,12.998,15,12,6,False,False,False,True,True,False,False,False,296
0,0,17.22,21.21,58,15.0013,16,12,6,False,False,False,True,True,False,False,False,330
0,0,15.58,19.695,76,8.9981,17,12,6,False,False,False,True,True,False,False,False,245
0,0,15.58,19.695,71,0.0,18,12,6,False,False,False,True,True,False,False,False,171
0,0,15.58,19.695,76,0.0,19,12,6,False,False,False,True,True,False,False,False,173
0,0,14.76,17.425,76,8.9981,20,12,6,False,False,False,True,True,False,False,False,124
0,0,14.76,18.18,81,7.0015,21,12,6,False,False,False,True,True,False,False,False,72
0,0,13.94,17.425,87,7.0015,22,12,6,False,False,False,True,True,False,False,False,64
0,0,13.94,17.425,87,7.0015,23,12,6,False,False,False,True,True,False,False,False,45
0,1,13.12,16.665,87,6.0032,0,12,0,False,False,False,True,True,False,False,False,24
0,1,13.12,17.425,87,0.0,1,12,0,False,False,False,True,True,False,False,False,12
0,1,13.12,17.425,87,0.0,2,12,0,False,False,False,True,True,False,False,False,8
0,1,13.12,17.425,87,0.0,3,12,0,False,False,False,True,True,False,False,False,2
0,1,12.3,15.91,87,7.0015,4,12,0,False,False,False,True,True,False,False,False,7
0,1,12.3,15.91,87,7.0015,5,12,0,False,False,False,True,True,False,False,False,25
0,1,12.3,15.91,93,6.0032,6,12,0,False,False,False,True,True,False,False,False,90
0,1,13.12,17.425,90,0.0,7,12,0,False,False,False,True,True,False,False,False,283
0,1,13.12,17.425,93,0.0,8,12,0,False,False,False,True,True,False,False,False,404
0,1,14.76,18.18,87,6.0032,9,12,0,False,False,False,True,False,True,False,False,190
0,1,14.76,18.18,87,6.0032,10,12,0,False,False,False,True,False,True,False,False,87
0,1,14.76,18.18,87,6.0032,11,12,0,False,False,False,True,False,True,False,False,123
0,1,16.4,20.455,76,7.0015,12,12,0,False,False,False,True,False,True,False,False,154
0,1,17.22,21.21,71,6.0032,13,12,0,False,False,False,True,False,True,False,False,171
0,1,18.86,22.725,67,0.0,14,12,0,False,False,False,True,False,True,False,False,133
0,1,18.86,22.725,72,6.0032,15,12,0,False,False,False,True,False,True,False,False,148
0,1,20.5,24.24,63,6.0032,16,12,0,False,False,False,True,True,False,False,False,248
0,1,17.22,21.21,77,0.0,17,12,0,False,False,False,True,True,False,False,False,446
0,1,18.04,21.97,77,0.0,18,12,0,False,False,False,True,True,False,False,False,399
0,1,18.86,22.725,77,0.0,19,12,0,False,False,False,True,False,True,False,False,308
0,1,18.86,22.725,82,7.0015,20,12,0,False,False,False,True,False,True,False,False,205
0,1,18.04,21.97,88,6.0032,21,12,0,False,False,False,True,False,True,False,False,176
0,1,18.04,21.97,88,8.9981,22,12,0,False,False,False,True,False,True,False,False,106
0,1,18.86,22.725,88,8.9981,23,12,0,False,False,False,True,False,True,False,False,62
0,1,20.5,24.24,77,19.9995,0,12,1,False,False,False,True,False,True,False,False,28
0,1,18.86,22.725,88,19.9995,1,12,1,False,False,False,True,False,True,False,False,16
0,1,18.86,22.725,87,12.998,2,12,1,False,False,False,True,False,True,False,False,3
0,1,18.86,22.725,87,12.998,3,12,1,False,False,False,True,False,True,False,False,3
0,1,18.86,22.725,88,15.0013,4,12,1,False,False,False,True,False,False,True,False,7
0,1,18.86,22.725,88,15.0013,5,12,1,False,False,False,True,False,False,True,False,20
0,1,18.04,21.97,94,19.0012,6,12,1,False,False,False,True,False,True,False,False,86
0,1,18.86,22.725,94,12.998,7,12,1,False,False,False,True,False,True,False,False,234
0,1,18.86,22.725,94,12.998,8,12,1,False,False,False,True,False,True,False,False,414
0,1,18.86,22.725,94,15.0013,9,12,1,False,False,False,True,False,True,False,False,204
0,1,18.86,22.725,94,19.0012,10,12,1,False,False,False,True,False,False,True,False,50
0,1,18.86,22.725,94,16.9979,11,12,1,False,False,False,True,False,False,True,False,32
0,1,18.86,22.725,100,15.0013,12,12,1,False,False,False,True,False,False,True,False,55
0,1,18.86,22.725,100,12.998,13,12,1,False,False,False,True,False,False,True,False,71
0,1,19.68,23.485,100,15.0013,14,12,1,False,False,False,True,False,False,True,False,75
0,1,20.5,24.24,100,12.998,15,12,1,False,False,False,True,False,False,True,False,45
0,1,18.86,22.725,100,16.9979,16,12,1,False,False,False,True,False,False,True,False,88
0,1,18.86,22.725,100,15.0013,17,12,1,False,False,False,True,False,True,False,False,262
0,1,18.86,22.725,100,19.0012,18,12,1,False,False,False,True,False,True,False,False,304
0,1,18.86,22.725,100,19.9995,19,12,1,False,False,False,True,False,False,True,False,233
0,1,18.86,22.725,100,19.9995,20,12,1,False,False,False,True,False,False,True,False,110
0,1,18.04,21.97,100,12.998,21,12,1,False,False,False,True,False,True,False,False,114
0,1,18.86,22.725,100,11.0014,22,12,1,False,False,False,True,False,False,True,False,87
0,1,18.86,22.725,100,11.0014,23,12,1,False,False,False,True,False,False,True,False,53
0,1,18.04,21.97,100,12.998,0,12,2,False,False,False,True,True,False,False,False,33
0,1,18.86,22.725,100,16.9979,1,12,2,False,False,False,True,False,True,False,False,13
0,1,18.86,22.725,100,15.0013,2,12,2,False,False,False,True,False,False,True,False,6
0,1,18.86,22.725,100,15.0013,3,12,2,False,False,False,True,False,False,True,False,3
0,1,18.86,22.725,100,11.0014,4,12,2,False,False,False,True,False,False,True,False,1
0,1,18.86,22.725,100,11.0014,5,12,2,False,False,False,True,False,False,True,False,3
0,1,19.68,23.485,100,27.9993,6,12,2,False,False,False,True,False,False,True,False,18
0,1,18.04,21.97,100,7.0015,7,12,2,False,False,False,True,False,False,True,False,46
0,1,18.04,21.97,100,0.0,8,12,2,False,False,False,True,False,False,True,False,86
0,1,18.04,21.97,100,16.9979,9,12,2,False,False,False,True,False,False,True,False,64
0,1,18.04,21.97,100,6.0032,10,12,2,False,False,False,True,False,False,True,False,33
0,1,18.04,21.97,100,6.0032,11,12,2,False,False,False,True,False,False,True,False,50
0,1,18.04,21.97,100,8.9981,12,12,2,False,False,False,True,False,False,True,False,33
0,1,18.04,21.97,100,12.998,13,12,2,False,False,False,True,False,False,True,False,33
0,1,18.04,21.97,100,12.998,14,12,2,False,False,False,True,False,False,True,False,25
0,1,17.22,21.21,94,15.0013,15,12,2,False,False,False,True,False,False,True,False,30
0,1,17.22,21.21,94,12.998,16,12,2,False,False,False,True,False,False,True,False,31
0,1,16.4,20.455,100,22.0028,17,12,2,False,False,False,True,False,False,True,False,52
0,1,16.4,20.455,94,19.9995,18,12,2,False,False,False,True,False,False,True,False,51
0,1,13.94,14.395,87,43.0006,19,12,2,False,False,False,True,False,False,True,False,33
0,1,13.94,14.395,87,43.0006,20,12,2,False,False,False,True,False,False,True,False,26
0,1,12.3,12.88,87,35.0008,21,12,2,False,False,False,True,False,False,True,False,6
0,1,9.84,9.85,93,30.0026,22,12,2,False,False,False,True,False,False,True,False,13
0,1,9.84,10.605,93,26.0027,23,12,2,False,False,False,True,True,False,False,False,16
0,1,10.66,11.365,87,19.9995,0,12,3,False,False,False,True,False,True,False,False,21
0,1,10.66,11.365,81,23.9994,1,12,3,False,False,False,True,True,False,False,False,7
0,1,11.48,13.635,65,15.0013,2,12,3,False,False,False,True,True,False,False,False,4
0,1,10.66,11.365,60,19.9995,3,12,3,False,False,False,True,True,False,False,False,1
0,1,9.84,9.85,60,31.0009,4,12,3,False,False,False,True,False,True,False,False,2
0,1,9.02,10.605,64,15.0013,5,12,3,False,False,False,True,True,False,False,False,12
0,1,9.02,10.605,55,19.0012,6,12,3,False,False,False,True,True,False,False,False,71
0,1,9.02,10.605,60,15.0013,7,12,3,False,False,False,True,True,False,False,False,244
0,1,9.02,10.605,55,19.0012,8,12,3,False,False,False,True,True,False,False,False,429
0,1,9.84,10.605,52,26.0027,9,12,3,False,False,False,True,True,False,False,False,225
0,1,10.66,11.365,52,22.0028,10,12,3,False,False,False,True,True,False,False,False,110
0,1,11.48,13.635,52,16.9979,11,12,3,False,False,False,True,True,False,False,False,106
0,1,11.48,12.88,52,22.0028,12,12,3,False,False,False,True,True,False,False,False,156
0,1,12.3,13.635,49,23.9994,13,12,3,False,False,False,True,True,False,False,False,124
0,1,13.12,15.15,45,16.9979,14,12,3,False,False,False,True,True,False,False,False,137
0,1,13.12,16.665,45,8.9981,15,12,3,False,False,False,True,True,False,False,False,117
0,1,13.12,15.91,45,12.998,16,12,3,False,False,False,True,True,False,False,False,208
0,1,12.3,15.91,49,7.0015,17,12,3,False,False,False,True,True,False,False,False,331
0,1,11.48,13.635,52,15.0013,18,12,3,False,False,False,True,True,False,False,False,318
0,1,10.66,13.635,56,7.0015,19,12,3,False,False,False,True,True,False,False,False,232
0,1,10.66,13.635,60,7.0015,20,12,3,False,False,False,True,True,False,False,False,175
0,1,11.48,15.15,61,6.0032,21,12,3,False,False,False,True,True,False,False,False,139
0,1,10.66,13.635,65,8.9981,22,12,3,False,False,False,True,True,False,False,False,92
0,1,9.84,12.88,70,7.0015,23,12,3,False,False,False,True,True,False,False,False,61
0,1,9.84,14.395,65,0.0,0,12,4,False,False,False,True,True,False,False,False,34
0,1,9.84,14.395,65,0.0,1,12,4,False,False,False,True,True,False,False,False,14
0,1,9.84,14.395,70,0.0,2,12,4,False,False,False,True,True,False,False,False,12
0,1,9.02,13.635,80,0.0,3,12,4,False,False,False,True,True,False,False,False,6
0,1,9.02,13.635,80,0.0,4,12,4,False,False,False,True,True,False,False,False,2
0,1,9.02,13.635,80,0.0,5,12,4,False,False,False,True,True,False,False,False,20
0,1,9.02,12.88,80,6.0032,6,12,4,False,False,False,True,True,False,False,False,63
0,1,9.02,12.88,75,6.0032,7,12,4,False,False,False,True,True,False,False,False,199
0,1,9.84,14.395,81,0.0,8,12,4,False,False,False,True,True,False,False,False,385
0,1,10.66,14.395,81,6.0032,9,12,4,False,False,False,True,True,False,False,False,264
0,1,12.3,15.15,70,11.0014,10,12,4,False,False,False,True,False,True,False,False,126
0,1,13.12,15.15,70,16.9979,11,12,4,False,False,False,True,True,False,False,False,136
0,1,14.76,16.665,57,19.9995,12,12,4,False,False,False,True,True,False,False,False,173
0,1,15.58,19.695,50,12.998,13,12,4,False,False,False,True,True,False,False,False,168
0,1,15.58,19.695,46,19.0012,14,12,4,False,False,False,True,True,False,False,False,187
0,1,15.58,19.695,46,19.0012,15,12,4,False,False,False,True,True,False,False,False,189
0,1,14.76,17.425,62,8.9981,16,12,4,False,False,False,True,True,False,False,False,250
0,1,13.94,17.425,66,7.0015,17,12,4,False,False,False,True,True,False,False,False,362
0,1,13.94,18.18,61,0.0,18,12,4,False,False,False,True,True,False,False,False,318
0,1,13.94,18.18,61,0.0,19,12,4,False,False,False,True,True,False,False,False,199
0,1,12.3,16.665,81,0.0,20,12,4,False,False,False,True,True,False,False,False,150
0,1,12.3,16.665,75,0.0,21,12,4,False,False,False,True,True,False,False,False,140
0,1,11.48,15.91,87,0.0,22,12,4,False,False,False,True,True,False,False,False,129
0,1,11.48,15.91,81,0.0,23,12,4,False,False,False,True,True,False,False,False,94
0,0,10.66,13.635,81,7.0015,0,12,5,False,False,False,True,False,True,False,False,77
0,0,10.66,12.88,70,11.0014,1,12,5,False,False,False,True,False,True,False,False,66
0,0,11.48,15.15,61,6.0032,2,12,5,False,False,False,True,False,True,False,False,60
0,0,11.48,15.15,61,6.0032,3,12,5,False,False,False,True,False,True,False,False,25
0,0,10.66,13.635,65,7.0015,4,12,5,False,False,False,True,False,True,False,False,3
0,0,10.66,12.88,60,11.0014,5,12,5,False,False,False,True,True,False,False,False,6
0,0,9.84,12.88,65,7.0015,6,12,5,False,False,False,True,True,False,False,False,11
0,0,9.84,11.365,65,12.998,7,12,5,False,False,False,True,True,False,False,False,11
0,0,10.66,13.635,65,8.9981,8,12,5,False,False,False,True,True,False,False,False,73
0,0,11.48,12.88,61,19.0012,9,12,5,False,False,False,True,True,False,False,False,149
0,0,13.12,15.15,57,16.9979,10,12,5,False,False,False,True,True,False,False,False,192
0,0,13.12,14.395,53,27.9993,11,12,5,False,False,False,True,True,False,False,False,236
0,0,13.12,14.395,45,27.9993,12,12,5,False,False,False,True,True,False,False,False,283
0,0,13.94,15.15,34,27.9993,13,12,5,False,False,False,True,True,False,False,False,286
0,0,13.94,15.15,31,22.0028,14,12,5,False,False,False,True,True,False,False,False,293
0,0,13.94,15.15,34,23.9994,15,12,5,False,False,False,True,True,False,False,False,299
0,0,13.12,14.395,31,26.0027,16,12,5,False,False,False,True,True,False,False,False,241
0,0,11.48,12.88,36,22.0028,17,12,5,False,False,False,True,True,False,False,False,185
0,0,10.66,12.88,38,15.0013,18,12,5,False,False,False,True,True,False,False,False,172
0,0,10.66,12.12,38,19.0012,19,12,5,False,False,False,True,True,False,False,False,154
0,0,9.84,11.365,35,15.0013,20,12,5,False,False,False,True,True,False,False,False,124
0,0,9.02,10.605,44,15.0013,21,12,5,False,False,False,True,True,False,False,False,83
0,0,9.02,11.365,41,8.9981,22,12,5,False,False,False,True,True,False,False,False,95
0,0,8.2,10.605,47,11.0014,23,12,5,False,False,False,True,True,False,False,False,66
0,0,8.2,9.85,51,15.0013,0,12,6,False,False,False,True,True,False,False,False,74
0,0,6.56,7.575,59,15.0013,1,12,6,False,False,False,True,True,False,False,False,62
0,0,7.38,8.335,55,16.9979,2,12,6,False,False,False,True,True,False,False,False,52
0,0,6.56,9.09,59,8.9981,3,12,6,False,False,False,True,True,False,False,False,19
0,0,6.56,8.335,59,11.0014,4,12,6,False,False,False,True,True,False,False,False,5
0,0,7.38,10.605,59,7.0015,5,12,6,False,False,False,True,True,False,False,False,6
0,0,6.56,11.365,59,0.0,6,12,6,False,False,False,True,True,False,False,False,10
0,0,7.38,12.12,55,0.0,7,12,6,False,False,False,True,True,False,False,False,31
0,0,6.56,11.365,69,0.0,8,12,6,False,False,False,True,True,False,False,False,72
0,0,8.2,12.88,59,0.0,9,12,6,False,False,False,True,True,False,False,False,107
0,0,9.84,14.395,44,0.0,10,12,6,False,False,False,True,True,False,False,False,194
0,0,10.66,15.15,35,0.0,11,12,6,False,False,False,True,True,False,False,False,197
0,0,10.66,15.15,35,0.0,12,12,6,False,False,False,True,True,False,False,False,288
0,0,12.3,16.665,31,0.0,13,12,6,False,False,False,True,True,False,False,False,268
0,0,12.3,16.665,28,0.0,14,12,6,False,False,False,True,True,False,False,False,242
0,0,12.3,16.665,26,0.0,15,12,6,False,False,False,True,True,False,False,False,266
0,0,12.3,16.665,26,0.0,16,12,6,False,False,False,True,True,False,False,False,206
0,0,11.48,15.91,30,0.0,17,12,6,False,False,False,True,True,False,False,False,163
0,0,9.84,11.365,48,12.998,18,12,6,False,False,False,True,True,False,False,False,163
0,0,9.02,11.365,55,12.998,19,12,6,False,False,False,True,True,False,False,False,105
0,0,9.02,12.12,55,7.0015,20,12,6,False,False,False,True,True,False,False,False,72
0,0,9.02,13.635,55,0.0,21,12,6,False,False,False,True,True,False,False,False,63
0,0,9.02,13.635,55,0.0,22,12,6,False,False,False,True,True,False,False,False,43
0,0,8.2,12.88,69,0.0,23,12,6,False,False,False,True,True,False,False,False,35
0,1,8.2,11.365,69,6.0032,0,12,0,False,False,False,True,True,False,False,False,20
0,1,8.2,12.88,69,0.0,1,12,0,False,False,False,True,True,False,False,False,9
0,1,8.2,12.88,69,0.0,2,12,0,False,False,False,True,True,False,False,False,4
0,1,7.38,12.12,74,0.0,3,12,0,False,False,False,True,True,False,False,False,2
0,1,7.38,12.12,74,0.0,4,12,0,False,False,False,True,True,False,False,False,3
0,1,6.56,11.365,80,0.0,5,12,0,False,False,False,True,True,False,False,False,21
0,1,6.56,9.09,80,7.0015,6,12,0,False,False,False,True,True,False,False,False,64
0,1,5.74,7.575,86,8.9981,7,12,0,False,False,False,True,True,False,False,False,235
0,1,6.56,9.09,80,7.0015,8,12,0,False,False,False,True,False,True,False,False,385
0,1,7.38,10.605,74,6.0032,9,12,0,False,False,False,True,False,True,False,False,220
0,1,9.02,12.12,69,7.0015,10,12,0,False,False,False,True,False,True,False,False,105
0,1,10.66,14.395,60,6.0032,11,12,0,False,False,False,True,False,True,False,False,115
0,1,11.48,14.395,52,7.0015,12,12,0,False,False,False,True,True,False,False,False,145
0,1,12.3,15.91,52,7.0015,13,12,0,False,False,False,True,False,True,False,False,166
0,1,13.12,16.665,53,8.9981,14,12,0,False,False,False,True,False,True,False,False,111
0,1,13.12,16.665,57,7.0015,15,12,0,False,False,False,True,False,True,False,False,132
0,1,13.12,16.665,57,6.0032,16,12,0,False,False,False,True,False,True,False,False,214
0,1,12.3,16.665,56,0.0,17,12,0,False,False,False,True,False,True,False,False,359
0,1,12.3,15.91,56,6.0032,18,12,0,False,False,False,True,True,False,False,False,357
0,1,11.48,15.15,61,6.0032,19,12,0,False,False,False,True,True,False,False,False,241
0,1,12.3,15.91,56,6.0032,20,12,0,False,False,False,True,True,False,False,False,165
0,1,10.66,15.15,81,0.0,21,12,0,False,False,False,True,True,False,False,False,121
0,1,10.66,15.15,70,0.0,22,12,0,False,False,False,True,True,False,False,False,71
0,1,9.84,14.395,75,0.0,23,12,0,False,False,False,True,True,False,False,False,45
0,1,9.02,13.635,80,0.0,0,12,1,False,False,False,True,True,False,False,False,17
0,1,8.2,12.88,80,0.0,1,12,1,False,False,False,True,True,False,False,False,4
0,1,8.2,12.88,80,0.0,2,12,1,False,False,False,True,True,False,False,False,2
0,1,7.38,12.12,80,0.0,3,12,1,False,False,False,True,True,False,False,False,3
0,1,8.2,12.88,80,0.0,4,12,1,False,False,False,True,True,False,False,False,4
0,1,7.38,12.12,86,0.0,5,12,1,False,False,False,True,True,False,False,False,20
0,1,8.2,12.88,80,0.0,6,12,1,False,False,False,True,True,False,False,False,92
0,1,6.56,8.335,80,11.0014,7,12,1,False,False,False,True,True,False,False,False,223
0,1,8.2,11.365,69,7.0015,8,12,1,False,False,False,True,True,False,False,False,400
0,1,10.66,12.88,60,11.0014,9,12,1,False,False,False,True,True,False,False,False,233
0,1,12.3,15.15,52,11.0014,10,12,1,False,False,False,True,True,False,False,False,102
0,1,13.94,15.91,46,16.9979,11,12,1,False,False,False,True,True,False,False,False,124
0,1,14.76,16.665,43,23.9994,12,12,1,False,False,False,True,True,False,False,False,167
0,1,16.4,20.455,37,22.0028,13,12,1,False,False,False,True,True,False,False,False,127
0,1,16.4,20.455,37,16.9979,14,12,1,False,False,False,True,True,False,False,False,134
0,1,16.4,20.455,35,16.9979,15,12,1,False,False,False,True,True,False,False,False,151
0,1,15.58,19.695,37,16.9979,16,12,1,False,False,False,True,True,False,False,False,207
0,1,14.76,17.425,40,12.998,17,12,1,False,False,False,True,True,False,False,False,398
0,1,13.94,15.91,42,15.0013,18,12,1,False,False,False,True,True,False,False,False,382
0,1,13.12,15.91,49,11.0014,19,12,1,False,False,False,True,True,False,False,False,267
0,1,13.12,15.91,49,11.0014,20,12,1,False,False,False,True,True,False,False,False,161
0,1,12.3,15.15,52,11.0014,21,12,1,False,False,False,True,True,False,False,False,139
0,1,12.3,15.15,52,11.0014,22,12,1,False,False,False,True,True,False,False,False,107
0,1,10.66,15.15,70,0.0,23,12,1,False,False,False,True,True,False,False,False,59
0,1,10.66,15.15,75,0.0,0,12,2,False,False,False,True,True,False,False,False,22
0,1,10.66,15.15,75,0.0,1,12,2,False,False,False,True,True,False,False,False,8
0,1,10.66,15.15,75,0.0,2,12,2,False,False,False,True,True,False,False,False,2
0,1,11.48,15.91,65,0.0,3,12,2,False,False,False,True,True,False,False,False,3
0,1,10.66,15.15,75,0.0,4,12,2,False,False,False,True,True,False,False,False,4
0,1,10.66,15.15,81,0.0,5,12,2,False,False,False,True,False,True,False,False,26
0,1,10.66,15.15,87,0.0,6,12,2,False,False,False,True,False,True,False,False,87
0,1,11.48,15.91,75,0.0,7,12,2,False,False,False,True,True,False,False,False,247
0,1,10.66,15.15,87,0.0,8,12,2,False,False,False,True,False,True,False,False,467
0,1,12.3,16.665,61,0.0,9,12,2,False,False,False,True,False,True,False,False,239
0,1,13.12,17.425,57,0.0,10,12,2,False,False,False,True,False,True,False,False,142
0,1,13.94,18.18,55,0.0,11,12,2,False,False,False,True,False,True,False,False,115
0,1,14.76,18.18,57,6.0032,12,12,2,False,False,False,True,False,True,False,False,144
0,1,14.76,18.18,57,7.0015,13,12,2,False,False,False,True,False,True,False,False,133
0,1,15.58,19.695,54,6.0032,14,12,2,False,False,False,True,False,True,False,False,151
0,1,15.58,19.695,54,7.0015,15,12,2,False,False,False,True,False,True,False,False,167
0,1,15.58,19.695,54,7.0015,16,12,2,False,False,False,True,False,True,False,False,245
0,1,14.76,18.18,57,7.0015,17,12,2,False,False,False,True,False,True,False,False,396
0,1,14.76,17.425,62,11.0014,18,12,2,False,False,False,True,False,True,False,False,390
0,1,14.76,18.18,62,7.0015,19,12,2,False,False,False,True,False,True,False,False,268
0,1,13.94,17.425,66,7.0015,20,12,2,False,False,False,True,False,True,False,False,175
0,1,13.94,16.665,66,11.0014,21,12,2,False,False,False,True,False,True,False,False,154
0,1,13.94,16.665,66,11.0014,22,12,2,False,False,False,True,True,False,False,False,104
0,1,13.12,15.91,70,11.0014,23,12,2,False,False,False,True,True,False,False,False,51
0,1,13.12,15.91,70,11.0014,0,12,3,False,False,False,True,True,False,False,False,50
0,1,13.12,15.91,70,11.0014,1,12,3,False,False,False,True,False,True,False,False,20
0,1,13.12,16.665,70,8.9981,2,12,3,False,False,False,True,False,True,False,False,7
0,1,13.12,16.665,70,8.9981,3,12,3,False,False,False,True,False,True,False,False,3
0,1,13.12,15.15,70,15.0013,4,12,3,False,False,False,True,False,True,False,False,6
0,1,13.12,15.15,70,19.0012,5,12,3,False,False,False,True,False,True,False,False,24
0,1,13.12,15.91,66,12.998,6,12,3,False,False,False,True,True,False,False,False,92
0,1,13.12,15.91,70,12.998,7,12,3,False,False,False,True,True,False,False,False,258
0,1,13.94,15.91,66,15.0013,8,12,3,False,False,False,True,False,True,False,False,457
0,1,14.76,16.665,62,19.0012,9,12,3,False,False,False,True,False,True,False,False,280
0,1,16.4,20.455,58,19.9995,10,12,3,False,False,False,True,False,True,False,False,109
0,1,16.4,20.455,62,27.9993,11,12,3,False,False,False,True,False,True,False,False,135
0,1,18.86,22.725,59,32.9975,12,12,3,False,False,False,True,False,True,False,False,157
0,1,20.5,24.24,55,23.9994,13,12,3,False,False,False,True,False,True,False,False,164
0,1,21.32,25.0,52,22.0028,14,12,3,False,False,False,True,False,True,False,False,132
0,1,21.32,25.0,55,15.0013,15,12,3,False,False,False,True,False,False,True,False,82
0,1,18.86,22.725,72,11.0014,16,12,3,False,False,False,True,False,False,True,False,131
0,1,21.32,25.0,59,19.0012,17,12,3,False,False,False,True,False,True,False,False,324
0,1,21.32,25.0,59,19.9995,18,12,3,False,False,False,True,False,True,False,False,377
0,1,21.32,25.0,59,19.0012,19,12,3,False,False,False,True,False,True,False,False,287
0,1,21.32,25.0,59,22.0028,20,12,3,False,False,False,True,True,False,False,False,221
0,1,20.5,24.24,63,19.9995,21,12,3,False,False,False,True,True,False,False,False,155
0,1,21.32,25.0,63,22.0028,22,12,3,False,False,False,True,True,False,False,False,124
0,1,21.32,25.0,63,22.0028,23,12,3,False,False,False,True,True,False,False,False,114
0,1,20.5,24.24,72,22.0028,0,12,4,False,False,False,True,True,False,False,False,72
0,1,20.5,24.24,72,15.0013,1,12,4,False,False,False,True,True,False,False,False,31
0,1,19.68,23.485,77,7.0015,2,12,4,False,False,False,True,True,False,False,False,23
0,1,18.86,22.725,82,8.9981,3,12,4,False,False,False,True,True,False,False,False,5
0,1,20.5,24.24,59,12.998,4,12,4,False,False,False,True,False,True,False,False,5
0,1,19.68,23.485,44,26.0027,5,12,4,False,False,False,True,True,False,False,False,26
0,1,18.04,21.97,33,19.9995,6,12,4,False,False,False,True,False,True,False,False,82
0,1,15.58,19.695,46,19.9995,7,12,4,False,False,False,True,False,True,False,False,231
0,1,14.76,16.665,46,27.9993,8,12,4,False,False,False,True,True,False,False,False,459
0,1,14.76,16.665,46,26.0027,9,12,4,False,False,False,True,True,False,False,False,243
0,1,13.94,15.15,46,19.9995,10,12,4,False,False,False,True,True,False,False,False,132
0,1,13.94,15.15,42,19.9995,11,12,4,False,False,False,True,False,True,False,False,144
0,1,13.94,15.15,42,23.9994,12,12,4,False,False,False,True,False,True,False,False,173
0,1,13.94,15.15,39,23.9994,13,12,4,False,False,False,True,False,True,False,False,137
0,1,13.94,15.91,42,15.0013,14,12,4,False,False,False,True,False,True,False,False,128
0,1,13.12,15.15,45,19.9995,15,12,4,False,False,False,True,False,True,False,False,153
0,1,13.12,15.15,45,15.0013,16,12,4,False,False,False,True,False,True,False,False,224
0,1,13.12,15.15,45,19.0012,17,12,4,False,False,False,True,False,True,False,False,365
0,1,13.12,15.15,45,16.9979,18,12,4,False,False,False,True,False,True,False,False,295
0,1,13.12,15.15,45,15.0013,19,12,4,False,False,False,True,False,True,False,False,214
0,1,13.12,15.91,45,12.998,20,12,4,False,False,False,True,False,True,False,False,152
0,1,13.12,15.91,45,11.0014,21,12,4,False,False,False,True,False,True,False,False,102
0,1,12.3,15.15,49,11.0014,22,12,4,False,False,False,True,False,True,False,False,106
0,1,12.3,15.15,49,8.9981,23,12,4,False,False,False,True,False,True,False,False,75
0,0,12.3,14.395,49,19.0012,0,12,5,False,False,False,True,True,False,False,False,62
0,0,12.3,14.395,52,16.9979,1,12,5,False,False,False,True,False,True,False,False,43
0,0,11.48,13.635,56,15.0013,2,12,5,False,False,False,True,False,True,False,False,58
0,0,10.66,12.88,60,12.998,3,12,5,False,False,False,True,True,False,False,False,26
0,0,9.84,12.12,65,11.0014,4,12,5,False,False,False,True,True,False,False,False,9
0,0,10.66,12.88,60,12.998,5,12,5,False,False,False,True,False,True,False,False,9
0,0,10.66,12.12,56,19.0012,6,12,5,False,False,False,True,False,True,False,False,17
0,0,10.66,12.88,56,15.0013,7,12,5,False,False,False,True,False,True,False,False,20
0,0,10.66,12.88,56,15.0013,8,12,5,False,False,False,True,False,True,False,False,59
0,0,10.66,12.12,56,16.9979,9,12,5,False,False,False,True,False,True,False,False,100
0,0,10.66,12.12,52,19.0012,10,12,5,False,False,False,True,False,True,False,False,181
0,0,11.48,12.88,45,22.0028,11,12,5,False,False,False,True,False,True,False,False,209
0,0,11.48,12.88,45,19.0012,12,12,5,False,False,False,True,False,True,False,False,244
0,0,11.48,13.635,48,16.9979,13,12,5,False,False,False,True,False,True,False,False,236
0,0,11.48,12.88,45,23.9994,14,12,5,False,False,False,True,True,False,False,False,237
0,0,11.48,12.88,45,19.0012,15,12,5,False,False,False,True,True,False,False,False,228
0,0,11.48,13.635,45,15.0013,16,12,5,False,False,False,True,True,False,False,False,222
0,0,10.66,12.88,48,15.0013,17,12,5,False,False,False,True,True,False,False,False,165
0,0,10.66,11.365,48,26.0027,18,12,5,False,False,False,True,True,False,False,False,157
0,0,9.84,10.605,65,22.0028,19,12,5,False,False,False,True,False,False,True,False,106
0,0,9.02,10.605,69,16.9979,20,12,5,False,False,False,True,True,False,False,False,106
0,0,8.2,10.605,75,11.0014,21,12,5,False,False,False,True,True,False,False,False,96
0,0,8.2,10.605,75,11.0014,22,12,5,False,False,False,True,True,False,False,False,80
0,0,8.2,11.365,75,0.0,23,12,5,False,False,False,True,True,False,False,False,69
0,0,8.2,10.605,75,8.9981,0,12,6,False,False,False,True,True,False,False,False,71
0,0,8.2,11.365,69,7.0015,1,12,6,False,False,False,True,True,False,False,False,46
0,0,9.02,12.12,55,7.0015,2,12,6,False,False,False,True,True,False,False,False,41
0,0,9.02,10.605,55,15.0013,3,12,6,False,False,False,True,True,False,False,False,18
0,0,9.02,10.605,55,15.0013,4,12,6,False,False,False,True,True,False,False,False,1
0,0,8.2,11.365,59,7.0015,5,12,6,False,False,False,True,True,False,False,False,5
0,0,8.2,10.605,59,8.9981,6,12,6,False,False,False,True,True,False,False,False,3
0,0,8.2,10.605,59,11.0014,7,12,6,False,False,False,True,True,False,False,False,12
0,0,8.2,12.88,69,0.0,8,12,6,False,False,False,True,True,False,False,False,32
0,0,9.02,11.365,64,11.0014,9,12,6,False,False,False,True,True,False,False,False,81
0,0,9.84,11.365,60,16.9979,10,12,6,False,False,False,True,True,False,False,False,129
0,0,9.84,11.365,60,15.0013,11,12,6,False,False,False,True,False,True,False,False,188
0,0,10.66,12.88,60,15.0013,12,12,6,False,False,False,True,True,False,False,False,228
0,0,12.3,13.635,49,19.9995,13,12,6,False,False,False,True,True,False,False,False,228
0,0,12.3,14.395,49,19.0012,14,12,6,False,False,False,True,True,False,False,False,219
0,0,13.12,15.15,45,19.0012,15,12,6,False,False,False,True,True,False,False,False,207
0,0,11.48,13.635,48,16.9979,16,12,6,False,False,False,True,True,False,False,False,234
0,0,11.48,13.635,46,11.0014,17,12,6,False,False,False,True,True,False,False,False,136
0,0,11.48,13.635,45,12.998,18,12,6,False,False,False,True,True,False,False,False,138
0,0,10.66,13.635,52,8.9981,19,12,6,False,False,False,True,True,False,False,False,135
0,0,9.84,12.88,60,7.0015,20,12,6,False,False,False,True,True,False,False,False,104
0,0,9.02,13.635,64,0.0,21,12,6,False,False,False,True,True,False,False,False,89
0,0,9.02,11.365,75,12.998,22,12,6,False,False,False,True,True,False,False,False,49
0,0,8.2,11.365,75,7.0015,23,12,6,False,False,False,True,True,False,False,False,37
0,1,8.2,11.365,75,6.0032,0,12,0,False,False,False,True,True,False,False,False,17
0,1,7.38,10.605,80,6.0032,1,12,0,False,False,False,True,True,False,False,False,11
0,1,7.38,10.605,80,6.0032,2,12,0,False,False,False,True,True,False,False,False,3
0,1,6.56,9.85,86,6.0032,3,12,0,False,False,False,True,True,False,False,False,3
0,1,6.56,9.09,86,8.9981,4,12,0,False,False,False,True,True,False,False,False,4
0,1,5.74,8.335,93,7.0015,5,12,0,False,False,False,True,True,False,False,False,21
0,1,6.56,9.09,86,7.0015,6,12,0,False,False,False,True,True,False,False,False,68
0,1,7.38,10.605,74,7.0015,7,12,0,False,False,False,True,True,False,False,False,191
0,1,8.2,9.85,75,12.998,8,12,0,False,False,False,True,True,False,False,False,397
0,1,9.02,10.605,69,15.0013,9,12,0,False,False,False,True,True,False,False,False,183
0,1,9.84,11.365,67,12.998,10,12,0,False,False,False,True,True,False,False,False,108
0,1,10.66,12.12,65,16.9979,11,12,0,False,False,False,True,True,False,False,False,127
0,1,12.3,13.635,61,22.0028,12,12,0,False,False,False,True,True,False,False,False,141
0,1,13.94,15.15,49,22.0028,13,12,0,False,False,False,True,True,False,False,False,142
0,1,14.76,17.425,46,15.0013,14,12,0,False,False,False,True,True,False,False,False,137
0,1,15.58,19.695,46,11.0014,15,12,0,False,False,False,True,True,False,False,False,159
0,1,16.4,20.455,40,16.9979,16,12,0,False,False,False,True,True,False,False,False,208
0,1,15.58,19.695,46,12.998,17,12,0,False,False,False,True,True,False,False,False,378
0,1,14.76,17.425,50,12.998,18,12,0,False,False,False,True,True,False,False,False,354
0,1,14.76,17.425,53,11.0014,19,12,0,False,False,False,True,False,True,False,False,251
0,1,16.4,20.455,40,11.0014,20,12,0,False,False,False,True,True,False,False,False,206
0,1,14.76,17.425,53,8.9981,21,12,0,False,False,False,True,False,True,False,False,127
0,1,14.76,17.425,57,11.0014,22,12,0,False,False,False,True,False,True,False,False,107
0,1,14.76,17.425,53,11.0014,23,12,0,False,False,False,True,True,False,False,False,60
0,0,14.76,18.94,66,0.0,0,1,6,True,False,False,False,True,False,False,False,48
0,0,14.76,17.425,66,8.9981,1,1,6,True,False,False,False,True,False,False,False,93
0,0,13.12,17.425,76,0.0,2,1,6,True,False,False,False,True,False,False,False,75
0,0,12.3,16.665,81,0.0,3,1,6,True,False,False,False,True,False,False,False,52
0,0,11.48,15.15,81,6.0032,4,1,6,True,False,False,False,True,False,False,False,8
0,0,11.48,14.395,81,7.0015,5,1,6,True,False,False,False,True,False,False,False,5
0,0,10.66,13.635,93,8.9981,6,1,6,True,False,False,False,True,False,False,False,2
0,0,10.66,12.88,93,11.0014,7,1,6,True,False,False,False,True,False,False,False,7
0,0,10.66,13.635,87,7.0015,8,1,6,True,False,False,False,True,False,False,False,14
0,0,10.66,13.635,93,7.0015,9,1,6,True,False,False,False,True,False,False,False,40
0,0,12.3,15.91,81,7.0015,10,1,6,True,False,False,False,True,False,False,False,70
0,0,13.94,16.665,76,8.9981,11,1,6,True,False,False,False,True,False,False,False,138
0,0,16.4,20.455,62,19.0012,12,1,6,True,False,False,False,True,False,False,False,201
0,0,17.22,21.21,58,19.0012,13,1,6,True,False,False,False,True,False,False,False,223
0,0,18.04,21.97,54,19.9995,14,1,6,True,False,False,False,True,False,False,False,267
0,0,18.86,22.725,51,19.9995,15,1,6,True,False,False,False,True,False,False,False,265
0,0,18.04,21.97,54,19.9995,16,1,6,True,False,False,False,False,True,False,False,215
0,0,19.68,23.485,48,11.0014,17,1,6,True,False,False,False,False,True,False,False,111
0,0,18.86,22.725,59,16.9979,18,1,6,True,False,False,False,False,False,True,False,106
0,0,17.22,21.21,67,26.0027,19,1,6,True,False,False,False,False,False,True,False,105
0,0,18.04,21.97,62,19.9995,20,1,6,True,False,False,False,False,True,False,False,83
0,0,18.04,21.97,67,16.9979,21,1,6,True,False,False,False,False,True,False,False,71
0,0,18.86,22.725,55,27.9993,22,1,6,True,False,False,False,True,False,False,False,66
0,0,18.04,21.97,51,19.9995,23,1,6,True,False,False,False,True,False,False,False,29
1,0,16.4,20.455,40,31.0009,0,1,0,True,False,False,False,True,False,False,False,39
1,0,14.76,16.665,43,27.9993,1,1,0,True,False,False,False,True,False,False,False,12
1,0,14.76,15.91,34,30.0026,2,1,0,True,False,False,False,True,False,False,False,7
1,0,11.48,12.88,45,22.0028,4,1,0,True,False,False,False,True,False,False,False,4
1,0,11.48,12.88,45,22.0028,5,1,0,True,False,False,False,True,False,False,False,4
1,0,10.66,11.365,41,26.0027,6,1,0,True,False,False,False,True,False,False,False,14
1,0,9.84,10.605,32,26.0027,7,1,0,True,False,False,False,True,False,False,False,16
1,0,9.84,11.365,35,16.9979,8,1,0,True,False,False,False,True,False,False,False,53
1,0,9.84,12.88,35,0.0,9,1,0,True,False,False,False,True,False,False,False,68
1,0,10.66,12.12,35,19.0012,10,1,0,True,False,False,False,True,False,False,False,109
1,0,10.66,10.605,35,32.9975,11,1,0,True,False,False,False,True,False,False,False,175
1,0,11.48,13.635,36,16.9979,12,1,0,True,False,False,False,True,False,False,False,202
1,0,12.3,13.635,36,19.9995,13,1,0,True,False,False,False,True,False,False,False,176
1,0,12.3,13.635,36,27.9993,14,1,0,True,False,False,False,True,False,False,False,151
1,0,11.48,12.12,38,30.0026,15,1,0,True,False,False,False,True,False,False,False,168
1,0,10.66,11.365,35,27.9993,16,1,0,True,False,False,False,True,False,False,False,154
1,0,10.66,11.365,35,26.0027,17,1,0,True,False,False,False,True,False,False,False,153
1,0,10.66,12.12,33,16.9979,18,1,0,True,False,False,False,True,False,False,False,126
1,0,9.84,11.365,38,15.0013,19,1,0,True,False,False,False,True,False,False,False,93
1,0,9.84,11.365,41,15.0013,20,1,0,True,False,False,False,True,False,False,False,88
1,0,9.84,10.605,41,22.0028,21,1,0,True,False,False,False,False,True,False,False,66
1,0,9.02,10.605,44,19.0012,22,1,0,True,False,False,False,False,True,False,False,39
1,0,9.02,10.605,44,16.9979,23,1,0,True,False,False,False,True,False,False,False,34
0,1,8.2,9.85,51,16.9979,0,1,1,True,False,False,False,True,False,False,False,13
0,1,7.38,9.09,55,15.0013,1,1,1,True,False,False,False,True,False,False,False,6
0,1,7.38,8.335,51,16.9979,2,1,1,True,False,False,False,True,False,False,False,3
0,1,6.56,6.82,55,19.0012,3,1,1,True,False,False,False,True,False,False,False,2
0,1,6.56,7.575,55,16.9979,4,1,1,True,False,False,False,True,False,False,False,5
0,1,5.74,6.82,54,12.998,5,1,1,True,False,False,False,True,False,False,False,12
0,1,5.74,6.06,59,19.0012,6,1,1,True,False,False,False,True,False,False,False,85
0,1,5.74,6.06,59,16.9979,7,1,1,True,False,False,False,True,False,False,False,170
0,1,6.56,6.82,55,19.0012,8,1,1,True,False,False,False,True,False,False,False,354
0,1,6.56,6.82,50,19.0012,9,1,1,True,False,False,False,True,False,False,False,153
0,1,6.56,6.06,47,31.0009,10,1,1,True,False,False,False,True,False,False,False,60
0,1,7.38,6.82,37,35.0008,11,1,1,True,False,False,False,True,False,False,False,75
0,1,7.38,6.82,37,35.0008,12,1,1,True,False,False,False,True,False,False,False,74
0,1,7.38,6.06,34,43.9989,13,1,1,True,False,False,False,True,False,False,False,73
0,1,6.56,6.06,43,35.0008,14,1,1,True,False,False,False,True,False,False,False,79
0,1,6.56,6.06,37,27.9993,15,1,1,True,False,False,False,True,False,False,False,77
0,1,5.74,4.545,39,39.0007,16,1,1,True,False,False,False,True,False,False,False,136
0,1,5.74,5.305,26,31.0009,17,1,1,True,False,False,False,True,False,False,False,245
0,1,5.74,4.545,26,35.0008,18,1,1,True,False,False,False,True,False,False,False,224
0,1,4.92,4.545,28,27.9993,19,1,1,True,False,False,False,True,False,False,False,156
0,1,4.92,6.06,33,16.9979,20,1,1,True,False,False,False,True,False,False,False,115
0,1,4.1,5.305,36,15.0013,21,1,1,True,False,False,False,True,False,False,False,68
0,1,4.1,5.305,46,16.9979,22,1,1,True,False,False,False,True,False,False,False,33
0,1,4.1,3.79,46,26.0027,23,1,1,True,False,False,False,True,False,False,False,18
0,1,3.28,3.03,42,22.0028,0,1,2,True,False,False,False,True,False,False,False,9
0,1,1.64,1.515,38,19.9995,1,1,2,True,False,False,False,True,False,False,False,3
0,1,0.82,0.76,34,19.0012,2,1,2,True,False,False,False,True,False,False,False,1
0,1,0.82,0.76,34,19.0012,3,1,2,True,False,False,False,True,False,False,False,1
0,1,0.82,2.275,41,12.998,4,1,2,True,False,False,False,True,False,False,False,2
0,1,0.82,2.275,41,12.998,5,1,2,True,False,False,False,True,False,False,False,14
0,1,0.82,2.275,41,11.0014,6,1,2,True,False,False,False,True,False,False,False,59
0,1,0.82,2.275,44,12.998,7,1,2,True,False,False,False,True,False,False,False,152
0,1,0.82,3.03,44,8.9981,8,1,2,True,False,False,False,True,False,False,False,315
0,1,1.64,3.03,45,8.9981,9,1,2,True,False,False,False,True,False,False,False,180
0,1,2.46,5.305,45,0.0,10,1,2,True,False,False,False,True,False,False,False,64
0,1,3.28,6.06,42,6.0032,11,1,2,True,False,False,False,False,True,False,False,46
0,1,4.1,5.305,46,12.998,12,1,2,True,False,False,False,False,True,False,False,84
0,1,5.74,6.06,43,16.9979,13,1,2,True,False,False,False,False,True,False,False,91
0,1,5.74,6.06,46,16.9979,14,1,2,True,False,False,False,False,True,False,False,75
0,1,7.38,7.575,37,22.0028,15,1,2,True,False,False,False,False,True,False,False,90
0,1,7.38,8.335,40,19.0012,16,1,2,True,False,False,False,False,True,False,False,131
0,1,8.2,9.85,40,12.998,17,1,2,True,False,False,False,False,True,False,False,281
0,1,8.2,10.605,37,8.9981,18,1,2,True,False,False,False,False,True,False,False,289
0,1,8.2,11.365,40,7.0015,19,1,2,True,False,False,False,False,True,False,False,184
0,1,8.2,9.85,40,12.998,20,1,2,True,False,False,False,False,True,False,False,123
0,1,8.2,12.88,44,0.0,21,1,2,True,False,False,False,False,True,False,False,90
0,1,8.2,11.365,47,6.0032,22,1,2,True,False,False,False,False,True,False,False,52
0,1,8.2,11.365,44,7.0015,23,1,2,True,False,False,False,False,True,False,False,32
0,1,9.02,11.365,47,12.998,0,1,3,True,False,False,False,False,True,False,False,14
0,1,8.2,11.365,51,6.0032,1,1,3,True,False,False,False,True,False,False,False,5
0,1,8.2,11.365,51,6.0032,2,1,3,True,False,False,False,True,False,False,False,4
0,1,8.2,12.88,61,0.0,3,1,3,True,False,False,False,True,False,False,False,4
0,1,8.2,11.365,59,6.0032,4,1,3,True,False,False,False,False,True,False,False,5
0,1,8.2,11.365,59,6.0032,5,1,3,True,False,False,False,False,True,False,False,26
0,1,8.2,10.605,75,8.9981,6,1,3,True,False,False,False,False,True,False,False,78
0,1,8.2,11.365,69,6.0032,7,1,3,True,False,False,False,False,True,False,False,215
0,1,8.2,12.88,75,0.0,8,1,3,True,False,False,False,False,True,False,False,388
0,1,9.02,13.635,69,0.0,9,1,3,True,False,False,False,False,True,False,False,227
0,1,9.84,12.88,52,6.0032,10,1,3,True,False,False,False,False,True,False,False,86
0,1,12.3,16.665,49,0.0,11,1,3,True,False,False,False,True,False,False,False,84
0,1,12.3,14.395,49,16.9979,12,1,3,True,False,False,False,True,False,False,False,120
0,1,13.94,15.15,42,19.9995,13,1,3,True,False,False,False,True,False,False,False,118
0,1,13.94,15.91,39,19.0012,14,1,3,True,False,False,False,True,False,False,False,117
0,1,14.76,16.665,34,19.0012,15,1,3,True,False,False,False,True,False,False,False,119
0,1,14.76,16.665,34,19.0012,16,1,3,True,False,False,False,True,False,False,False,197
0,1,14.76,17.425,34,12.998,17,1,3,True,False,False,False,False,True,False,False,412
0,1,13.94,16.665,36,11.0014,18,1,3,True,False,False,False,True,False,False,False,383
0,1,13.94,17.425,34,6.0032,19,1,3,True,False,False,False,True,False,False,False,265
0,1,12.3,16.665,49,0.0,20,1,3,True,False,False,False,True,False,False,False,177
0,1,10.66,13.635,60,8.9981,21,1,3,True,False,False,False,True,False,False,False,97
0,1,10.66,12.88,60,11.0014,22,1,3,True,False,False,False,True,False,False,False,71
0,1,9.84,12.88,70,7.0015,23,1,3,True,False,False,False,True,False,False,False,60
0,1,9.02,12.88,75,6.0032,0,1,4,True,False,False,False,True,False,False,False,25
0,1,9.02,13.635,75,0.0,1,1,4,True,False,False,False,True,False,False,False,8
0,1,9.02,11.365,69,11.0014,2,1,4,True,False,False,False,True,False,False,False,5
0,1,9.02,12.12,69,7.0015,3,1,4,True,False,False,False,True,False,False,False,4
0,1,9.02,11.365,69,8.9981,4,1,4,True,False,False,False,True,False,False,False,3
0,1,8.2,10.605,80,8.9981,5,1,4,True,False,False,False,False,True,False,False,13
0,1,9.02,12.12,73,7.0015,6,1,4,True,False,False,False,False,True,False,False,70
0,1,9.84,14.395,65,0.0,7,1,4,True,False,False,False,False,True,False,False,205
0,1,9.84,12.12,70,8.9981,8,1,4,True,False,False,False,True,False,False,False,447
0,1,9.84,12.12,70,11.0014,9,1,4,True,False,False,False,True,False,False,False,241
0,1,10.66,12.88,65,12.998,10,1,4,True,False,False,False,True,False,False,False,116
0,1,12.3,15.15,56,11.0014,11,1,4,True,False,False,False,True,False,False,False,138
0,1,14.76,16.665,50,16.9979,12,1,4,True,False,False,False,True,False,False,False,191
0,1,16.4,20.455,43,19.0012,13,1,4,True,False,False,False,True,False,False,False,204
0,1,18.86,22.725,36,12.998,14,1,4,True,False,False,False,True,False,False,False,178
0,1,21.32,25.0,27,16.9979,15,1,4,True,False,False,False,True,False,False,False,222
0,1,21.32,25.0,27,19.0012,16,1,4,True,False,False,False,True,False,False,False,294
0,1,18.86,22.725,36,15.0013,17,1,4,True,False,False,False,True,False,False,False,476
0,1,20.5,24.24,29,16.9979,18,1,4,True,False,False,False,True,False,False,False,419
0,1,18.86,22.725,33,19.0012,19,1,4,True,False,False,False,True,False,False,False,272
0,1,17.22,21.21,41,12.998,20,1,4,True,False,False,False,True,False,False,False,177
0,1,16.4,20.455,43,15.0013,21,1,4,True,False,False,False,True,False,False,False,154
0,1,14.76,17.425,50,12.998,22,1,4,True,False,False,False,True,False,False,False,135
0,1,14.76,18.94,50,0.0,23,1,4,True,False,False,False,True,False,False,False,101
0,0,14.76,17.425,50,11.0014,0,1,5,True,False,False,False,True,False,False,False,79
0,0,15.58,19.695,46,11.0014,1,1,5,True,False,False,False,True,False,False,False,62
0,0,14.76,18.18,50,7.0015,2,1,5,True,False,False,False,True,False,False,False,38
0,0,13.12,16.665,57,7.0015,3,1,5,True,False,False,False,True,False,False,False,20
0,0,13.12,16.665,57,6.0032,4,1,5,True,False,False,False,True,False,False,False,10
0,0,10.66,13.635,75,7.0015,5,1,5,True,False,False,False,True,False,False,False,9
0,0,10.66,13.635,75,7.0015,6,1,5,True,False,False,False,True,False,False,False,7
0,0,9.02,11.365,87,12.998,7,1,5,True,False,False,False,True,False,False,False,20
0,0,9.84,12.88,75,7.0015,8,1,5,True,False,False,False,True,False,False,False,64
0,0,9.02,11.365,80,8.9981,9,1,5,True,False,False,False,True,False,False,False,130
0,0,11.48,15.15,75,6.0032,10,1,5,True,False,False,False,True,False,False,False,203
0,0,13.94,15.91,57,15.0013,11,1,5,True,False,False,False,True,False,False,False,324
0,0,16.4,20.455,43,15.0013,12,1,5,True,False,False,False,True,False,False,False,376
0,0,18.04,21.97,44,12.998,13,1,5,True,False,False,False,True,False,False,False,445
0,0,20.5,24.24,42,19.0012,14,1,5,True,False,False,False,True,False,False,False,512
0,0,23.78,27.275,37,19.9995,15,1,5,True,False,False,False,True,False,False,False,449
0,0,22.96,26.515,37,19.0012,16,1,5,True,False,False,False,False,True,False,False,401
0,0,22.14,25.76,43,8.9981,17,1,5,True,False,False,False,False,True,False,False,322
0,0,22.14,25.76,45,8.9981,18,1,5,True,False,False,False,True,False,False,False,297
0,0,21.32,25.0,42,7.0015,19,1,5,True,False,False,False,True,False,False,False,215
0,0,20.5,24.24,39,16.9979,20,1,5,True,False,False,False,True,False,False,False,170
0,0,18.04,21.97,44,15.0013,21,1,5,True,False,False,False,True,False,False,False,140
0,0,18.04,21.97,38,16.9979,22,1,5,True,False,False,False,True,False,False,False,109
0,0,17.22,21.21,38,15.0013,23,1,5,True,False,False,False,True,False,False,False,119
0,0,15.58,19.695,40,19.0012,0,1,6,True,False,False,False,True,False,False,False,91
0,0,13.94,16.665,42,12.998,1,1,6,True,False,False,False,True,False,False,False,72
0,0,14.76,16.665,37,19.0012,2,1,6,True,False,False,False,True,False,False,False,67
0,0,13.94,16.665,42,8.9981,3,1,6,True,False,False,False,True,False,False,False,32
0,0,13.12,15.15,49,16.9979,4,1,6,True,False,False,False,True,False,False,False,6
0,0,13.12,16.665,49,7.0015,5,1,6,True,False,False,False,False,True,False,False,2
0,0,12.3,16.665,52,0.0,6,1,6,True,False,False,False,False,True,False,False,2
0,0,12.3,16.665,52,0.0,7,1,6,True,False,False,False,False,True,False,False,24
0,0,12.3,15.15,52,8.9981,8,1,6,True,False,False,False,True,False,False,False,57
0,0,13.12,16.665,53,8.9981,9,1,6,True,False,False,False,True,False,False,False,125
0,0,13.94,16.665,49,11.0014,10,1,6,True,False,False,False,True,False,False,False,208
0,0,14.76,17.425,46,15.0013,11,1,6,True,False,False,False,True,False,False,False,256
0,0,15.58,19.695,43,15.0013,12,1,6,True,False,False,False,True,False,False,False,351
0,0,16.4,20.455,37,19.9995,13,1,6,True,False,False,False,True,False,False,False,343
0,0,16.4,20.455,40,12.998,14,1,6,True,False,False,False,True,False,False,False,328
0,0,16.4,20.455,37,19.0012,15,1,6,True,False,False,False,True,False,False,False,330
0,0,16.4,20.455,37,19.9995,16,1,6,True,False,False,False,True,False,False,False,314
0,0,15.58,19.695,40,15.0013,17,1,6,True,False,False,False,True,False,False,False,219
0,0,13.94,15.91,46,15.0013,18,1,6,True,False,False,False,True,False,False,False,181
0,0,13.12,15.91,49,12.998,19,1,6,True,False,False,False,True,False,False,False,112
0,0,12.3,15.15,52,11.0014,20,1,6,True,False,False,False,True,False,False,False,126
0,0,11.48,13.635,56,15.0013,21,1,6,True,False,False,False,True,False,False,False,91
0,0,10.66,13.635,60,7.0015,22,1,6,True,False,False,False,True,False,False,False,58
0,0,10.66,12.12,56,16.9979,23,1,6,True,False,False,False,True,False,False,False,30
0,1,9.84,11.365,60,15.0013,0,1,0,True,False,False,False,True,False,False,False,15
0,1,9.84,12.12,60,8.9981,1,1,0,True,False,False,False,True,False,False,False,5
0,1,9.84,12.12,56,8.9981,2,1,0,True,False,False,False,True,False,False,False,5
0,1,9.84,12.12,52,11.0014,3,1,0,True,False,False,False,True,False,False,False,3
0,1,9.02,12.12,64,7.0015,4,1,0,True,False,False,False,True,False,False,False,4
0,1,8.2,11.365,64,6.0032,5,1,0,True,False,False,False,False,True,False,False,21
0,1,9.02,11.365,60,8.9981,6,1,0,True,False,False,False,False,True,False,False,88
0,1,9.02,12.12,60,7.0015,7,1,0,True,False,False,False,False,True,False,False,240
0,1,9.02,12.88,55,6.0032,8,1,0,True,False,False,False,False,True,False,False,420
0,1,9.02,13.635,64,0.0,9,1,0,True,False,False,False,False,True,False,False,197
0,1,9.84,14.395,60,0.0,10,1,0,True,False,False,False,True,False,False,False,108
0,1,10.66,14.395,56,6.0032,11,1,0,True,False,False,False,False,True,False,False,88
0,1,10.66,13.635,56,7.0015,12,1,0,True,False,False,False,False,True,False,False,103
0,1,10.66,13.635,56,7.0015,13,1,0,True,False,False,False,False,True,False,False,80
0,1,9.02,11.365,75,11.0014,14,1,0,True,False,False,False,False,False,True,False,50
0,1,9.02,11.365,75,11.0014,15,1,0,True,False,False,False,False,False,True,False,69
0,1,9.02,12.88,87,6.0032,16,1,0,True,False,False,False,False,False,True,False,49
0,1,9.02,13.635,87,0.0,17,1,0,True,False,False,False,False,False,True,False,152
0,1,8.2,11.365,86,6.0032,18,1,0,True,False,False,False,False,False,False,True,164
0,1,8.2,11.365,93,6.0032,19,1,0,True,False,False,False,False,False,True,False,190
0,1,8.2,11.365,86,6.0032,20,1,0,True,False,False,False,False,True,False,False,132
0,1,8.2,12.88,93,0.0,21,1,0,True,False,False,False,False,True,False,False,79
0,1,8.2,11.365,92,7.0015,22,1,0,True,False,False,False,False,True,False,False,62
0,1,9.02,12.12,87,7.0015,23,1,0,True,False,False,False,False,True,False,False,52
0,1,9.02,12.12,87,7.0015,0,1,1,True,False,False,False,False,True,False,False,14
0,1,9.02,12.12,93,7.0015,1,1,1,True,False,False,False,False,True,False,False,5
0,1,9.02,11.365,87,11.0014,2,1,1,True,False,False,False,False,True,False,False,4
0,1,8.2,10.605,86,11.0014,4,1,1,True,False,False,False,False,True,False,False,4
0,1,16.4,20.455,47,15.0013,5,1,1,True,False,False,False,True,False,False,False,23
0,1,7.38,9.09,93,12.998,6,1,1,True,False,False,False,False,True,False,False,79
0,1,7.38,9.85,93,11.0014,7,1,1,True,False,False,False,False,True,False,False,222
0,1,7.38,9.85,93,11.0014,8,1,1,True,False,False,False,False,True,False,False,471
0,1,7.38,9.85,93,11.0014,9,1,1,True,False,False,False,False,True,False,False,195
0,1,7.38,9.85,93,11.0014,10,1,1,True,False,False,False,False,True,False,False,83
0,1,17.22,21.21,38,19.9995,11,1,1,True,False,False,False,True,False,False,False,101
0,1,17.22,21.21,38,19.9995,12,1,1,True,False,False,False,True,False,False,False,140
0,1,17.22,21.21,38,19.9995,13,1,1,True,False,False,False,True,False,False,False,178
0,1,17.22,21.21,38,19.9995,14,1,1,True,False,False,False,True,False,False,False,106
0,1,17.22,21.21,38,19.9995,15,1,1,True,False,False,False,True,False,False,False,136
0,1,17.22,21.21,38,23.9994,16,1,1,True,False,False,False,True,False,False,False,240
0,1,17.22,21.21,38,16.9979,17,1,1,True,False,False,False,True,False,False,False,460
0,1,16.4,20.455,40,7.0015,18,1,1,True,False,False,False,True,False,False,False,385
0,1,15.58,19.695,46,7.0015,19,1,1,True,False,False,False,True,False,False,False,281
0,1,13.94,17.425,53,7.0015,20,1,1,True,False,False,False,True,False,False,False,200
0,1,13.12,16.665,66,6.0032,21,1,1,True,False,False,False,True,False,False,False,116
0,1,12.3,15.15,70,6.0032,22,1,1,True,False,False,False,True,False,False,False,114
0,1,10.66,13.635,81,7.0015,23,1,1,True,False,False,False,True,False,False,False,41
0,1,10.66,15.15,81,0.0,0,1,2,True,False,False,False,True,False,False,False,28
0,1,9.84,12.88,87,6.0032,1,1,2,True,False,False,False,True,False,False,False,7
0,1,8.2,10.605,85,11.0014,2,1,2,True,False,False,False,True,False,False,False,5
0,1,9.02,13.635,80,0.0,3,1,2,True,False,False,False,True,False,False,False,4
0,1,8.2,10.605,80,8.9981,4,1,2,True,False,False,False,True,False,False,False,2
0,1,8.2,10.605,80,8.9981,5,1,2,True,False,False,False,True,False,False,False,22
0,1,8.2,10.605,86,8.9981,6,1,2,True,False,False,False,True,False,False,False,74
0,1,8.2,10.605,80,8.9981,7,1,2,True,False,False,False,True,False,False,False,256
0,1,8.2,11.365,82,7.0015,8,1,2,True,False,False,False,True,False,False,False,499
0,1,8.2,10.605,86,8.9981,9,1,2,True,False,False,False,False,True,False,False,225
0,1,9.84,12.12,87,8.9981,10,1,2,True,False,False,False,False,True,False,False,97
0,1,10.66,14.395,87,6.0032,11,1,2,True,False,False,False,False,True,False,False,99
0,1,12.3,16.665,81,0.0,12,1,2,True,False,False,False,False,False,True,False,55
0,1,13.12,17.425,76,0.0,13,1,2,True,False,False,False,False,False,True,False,65
0,1,13.12,16.665,81,7.0015,14,1,2,True,False,False,False,False,False,True,False,73
0,1,13.94,17.425,87,6.0032,15,1,2,True,False,False,False,False,True,False,False,79
0,1,13.94,15.91,87,16.9979,16,1,2,True,False,False,False,False,True,False,False,118
0,1,13.94,15.91,87,15.0013,17,1,2,True,False,False,False,False,False,True,False,134
0,1,13.94,16.665,87,12.998,18,1,2,True,False,False,False,False,False,True,False,98
0,1,13.12,15.15,93,15.0013,19,1,2,True,False,False,False,False,False,True,False,93
0,1,13.12,15.91,93,11.0014,20,1,2,True,False,False,False,False,False,True,False,57
0,1,13.94,15.91,87,15.0013,21,1,2,True,False,False,False,False,False,True,False,29
0,1,13.94,16.665,87,12.998,22,1,2,True,False,False,False,False,False,True,False,49
0,1,13.94,15.91,87,15.0013,23,1,2,True,False,False,False,False,False,True,False,9
0,1,13.94,16.665,93,12.998,0,1,3,True,False,False,False,False,False,True,False,3
0,1,14.76,17.425,93,12.998,1,1,3,True,False,False,False,False,False,True,False,3
0,1,14.76,17.425,93,16.9979,2,1,3,True,False,False,False,False,False,True,False,2
0,1,14.76,17.425,93,16.9979,3,1,3,True,False,False,False,False,False,True,False,3
0,1,14.76,17.425,93,12.998,4,1,3,True,False,False,False,False,False,True,False,2
0,1,13.94,17.425,93,6.0032,5,1,3,True,False,False,False,False,False,True,False,16
0,1,14.76,17.425,93,8.9981,6,1,3,True,False,False,False,False,False,True,False,89
0,1,13.94,15.91,87,19.0012,7,1,3,True,False,False,False,False,True,False,False,220
0,1,13.12,15.91,81,12.998,8,1,3,True,False,False,False,True,False,False,False,508
0,1,13.12,16.665,81,7.0015,9,1,3,True,False,False,False,True,False,False,False,230
0,1,13.94,17.425,81,7.0015,10,1,3,True,False,False,False,True,False,False,False,90
0,1,13.94,17.425,81,7.0015,11,1,3,True,False,False,False,False,True,False,False,119
0,1,13.94,17.425,81,7.0015,12,1,3,True,False,False,False,False,True,False,False,144
0,1,17.22,21.21,77,11.0014,13,1,3,True,False,False,False,True,False,False,False,183
0,1,17.22,21.21,77,11.0014,14,1,3,True,False,False,False,True,False,False,False,156
0,1,18.04,21.97,72,8.9981,15,1,3,True,False,False,False,True,False,False,False,188
0,1,18.86,22.725,67,12.998,16,1,3,True,False,False,False,True,False,False,False,281
0,1,18.86,22.725,63,11.0014,17,1,3,True,False,False,False,True,False,False,False,495
0,1,18.04,21.97,67,12.998,18,1,3,True,False,False,False,True,False,False,False,421
0,1,17.22,21.21,71,11.0014,19,1,3,True,False,False,False,False,True,False,False,330
0,1,17.22,21.21,71,12.998,20,1,3,True,False,False,False,False,True,False,False,240
0,1,18.04,21.97,67,8.9981,21,1,3,True,False,False,False,True,False,False,False,174
0,1,15.58,19.695,76,19.9995,22,1,3,True,False,False,False,True,False,False,False,133
0,1,16.4,20.455,76,22.0028,23,1,3,True,False,False,False,True,False,False,False,67
0,1,16.4,20.455,71,19.0012,0,1,4,True,False,False,False,False,True,False,False,42
0,1,15.58,19.695,76,19.9995,1,1,4,True,False,False,False,False,True,False,False,12
0,1,16.4,20.455,76,23.9994,2,1,4,True,False,False,False,True,False,False,False,14
0,1,14.76,16.665,87,16.9979,3,1,4,True,False,False,False,True,False,False,False,7
0,1,13.12,14.395,70,32.9975,4,1,4,True,False,False,False,False,False,True,False,3
0,1,12.3,12.12,70,36.9974,5,1,4,True,False,False,False,False,True,False,False,21
0,1,10.66,12.88,75,15.0013,6,1,4,True,False,False,False,False,True,False,False,73
0,1,10.66,12.88,60,15.0013,7,1,4,True,False,False,False,True,False,False,False,177
0,1,9.84,10.605,52,23.9994,8,1,4,True,False,False,False,True,False,False,False,419
0,1,9.02,9.85,47,26.0027,9,1,4,True,False,False,False,True,False,False,False,214
0,1,9.84,9.85,44,30.0026,10,1,4,True,False,False,False,True,False,False,False,103
0,1,9.84,9.09,38,40.9973,11,1,4,True,False,False,False,True,False,False,False,114
0,1,9.84,9.85,38,32.9975,12,1,4,True,False,False,False,True,False,False,False,154
0,1,10.66,10.605,33,35.0008,13,1,4,True,False,False,False,True,False,False,False,154
0,1,10.66,10.605,33,36.9974,14,1,4,True,False,False,False,True,False,False,False,129
0,1,10.66,10.605,33,39.0007,15,1,4,True,False,False,False,True,False,False,False,138
0,1,11.48,12.12,30,31.0009,16,1,4,True,False,False,False,True,False,False,False,233
0,1,11.48,12.12,33,27.9993,17,1,4,True,False,False,False,True,False,False,False,332
0,1,10.66,11.365,38,19.9995,18,1,4,True,False,False,False,True,False,False,False,301
0,1,10.66,12.12,38,19.0012,19,1,4,True,False,False,False,True,False,False,False,206
0,1,9.84,12.12,41,11.0014,20,1,4,True,False,False,False,True,False,False,False,136
0,1,9.84,10.605,41,19.0012,21,1,4,True,False,False,False,True,False,False,False,102
0,1,8.2,9.09,47,22.0028,22,1,4,True,False,False,False,True,False,False,False,65
0,1,7.38,9.09,47,12.998,23,1,4,True,False,False,False,True,False,False,False,65
0,0,6.56,9.09,47,7.0015,0,1,5,True,False,False,False,True,False,False,False,44
0,0,6.56,7.575,47,12.998,1,1,5,True,False,False,False,True,False,False,False,50
0,0,6.56,8.335,47,11.0014,2,1,5,True,False,False,False,True,False,False,False,38
0,0,5.74,8.335,54,7.0015,3,1,5,True,False,False,False,True,False,False,False,20
0,0,5.74,7.575,50,8.9981,4,1,5,True,False,False,False,True,False,False,False,3
0,0,5.74,7.575,50,8.9981,5,1,5,True,False,False,False,True,False,False,False,4
0,0,5.74,7.575,50,0.0,6,1,5,True,False,False,False,True,False,False,False,5
0,0,5.74,7.575,50,8.9981,7,1,5,True,False,False,False,True,False,False,False,24
0,0,4.92,7.575,54,7.0015,8,1,5,True,False,False,False,True,False,False,False,92
0,0,5.74,8.335,50,7.0015,9,1,5,True,False,False,False,True,False,False,False,81
0,0,6.56,11.365,47,0.0,10,1,5,True,False,False,False,True,False,False,False,149
0,0,8.2,9.85,40,12.998,11,1,5,True,False,False,False,True,False,False,False,178
0,0,9.02,10.605,41,16.9979,12,1,5,True,False,False,False,True,False,False,False,219
0,0,9.02,10.605,44,19.0012,13,1,5,True,False,False,False,True,False,False,False,220
0,0,9.84,10.605,41,19.9995,14,1,5,True,False,False,False,True,False,False,False,231
0,0,9.84,10.605,38,19.9995,15,1,5,True,False,False,False,True,False,False,False,226
0,0,9.84,11.365,38,15.0013,16,1,5,True,False,False,False,True,False,False,False,206
0,0,9.84,11.365,41,16.9979,17,1,5,True,False,False,False,True,False,False,False,144
0,0,9.02,11.365,41,12.998,18,1,5,True,False,False,False,True,False,False,False,143
0,0,8.2,9.85,47,15.0013,19,1,5,True,False,False,False,True,False,False,False,102
0,0,8.2,9.85,44,16.9979,20,1,5,True,False,False,False,True,False,False,False,103
0,0,7.38,8.335,43,16.9979,21,1,5,True,False,False,False,True,False,False,False,69
0,0,6.56,6.82,47,23.9994,22,1,5,True,False,False,False,True,False,False,False,66
0,0,6.56,7.575,47,15.0013,23,1,5,True,False,False,False,True,False,False,False,76
0,0,6.56,6.82,47,22.0028,0,1,6,True,False,False,False,True,False,False,False,59
0,0,6.56,6.82,47,19.9995,1,1,6,True,False,False,False,False,True,False,False,42
0,0,6.56,6.82,47,19.0012,2,1,6,True,False,False,False,False,True,False,False,43
0,0,6.56,6.82,48,26.0027,3,1,6,True,False,False,False,False,True,False,False,25
0,0,6.56,6.82,47,26.0027,4,1,6,True,False,False,False,False,True,False,False,6
0,0,6.56,6.82,47,22.0028,5,1,6,True,False,False,False,False,True,False,False,5
0,0,5.74,6.06,50,19.0012,6,1,6,True,False,False,False,False,True,False,False,8
0,0,4.92,6.06,54,19.0012,7,1,6,True,False,False,False,True,False,False,False,17
0,0,4.92,6.06,54,15.0013,8,1,6,True,False,False,False,True,False,False,False,36
0,0,4.92,6.82,54,12.998,9,1,6,True,False,False,False,True,False,False,False,90
0,0,5.74,6.06,54,19.0012,10,1,6,True,False,False,False,True,False,False,False,126
0,0,6.56,7.575,47,15.0013,11,1,6,True,False,False,False,True,False,False,False,165
0,0,7.38,8.335,40,19.9995,12,1,6,True,False,False,False,True,False,False,False,234
0,0,8.2,9.09,34,19.0012,13,1,6,True,False,False,False,True,False,False,False,224
0,0,8.2,9.09,32,23.9994,14,1,6,True,False,False,False,True,False,False,False,188
0,0,9.02,11.365,27,12.998,15,1,6,True,False,False,False,True,False,False,False,206
0,0,9.02,10.605,29,19.9995,16,1,6,True,False,False,False,True,False,False,False,205
0,0,9.02,10.605,25,16.9979,17,1,6,True,False,False,False,True,False,False,False,146
0,0,7.38,9.09,29,15.0013,18,1,6,True,False,False,False,True,False,False,False,120
0,0,6.56,8.335,37,11.0014,19,1,6,True,False,False,False,True,False,False,False,110
0,0,6.56,9.09,37,7.0015,20,1,6,True,False,False,False,True,False,False,False,95
0,0,6.56,8.335,40,11.0014,21,1,6,True,False,False,False,True,False,False,False,72
0,0,7.38,10.605,37,6.0032,22,1,6,True,False,False,False,True,False,False,False,60
0,0,6.56,9.85,43,6.0032,23,1,6,True,False,False,False,True,False,False,False,29
1,0,5.74,7.575,46,8.9981,0,1,0,True,False,False,False,True,False,False,False,25
1,0,5.74,8.335,43,7.0015,1,1,0,True,False,False,False,True,False,False,False,20
1,0,5.74,10.605,46,0.0,2,1,0,True,False,False,False,True,False,False,False,17
1,0,4.92,9.85,50,0.0,3,1,0,True,False,False,False,True,False,False,False,3
1,0,4.92,7.575,58,7.0015,4,1,0,True,False,False,False,True,False,False,False,8
1,0,4.92,8.335,54,6.0032,5,1,0,True,False,False,False,True,False,False,False,6
1,0,4.1,6.82,54,6.0032,6,1,0,True,False,False,False,True,False,False,False,13
1,0,4.1,6.82,54,7.0015,7,1,0,True,False,False,False,True,False,False,False,33
1,0,4.1,6.06,58,11.0014,8,1,0,True,False,False,False,True,False,False,False,78
1,0,4.1,6.06,58,11.0014,9,1,0,True,False,False,False,True,False,False,False,96
1,0,5.74,6.82,59,12.998,10,1,0,True,False,False,False,False,True,False,False,126
1,0,6.56,7.575,59,16.9979,11,1,0,True,False,False,False,True,False,False,False,179
1,0,8.2,9.09,55,22.0028,12,1,0,True,False,False,False,True,False,False,False,185
1,0,9.84,9.85,41,27.9993,13,1,0,True,False,False,False,False,True,False,False,228
1,0,9.84,10.605,44,26.0027,14,1,0,True,False,False,False,True,False,False,False,181
1,0,10.66,10.605,44,30.0026,15,1,0,True,False,False,False,True,False,False,False,192
1,0,10.66,11.365,44,23.9994,16,1,0,True,False,False,False,True,False,False,False,180
1,0,10.66,11.365,48,22.0028,17,1,0,True,False,False,False,True,False,False,False,193
1,0,10.66,11.365,52,22.0028,18,1,0,True,False,False,False,True,False,False,False,181
1,0,10.66,12.12,56,19.0012,19,1,0,True,False,False,False,True,False,False,False,144
1,0,10.66,12.12,60,19.0012,20,1,0,True,False,False,False,True,False,False,False,90
1,0,11.48,12.88,52,22.0028,21,1,0,True,False,False,False,True,False,False,False,49
1,0,12.3,13.635,49,23.9994,22,1,0,True,False,False,False,False,True,False,False,43
1,0,10.66,11.365,70,19.9995,23,1,0,True,False,False,False,False,False,True,False,28
0,1,10.66,11.365,70,22.0028,0,1,1,True,False,False,False,False,True,False,False,12
0,1,11.48,12.88,65,23.9994,1,1,1,True,False,False,False,False,True,False,False,2
0,1,11.48,13.635,75,16.9979,2,1,1,True,False,False,False,False,False,True,False,12
0,1,13.12,15.15,66,22.0028,4,1,1,True,False,False,False,False,False,True,False,2
0,1,13.12,15.15,66,22.0028,5,1,1,True,False,False,False,False,False,True,False,13
0,1,12.3,14.395,75,16.9979,6,1,1,True,False,False,False,False,False,True,False,57
0,1,12.3,14.395,81,15.0013,7,1,1,True,False,False,False,False,False,True,False,126
0,1,12.3,14.395,81,19.0012,8,1,1,True,False,False,False,False,False,True,False,93
0,1,13.12,15.15,81,16.9979,9,1,1,True,False,False,False,False,False,True,False,68
0,1,12.3,14.395,87,16.9979,10,1,1,True,False,False,False,False,False,True,False,62
0,1,13.94,17.425,87,7.0015,11,1,1,True,False,False,False,False,True,False,False,75
0,1,13.12,15.15,87,19.0012,12,1,1,True,False,False,False,False,True,False,False,86
0,1,15.58,19.695,76,22.0028,13,1,1,True,False,False,False,False,True,False,False,103
0,1,18.04,21.97,62,32.9975,14,1,1,True,False,False,False,True,False,False,False,132
0,1,18.04,21.97,62,32.9975,15,1,1,True,False,False,False,True,False,False,False,129
0,1,18.86,22.725,63,36.9974,16,1,1,True,False,False,False,True,False,False,False,219
0,1,18.86,22.725,63,30.0026,17,1,1,True,False,False,False,True,False,False,False,462
0,1,18.86,22.725,63,30.0026,18,1,1,True,False,False,False,True,False,False,False,463
0,1,18.86,22.725,63,27.9993,19,1,1,True,False,False,False,True,False,False,False,308
0,1,18.86,22.725,63,23.9994,20,1,1,True,False,False,False,True,False,False,False,180
0,1,18.86,22.725,67,31.0009,21,1,1,True,False,False,False,True,False,False,False,180
0,1,18.86,22.725,72,26.0027,22,1,1,True,False,False,False,True,False,False,False,90
0,1,18.86,22.725,72,26.0027,23,1,1,True,False,False,False,True,False,False,False,61
0,1,18.86,22.725,77,22.0028,0,1,2,True,False,False,False,False,True,False,False,17
0,1,18.86,22.725,77,22.0028,1,1,2,True,False,False,False,False,True,False,False,10
0,1,18.04,21.97,51,32.9975,2,1,2,True,False,False,False,False,True,False,False,2
0,1,18.04,21.97,51,32.9975,3,1,2,True,False,False,False,False,True,False,False,4
0,1,13.94,14.395,46,35.0008,4,1,2,True,False,False,False,True,False,False,False,1
0,1,13.94,14.395,46,35.0008,5,1,2,True,False,False,False,True,False,False,False,29
0,1,13.94,14.395,36,35.0008,6,1,2,True,False,False,False,True,False,False,False,88
0,1,13.12,14.395,42,23.9994,7,1,2,True,False,False,False,True,False,False,False,263
0,1,12.3,13.635,52,27.9993,8,1,2,True,False,False,False,True,False,False,False,489
0,1,11.48,12.88,52,22.0028,9,1,2,True,False,False,False,True,False,False,False,202
0,1,12.3,13.635,42,31.0009,10,1,2,True,False,False,False,True,False,False,False,93
0,1,12.3,13.635,42,26.0027,11,1,2,True,False,False,False,True,False,False,False,114
0,1,12.3,12.88,39,32.9975,12,1,2,True,False,False,False,True,False,False,False,161
0,1,12.3,13.635,42,31.0009,13,1,2,True,False,False,False,True,False,False,False,130
0,1,12.3,13.635,33,26.0027,14,1,2,True,False,False,False,True,False,False,False,105
0,1,12.3,12.88,33,35.0008,15,1,2,True,False,False,False,True,False,False,False,130
0,1,11.48,11.365,30,35.0008,16,1,2,True,False,False,False,True,False,False,False,176
0,1,10.66,10.605,33,30.0026,17,1,2,True,False,False,False,True,False,False,False,346
0,1,9.84,10.605,32,23.9994,18,1,2,True,False,False,False,True,False,False,False,355
0,1,9.02,9.85,37,26.0027,19,1,2,True,False,False,False,True,False,False,False,256
0,1,9.02,10.605,37,16.9979,20,1,2,True,False,False,False,True,False,False,False,165
0,1,8.2,8.335,40,27.9993,21,1,2,True,False,False,False,True,False,False,False,124
0,1,7.38,8.335,47,16.9979,22,1,2,True,False,False,False,True,False,False,False,78
0,1,6.56,6.82,47,19.9995,23,1,2,True,False,False,False,True,False,False,False,38
0,1,5.74,6.82,50,12.998,0,1,3,True,False,False,False,True,False,False,False,16
0,1,5.74,7.575,50,11.0014,1,1,3,True,False,False,False,True,False,False,False,5
0,1,5.74,7.575,50,8.9981,2,1,3,True,False,False,False,True,False,False,False,3
0,1,4.92,7.575,54,7.0015,3,1,3,True,False,False,False,True,False,False,False,4
0,1,4.92,7.575,54,7.0015,4,1,3,True,False,False,False,True,False,False,False,1
0,1,4.92,6.06,55,16.9979,5,1,3,True,False,False,False,True,False,False,False,19
0,1,4.92,6.82,54,11.0014,6,1,3,True,False,False,False,True,False,False,False,86
0,1,4.92,8.335,54,6.0032,7,1,3,True,False,False,False,True,False,False,False,206
0,1,4.92,7.575,54,7.0015,8,1,3,True,False,False,False,True,False,False,False,423
0,1,4.92,9.85,54,0.0,9,1,3,True,False,False,False,True,False,False,False,210
0,1,5.74,10.605,59,0.0,10,1,3,True,False,False,False,True,False,False,False,108
0,1,6.56,8.335,55,11.0014,11,1,3,True,False,False,False,True,False,False,False,99
0,1,8.2,9.85,51,12.998,12,1,3,True,False,False,False,True,False,False,False,111
0,1,9.02,10.605,47,19.0012,13,1,3,True,False,False,False,True,False,False,False,124
0,1,9.84,11.365,44,12.998,14,1,3,True,False,False,False,True,False,False,False,119
0,1,10.66,11.365,44,19.9995,15,1,3,True,False,False,False,True,False,False,False,127
0,1,10.66,11.365,41,22.0028,16,1,3,True,False,False,False,True,False,False,False,193
0,1,10.66,11.365,44,22.0028,17,1,3,True,False,False,False,False,True,False,False,385
0,1,10.66,11.365,44,22.0028,18,1,3,True,False,False,False,False,True,False,False,361
0,1,10.66,11.365,48,19.9995,19,1,3,True,False,False,False,False,True,False,False,234
0,1,10.66,10.605,52,30.0026,20,1,3,True,False,False,False,True,False,False,False,191
0,1,10.66,11.365,44,23.9994,21,1,3,True,False,False,False,True,False,False,False,121
0,1,10.66,11.365,44,27.9993,22,1,3,True,False,False,False,False,True,False,False,90
0,1,10.66,11.365,48,22.0028,23,1,3,True,False,False,False,True,False,False,False,56
0,1,18.04,21.97,38,19.0012,0,2,2,True,False,False,False,True,False,False,False,31
0,1,18.04,21.97,41,19.0012,1,2,2,True,False,False,False,True,False,False,False,4
0,1,18.04,21.97,44,19.0012,2,2,2,True,False,False,False,True,False,False,False,7
0,1,18.04,21.97,44,12.998,3,2,2,True,False,False,False,True,False,False,False,3
0,1,16.4,20.455,50,11.0014,4,2,2,True,False,False,False,True,False,False,False,1
0,1,16.4,20.455,50,11.0014,5,2,2,True,False,False,False,True,False,False,False,18
0,1,16.4,20.455,54,11.0014,6,2,2,True,False,False,False,False,False,True,False,67
0,1,15.58,19.695,62,6.0032,7,2,2,True,False,False,False,False,False,True,False,208
0,1,14.76,18.18,73,7.0015,8,2,2,True,False,False,False,False,False,True,False,520
0,1,14.76,17.425,71,12.998,9,2,2,True,False,False,False,False,True,False,False,276
0,1,16.4,20.455,62,8.9981,10,2,2,True,False,False,False,True,False,False,False,133
0,1,16.4,20.455,58,11.0014,11,2,2,True,False,False,False,True,False,False,False,143
0,1,18.04,21.97,54,7.0015,12,2,2,True,False,False,False,True,False,False,False,179
0,1,18.86,22.725,47,15.0013,13,2,2,True,False,False,False,True,False,False,False,186
0,1,25.42,31.06,33,15.0013,14,2,2,True,False,False,False,True,False,False,False,192
0,1,24.6,31.06,35,19.0012,15,2,2,True,False,False,False,True,False,False,False,194
0,1,24.6,31.06,40,15.0013,16,2,2,True,False,False,False,True,False,False,False,283
0,1,23.78,27.275,43,12.998,17,2,2,True,False,False,False,True,False,False,False,539
0,1,22.96,26.515,46,11.0014,18,2,2,True,False,False,False,True,False,False,False,526
0,1,22.14,25.76,52,19.0012,19,2,2,True,False,False,False,True,False,False,False,335
0,1,21.32,25.0,52,11.0014,20,2,2,True,False,False,False,True,False,False,False,264
0,1,21.32,25.0,52,11.0014,21,2,2,True,False,False,False,True,False,False,False,233
0,1,20.5,24.24,55,12.998,22,2,2,True,False,False,False,True,False,False,False,140
0,1,18.86,22.725,63,6.0032,23,2,2,True,False,False,False,True,False,False,False,97
0,1,18.86,22.725,59,8.9981,0,2,3,True,False,False,False,True,False,False,False,31
0,1,18.86,22.725,55,0.0,1,2,3,True,False,False,False,False,True,False,False,17
0,1,17.22,21.21,67,8.9981,2,2,3,True,False,False,False,False,True,False,False,9
0,1,17.22,21.21,67,8.9981,3,2,3,True,False,False,False,False,True,False,False,2
0,1,16.4,20.455,82,6.0032,4,2,3,True,False,False,False,False,False,True,False,1
0,1,16.4,20.455,82,0.0,5,2,3,True,False,False,False,False,False,True,False,19
0,1,14.76,18.94,90,0.0,6,2,3,True,False,False,False,False,False,True,False,74
0,1,14.76,18.94,93,0.0,7,2,3,True,False,False,False,False,False,True,False,205
0,1,16.4,20.455,87,0.0,8,2,3,True,False,False,False,False,False,True,False,445
0,1,15.58,19.695,87,0.0,9,2,3,True,False,False,False,False,False,True,False,228
0,1,17.22,21.21,77,7.0015,10,2,3,True,False,False,False,False,False,True,False,78
0,1,16.4,20.455,82,16.9979,11,2,3,True,False,False,False,False,False,True,False,105
0,1,17.22,21.21,82,0.0,12,2,3,True,False,False,False,True,False,False,False,148
0,1,17.22,21.21,77,0.0,13,2,3,True,False,False,False,False,True,False,False,137
0,1,16.4,20.455,76,7.0015,14,2,3,True,False,False,False,True,False,False,False,141
0,1,18.86,22.725,67,11.0014,15,2,3,True,False,False,False,True,False,False,False,174
0,1,18.86,22.725,55,19.0012,16,2,3,True,False,False,False,True,False,False,False,229
0,1,17.22,21.21,54,32.9975,17,2,3,True,False,False,False,True,False,False,False,450
0,1,16.4,20.455,43,31.0009,18,2,3,True,False,False,False,True,False,False,False,410
0,1,15.58,19.695,43,35.0008,19,2,3,True,False,False,False,True,False,False,False,327
0,1,14.76,15.91,46,35.0008,20,2,3,True,False,False,False,True,False,False,False,213
0,1,13.94,15.15,46,27.9993,21,2,3,True,False,False,False,True,False,False,False,148
0,1,13.12,14.395,49,27.9993,22,2,3,True,False,False,False,True,False,False,False,109
0,1,13.12,15.15,49,16.9979,23,2,3,True,False,False,False,True,False,False,False,61
0,1,13.12,14.395,53,26.0027,0,2,4,True,False,False,False,True,False,False,False,38
0,1,12.3,13.635,56,22.0028,1,2,4,True,False,False,False,True,False,False,False,22
0,1,12.3,14.395,52,15.0013,2,2,4,True,False,False,False,True,False,False,False,6
0,1,11.48,12.88,56,19.9995,3,2,4,True,False,False,False,True,False,False,False,4
0,1,10.66,12.88,60,15.0013,4,2,4,True,False,False,False,True,False,False,False,2
0,1,10.66,12.88,60,15.0013,5,2,4,True,False,False,False,True,False,False,False,17
0,1,9.84,12.12,65,11.0014,6,2,4,True,False,False,False,True,False,False,False,88
0,1,9.84,11.365,65,15.0013,7,2,4,True,False,False,False,True,False,False,False,226
0,1,9.84,11.365,65,15.0013,8,2,4,True,False,False,False,True,False,False,False,441
0,1,9.84,11.365,65,12.998,9,2,4,True,False,False,False,True,False,False,False,270
0,1,11.48,12.88,56,19.0012,10,2,4,True,False,False,False,True,False,False,False,129
0,1,13.12,15.15,53,19.9995,11,2,4,True,False,False,False,True,False,False,False,164
0,1,13.94,16.665,46,8.9981,12,2,4,True,False,False,False,True,False,False,False,216
0,1,14.76,18.18,46,0.0,13,2,4,True,False,False,False,True,False,False,False,198
0,1,14.76,17.425,46,15.0013,14,2,4,True,False,False,False,True,False,False,False,170
0,1,15.58,19.695,40,0.0,15,2,4,True,False,False,False,True,False,False,False,216
0,1,16.4,20.455,37,7.0015,16,2,4,True,False,False,False,True,False,False,False,311
0,1,16.4,20.455,37,6.0032,17,2,4,True,False,False,False,True,False,False,False,488
0,1,15.58,19.695,40,8.9981,18,2,4,True,False,False,False,True,False,False,False,385
0,1,13.94,17.425,49,7.0015,19,2,4,True,False,False,False,True,False,False,False,267
0,1,13.94,17.425,49,7.0015,20,2,4,True,False,False,False,True,False,False,False,163
0,1,13.94,17.425,49,7.0015,21,2,4,True,False,False,False,True,False,False,False,134
0,1,13.94,17.425,49,7.0015,22,2,4,True,False,False,False,True,False,False,False,119
0,1,10.66,13.635,70,7.0015,23,2,4,True,False,False,False,True,False,False,False,77
0,0,10.66,13.635,70,7.0015,0,2,5,True,False,False,False,True,False,False,False,86
0,0,10.66,13.635,70,7.0015,1,2,5,True,False,False,False,True,False,False,False,43
0,0,9.84,12.88,70,6.0032,2,2,5,True,False,False,False,True,False,False,False,44
0,0,9.84,14.395,75,0.0,3,2,5,True,False,False,False,True,False,False,False,18
0,0,9.84,12.88,81,6.0032,4,2,5,True,False,False,False,True,False,False,False,6
0,0,9.84,12.88,81,6.0032,5,2,5,True,False,False,False,True,False,False,False,4
0,0,9.02,11.365,87,8.9981,6,2,5,True,False,False,False,True,False,False,False,5
0,0,9.84,12.12,87,8.9981,7,2,5,True,False,False,False,False,True,False,False,28
0,0,9.84,14.395,87,0.0,8,2,5,True,False,False,False,True,False,False,False,90
0,0,9.84,12.12,81,8.9981,9,2,5,True,False,False,False,True,False,False,False,157
0,0,9.84,12.88,87,7.0015,10,2,5,True,False,False,False,True,False,False,False,224
0,0,12.3,16.665,70,0.0,11,2,5,True,False,False,False,True,False,False,False,270
0,0,12.3,15.91,70,6.0032,12,2,5,True,False,False,False,False,True,False,False,300
0,0,12.3,14.395,70,12.998,13,2,5,True,False,False,False,False,True,False,False,302
0,0,13.12,15.15,66,15.0013,14,2,5,True,False,False,False,False,True,False,False,276
0,0,13.12,15.15,66,15.0013,15,2,5,True,False,False,False,False,True,False,False,305
0,0,13.94,16.665,61,11.0014,16,2,5,True,False,False,False,False,True,False,False,143
0,0,12.3,14.395,70,12.998,17,2,5,True,False,False,False,False,False,True,False,67
0,0,11.48,13.635,75,11.0014,18,2,5,True,False,False,False,False,False,True,False,64
0,0,10.66,13.635,87,8.9981,19,2,5,True,False,False,False,False,False,True,False,80
0,0,9.84,11.365,93,12.998,20,2,5,True,False,False,False,False,False,True,False,77
0,0,9.84,12.12,93,8.9981,21,2,5,True,False,False,False,False,False,True,False,78
0,0,9.84,12.88,87,6.0032,22,2,5,True,False,False,False,False,True,False,False,95
0,0,9.84,12.12,87,8.9981,23,2,5,True,False,False,False,False,True,False,False,70
0,0,9.84,12.12,87,8.9981,0,2,6,True,False,False,False,False,True,False,False,61
0,0,9.84,12.88,93,7.0015,1,2,6,True,False,False,False,False,True,False,False,51
0,0,9.84,12.88,93,7.0015,2,2,6,True,False,False,False,False,True,False,False,63
0,0,9.84,12.88,87,6.0032,3,2,6,True,False,False,False,False,False,True,False,17
0,0,9.84,12.12,87,8.9981,4,2,6,True,False,False,False,False,True,False,False,9
0,0,10.66,12.88,81,12.998,5,2,6,True,False,False,False,False,False,True,False,4
0,0,10.66,12.12,70,16.9979,6,2,6,True,False,False,False,False,True,False,False,4
0,0,9.84,12.12,75,11.0014,7,2,6,True,False,False,False,False,True,False,False,16
0,0,9.84,12.12,75,11.0014,8,2,6,True,False,False,False,False,True,False,False,62
0,0,9.84,11.365,70,15.0013,9,2,6,True,False,False,False,False,True,False,False,92
0,0,10.66,12.12,65,19.0012,10,2,6,True,False,False,False,False,True,False,False,148
0,0,10.66,12.88,70,12.998,11,2,6,True,False,False,False,False,True,False,False,182
0,0,10.66,12.88,65,12.998,12,2,6,True,False,False,False,False,True,False,False,248
0,0,11.48,13.635,61,11.0014,13,2,6,True,False,False,False,False,True,False,False,274
0,0,12.3,15.15,61,11.0014,14,2,6,True,False,False,False,True,False,False,False,243
0,0,12.3,14.395,56,16.9979,15,2,6,True,False,False,False,False,True,False,False,272
0,0,12.3,14.395,56,15.0013,16,2,6,True,False,False,False,True,False,False,False,296
0,0,13.12,15.91,53,11.0014,17,2,6,True,False,False,False,True,False,False,False,306
0,0,12.3,14.395,52,16.9979,18,2,6,True,False,False,False,True,False,False,False,181
0,0,12.3,14.395,52,15.0013,19,2,6,True,False,False,False,True,False,False,False,69
0,0,11.48,13.635,56,12.998,20,2,6,True,False,False,False,True,False,False,False,50
0,0,11.48,14.395,56,7.0015,21,2,6,True,False,False,False,True,False,False,False,66
0,0,10.66,13.635,60,7.0015,22,2,6,True,False,False,False,True,False,False,False,191
0,0,9.84,12.12,70,8.9981,23,2,6,True,False,False,False,True,False,False,False,42
0,1,9.84,12.12,65,8.9981,0,2,0,True,False,False,False,True,False,False,False,21
0,1,9.02,12.88,75,6.0032,1,2,0,True,False,False,False,True,False,False,False,6
0,1,9.02,13.635,75,0.0,2,2,0,True,False,False,False,True,False,False,False,3
0,1,7.38,10.605,80,7.0015,4,2,0,True,False,False,False,True,False,False,False,2
0,1,7.38,10.605,80,7.0015,5,2,0,True,False,False,False,True,False,False,False,17
0,1,6.56,9.09,86,7.0015,6,2,0,True,False,False,False,True,False,False,False,72
0,1,6.56,9.09,86,7.0015,7,2,0,True,False,False,False,True,False,False,False,234
0,1,6.56,9.09,86,8.9981,8,2,0,True,False,False,False,True,False,False,False,444
0,1,7.38,10.605,80,7.0015,9,2,0,True,False,False,False,True,False,False,False,277
0,1,9.02,12.12,75,7.0015,10,2,0,True,False,False,False,True,False,False,False,116
0,1,10.66,13.635,70,8.9981,11,2,0,True,False,False,False,True,False,False,False,116
0,1,13.12,15.91,61,11.0014,12,2,0,True,False,False,False,True,False,False,False,150
0,1,15.58,19.695,40,15.0013,13,2,0,True,False,False,False,True,False,False,False,141
0,1,16.4,20.455,35,11.0014,14,2,0,True,False,False,False,True,False,False,False,140
0,1,17.22,21.21,32,19.0012,15,2,0,True,False,False,False,True,False,False,False,171
0,1,16.4,20.455,43,16.9979,16,2,0,True,False,False,False,True,False,False,False,228
0,1,16.4,20.455,43,16.9979,17,2,0,True,False,False,False,True,False,False,False,430
0,1,15.58,19.695,43,15.0013,18,2,0,True,False,False,False,True,False,False,False,437
0,1,14.76,16.665,43,16.9979,19,2,0,True,False,False,False,True,False,False,False,291
0,1,13.94,16.665,46,11.0014,20,2,0,True,False,False,False,True,False,False,False,201
0,1,13.12,15.91,57,11.0014,21,2,0,True,False,False,False,True,False,False,False,154
0,1,12.3,15.15,65,8.9981,22,2,0,True,False,False,False,True,False,False,False,87
0,1,12.3,15.15,65,8.9981,23,2,0,True,False,False,False,True,False,False,False,46
0,1,12.3,14.395,70,12.998,0,2,1,True,False,False,False,True,False,False,False,23
0,1,11.48,14.395,61,8.9981,1,2,1,True,False,False,False,True,False,False,False,14
0,1,12.3,16.665,61,0.0,2,2,1,True,False,False,False,True,False,False,False,4
0,1,12.3,16.665,70,0.0,3,2,1,True,False,False,False,False,True,False,False,2
0,1,12.3,16.665,70,0.0,4,2,1,True,False,False,False,False,True,False,False,3
0,1,13.12,16.665,49,6.0032,5,2,1,True,False,False,False,True,False,False,False,15
0,1,13.12,15.15,45,19.9995,6,2,1,True,False,False,False,True,False,False,False,100
0,1,13.12,17.425,45,0.0,7,2,1,True,False,False,False,True,False,False,False,299
0,1,12.3,15.91,49,0.0,8,2,1,True,False,False,False,True,False,False,False,529
0,1,13.12,16.665,49,0.0,9,2,1,True,False,False,False,True,False,False,False,289
0,1,13.94,16.665,46,11.0014,10,2,1,True,False,False,False,True,False,False,False,116
0,1,14.76,17.425,46,12.998,11,2,1,True,False,False,False,True,False,False,False,129
0,1,16.4,20.455,40,22.0028,12,2,1,True,False,False,False,True,False,False,False,172
0,1,18.04,21.97,38,16.9979,13,2,1,True,False,False,False,True,False,False,False,184
0,1,18.04,21.97,38,16.9979,14,2,1,True,False,False,False,True,False,False,False,138
0,1,18.04,21.97,38,12.998,15,2,1,True,False,False,False,True,False,False,False,146
0,1,18.04,21.97,35,16.9979,16,2,1,True,False,False,False,True,False,False,False,276
0,1,18.04,21.97,35,12.998,17,2,1,True,False,False,False,True,False,False,False,509
0,1,17.22,21.21,38,12.998,18,2,1,True,False,False,False,True,False,False,False,518
0,1,15.58,19.695,43,15.0013,19,2,1,True,False,False,False,True,False,False,False,338
0,1,14.76,17.425,50,8.9981,20,2,1,True,False,False,False,True,False,False,False,212
0,1,13.94,17.425,61,7.0015,21,2,1,True,False,False,False,True,False,False,False,190
0,1,13.12,15.91,57,12.998,22,2,1,True,False,False,False,True,False,False,False,118
0,1,13.12,16.665,57,8.9981,23,2,1,True,False,False,False,True,False,False,False,51
0,1,12.3,14.395,56,15.0013,0,2,2,True,False,False,False,True,False,False,False,23
0,1,11.48,13.635,61,11.0014,1,2,2,True,False,False,False,True,False,False,False,10
0,1,10.66,15.15,65,0.0,2,2,2,True,False,False,False,True,False,False,False,1
0,1,10.66,15.15,65,0.0,3,2,2,True,False,False,False,True,False,False,False,1
0,1,9.84,12.88,70,6.0032,4,2,2,True,False,False,False,True,False,False,False,1
0,1,9.84,12.88,70,6.0032,5,2,2,True,False,False,False,True,False,False,False,20
0,1,9.84,14.395,70,0.0,6,2,2,True,False,False,False,False,True,False,False,98
0,1,9.84,12.88,70,7.0015,7,2,2,True,False,False,False,False,True,False,False,281
0,1,9.84,11.365,70,15.0013,8,2,2,True,False,False,False,False,True,False,False,508
0,1,9.84,12.88,70,11.0014,9,2,2,True,False,False,False,False,True,False,False,253
0,1,10.66,12.88,70,15.0013,10,2,2,True,False,False,False,False,True,False,False,108
0,1,10.66,12.88,65,15.0013,11,2,2,True,False,False,False,False,True,False,False,102
0,1,11.48,12.88,65,19.0012,12,2,2,True,False,False,False,False,True,False,False,138
0,1,11.48,14.395,61,7.0015,13,2,2,True,False,False,False,False,True,False,False,126
0,1,12.3,15.15,56,11.0014,14,2,2,True,False,False,False,False,True,False,False,108
0,1,12.3,15.91,61,7.0015,15,2,2,True,False,False,False,False,False,True,False,54
0,1,10.66,13.635,81,7.0015,16,2,2,True,False,False,False,False,False,True,False,75
0,1,9.84,12.88,87,7.0015,17,2,2,True,False,False,False,False,False,True,False,155
0,1,9.84,12.88,87,7.0015,18,2,2,True,False,False,False,False,False,True,False,167
0,1,9.84,12.88,87,7.0015,19,2,2,True,False,False,False,False,False,True,False,161
0,1,9.84,12.12,87,8.9981,20,2,2,True,False,False,False,False,False,True,False,125
0,1,9.84,11.365,87,12.998,21,2,2,True,False,False,False,False,False,True,False,129
0,1,9.84,12.12,87,8.9981,22,2,2,True,False,False,False,False,True,False,False,98
0,1,9.84,12.12,87,11.0014,23,2,2,True,False,False,False,False,True,False,False,60
0,1,9.84,12.12,87,11.0014,0,2,3,True,False,False,False,False,True,False,False,26
0,1,9.84,12.12,87,8.9981,1,2,3,True,False,False,False,False,True,False,False,12
0,1,9.02,11.365,80,8.9981,2,2,3,True,False,False,False,True,False,False,False,2
0,1,9.02,10.605,80,19.0012,3,2,3,True,False,False,False,True,False,False,False,4
0,1,9.02,9.85,75,30.0026,4,2,3,True,False,False,False,False,True,False,False,1
0,1,8.2,9.09,75,19.0012,5,2,3,True,False,False,False,True,False,False,False,18
0,1,8.2,9.09,75,19.0012,6,2,3,True,False,False,False,True,False,False,False,76
0,1,8.2,9.85,69,16.9979,7,2,3,True,False,False,False,True,False,False,False,267
0,1,8.2,9.85,64,16.9979,8,2,3,True,False,False,False,True,False,False,False,484
0,1,8.2,9.85,59,15.0013,9,2,3,True,False,False,False,True,False,False,False,238
0,1,9.02,10.605,51,15.0013,10,2,3,True,False,False,False,True,False,False,False,97
0,1,9.84,11.365,52,15.0013,11,2,3,True,False,False,False,True,False,False,False,99
0,1,10.66,11.365,48,22.0028,12,2,3,True,False,False,False,True,False,False,False,158
0,1,12.3,13.635,42,22.0028,13,2,3,True,False,False,False,True,False,False,False,154
0,1,13.12,15.15,39,19.9995,14,2,3,True,False,False,False,True,False,False,False,144
0,1,13.12,15.15,36,19.9995,15,2,3,True,False,False,False,True,False,False,False,134
0,1,13.94,16.665,36,0.0,16,2,3,True,False,False,False,True,False,False,False,238
0,1,13.94,16.665,34,8.9981,17,2,3,True,False,False,False,True,False,False,False,399
0,1,13.94,16.665,31,11.0014,18,2,3,True,False,False,False,True,False,False,False,417
0,1,13.12,16.665,33,7.0015,19,2,3,True,False,False,False,True,False,False,False,295
0,1,13.12,17.425,36,0.0,20,2,3,True,False,False,False,True,False,False,False,199
0,1,12.3,15.91,52,6.0032,21,2,3,True,False,False,False,True,False,False,False,177
0,1,12.3,16.665,56,0.0,22,2,3,True,False,False,False,False,True,False,False,107
0,1,12.3,16.665,52,0.0,23,2,3,True,False,False,False,False,True,False,False,84
0,1,11.48,15.15,65,6.0032,0,2,4,True,False,False,False,False,True,False,False,43
0,1,11.48,15.15,61,6.0032,1,2,4,True,False,False,False,False,True,False,False,13
0,1,10.66,14.395,52,6.0032,2,2,4,True,False,False,False,True,False,False,False,16
0,1,10.66,14.395,56,6.0032,3,2,4,True,False,False,False,True,False,False,False,5
0,1,10.66,14.395,56,6.0032,4,2,4,True,False,False,False,True,False,False,False,2
0,1,9.84,11.365,52,15.0013,5,2,4,True,False,False,False,True,False,False,False,17
0,1,8.2,9.85,59,12.998,6,2,4,True,False,False,False,True,False,False,False,64
0,1,8.2,10.605,59,11.0014,7,2,4,True,False,False,False,True,False,False,False,230
0,1,8.2,10.605,59,11.0014,8,2,4,True,False,False,False,True,False,False,False,448
0,1,9.02,11.365,55,11.0014,9,2,4,True,False,False,False,True,False,False,False,275
0,1,10.66,13.635,48,8.9981,10,2,4,True,False,False,False,False,True,False,False,124
0,1,11.48,14.395,45,7.0015,11,2,4,True,False,False,False,False,True,False,False,153
0,1,12.3,15.15,42,8.9981,12,2,4,True,False,False,False,False,True,False,False,176
0,1,12.3,15.91,42,6.0032,13,2,4,True,False,False,False,False,True,False,False,192
0,1,13.12,16.665,39,6.0032,14,2,4,True,False,False,False,False,True,False,False,146
0,1,13.12,16.665,45,8.9981,15,2,4,True,False,False,False,False,True,False,False,191
0,1,13.94,15.91,42,16.9979,16,2,4,True,False,False,False,False,True,False,False,268
0,1,13.94,16.665,42,12.998,17,2,4,True,False,False,False,False,True,False,False,396
0,1,12.3,15.15,61,8.9981,18,2,4,True,False,False,False,False,False,True,False,359
0,1,13.12,17.425,57,0.0,19,2,4,True,False,False,False,False,True,False,False,262
0,1,13.12,17.425,57,0.0,20,2,4,True,False,False,False,False,True,False,False,151
0,1,13.12,16.665,66,6.0032,21,2,4,True,False,False,False,False,True,False,False,122
0,1,13.12,17.425,66,0.0,22,2,4,True,False,False,False,False,True,False,False,113
0,1,12.3,15.91,70,6.0032,23,2,4,True,False,False,False,False,True,False,False,65
0,0,12.3,15.15,70,8.9981,0,2,5,True,False,False,False,False,True,False,False,53
0,0,11.48,14.395,81,8.9981,1,2,5,True,False,False,False,False,False,True,False,45
0,0,10.66,12.88,81,12.998,2,2,5,True,False,False,False,False,False,True,False,26
0,0,9.84,11.365,87,15.0013,3,2,5,True,False,False,False,False,False,True,False,9
0,0,9.84,11.365,87,15.0013,4,2,5,True,False,False,False,False,False,True,False,4
0,0,9.02,11.365,93,11.0014,5,2,5,True,False,False,False,False,False,True,False,2
0,0,9.02,11.365,93,8.9981,6,2,5,True,False,False,False,False,False,True,False,9
0,0,9.02,11.365,93,8.9981,7,2,5,True,False,False,False,False,False,True,False,19
0,0,9.02,11.365,93,8.9981,8,2,5,True,False,False,False,False,False,True,False,78
0,0,9.02,12.12,93,7.0015,9,2,5,True,False,False,False,False,False,True,False,90
0,0,9.02,12.12,93,7.0015,10,2,5,True,False,False,False,False,False,True,False,166
0,0,9.84,12.88,81,7.0015,11,2,5,True,False,False,False,False,True,False,False,183
0,0,10.66,12.88,81,11.0014,12,2,5,True,False,False,False,False,True,False,False,221
0,0,10.66,12.12,81,19.0012,13,2,5,True,False,False,False,False,True,False,False,235
0,0,10.66,12.12,81,16.9979,14,2,5,True,False,False,False,False,True,False,False,243
0,0,12.3,13.635,61,19.9995,15,2,5,True,False,False,False,False,True,False,False,124
0,0,9.02,9.85,75,27.9993,16,2,5,True,False,False,False,False,False,True,False,146
0,0,9.02,9.09,69,31.0009,17,2,5,True,False,False,False,False,False,True,False,144
0,0,9.02,9.09,47,43.9989,18,2,5,True,False,False,False,False,True,False,False,108
0,0,8.2,7.575,40,36.9974,19,2,5,True,False,False,False,False,True,False,False,87
0,0,6.56,6.06,43,36.9974,20,2,5,True,False,False,False,False,True,False,False,63
0,0,5.74,3.79,43,43.0006,21,2,5,True,False,False,False,True,False,False,False,48
0,0,5.74,5.305,39,26.0027,22,2,5,True,False,False,False,False,True,False,False,46
0,0,4.92,3.79,50,32.9975,23,2,5,True,False,False,False,False,False,True,False,20
0,0,4.1,3.79,68,26.0027,0,2,6,True,False,False,False,False,False,True,False,21
0,0,3.28,2.275,79,31.0009,1,2,6,True,False,False,False,False,False,True,False,24
0,0,4.1,3.03,58,39.0007,2,2,6,True,False,False,False,False,True,False,False,27
0,0,4.1,2.275,46,46.0022,3,2,6,True,False,False,False,False,True,False,False,14
0,0,4.1,2.275,46,47.9988,4,2,6,True,False,False,False,False,True,False,False,1
0,0,4.1,3.79,49,26.0027,5,2,6,True,False,False,False,True,False,False,False,3
0,0,4.1,3.79,49,26.0027,6,2,6,True,False,False,False,True,False,False,False,2
0,0,3.28,4.545,53,12.998,7,2,6,True,False,False,False,True,False,False,False,18
0,0,3.28,3.79,53,16.9979,8,2,6,True,False,False,False,True,False,False,False,26
0,0,4.1,4.545,49,19.9995,9,2,6,True,False,False,False,True,False,False,False,63
0,0,4.92,5.305,42,23.9994,10,2,6,True,False,False,False,True,False,False,False,91
0,0,4.92,5.305,42,19.9995,11,2,6,True,False,False,False,True,False,False,False,124
0,0,5.74,3.79,39,43.0006,12,2,6,True,False,False,False,True,False,False,False,140
0,0,6.56,6.06,40,30.0026,13,2,6,True,False,False,False,True,False,False,False,138
0,0,6.56,6.06,40,35.0008,14,2,6,True,False,False,False,True,False,False,False,111
0,0,6.56,6.06,40,36.9974,15,2,6,True,False,False,False,True,False,False,False,155
0,0,8.2,8.335,34,31.0009,16,2,6,True,False,False,False,True,False,False,False,164
0,0,7.38,7.575,37,27.9993,17,2,6,True,False,False,False,True,False,False,False,87
0,0,6.56,6.06,40,31.0009,18,2,6,True,False,False,False,True,False,False,False,96
0,0,6.56,6.82,40,19.0012,19,2,6,True,False,False,False,True,False,False,False,80
0,0,5.74,6.06,42,22.0028,20,2,6,True,False,False,False,True,False,False,False,57
0,0,5.74,6.06,43,19.9995,21,2,6,True,False,False,False,True,False,False,False,36
0,0,5.74,7.575,43,11.0014,22,2,6,True,False,False,False,True,False,False,False,28
0,0,5.74,6.82,43,15.0013,23,2,6,True,False,False,False,True,False,False,False,23
0,1,5.74,6.82,46,15.0013,0,2,0,True,False,False,False,True,False,False,False,9
0,1,4.92,6.06,50,15.0013,1,2,0,True,False,False,False,True,False,False,False,6
0,1,5.74,6.82,46,12.998,2,2,0,True,False,False,False,True,False,False,False,4
0,1,4.92,7.575,54,7.0015,3,2,0,True,False,False,False,True,False,False,False,1
0,1,4.92,8.335,54,6.0032,4,2,0,True,False,False,False,True,False,False,False,2
0,1,4.1,6.06,58,8.9981,5,2,0,True,False,False,False,True,False,False,False,17
0,1,4.1,5.305,54,15.0013,6,2,0,True,False,False,False,True,False,False,False,72
0,1,4.1,5.305,54,12.998,7,2,0,True,False,False,False,True,False,False,False,195
0,1,4.1,6.06,54,8.9981,8,2,0,True,False,False,False,True,False,False,False,417
0,1,4.92,6.82,50,12.998,9,2,0,True,False,False,False,True,False,False,False,205
0,1,5.74,7.575,50,8.9981,10,2,0,True,False,False,False,True,False,False,False,71
0,1,9.02,11.365,37,12.998,11,2,0,True,False,False,False,True,False,False,False,90
0,1,11.48,12.88,28,22.0028,12,2,0,True,False,False,False,True,False,False,False,118
0,1,13.12,15.15,22,15.0013,13,2,0,True,False,False,False,True,False,False,False,140
0,1,13.94,17.425,23,7.0015,14,2,0,True,False,False,False,True,False,False,False,135
0,1,14.76,17.425,27,8.9981,15,2,0,True,False,False,False,True,False,False,False,155
0,1,14.76,17.425,23,12.998,16,2,0,True,False,False,False,True,False,False,False,211
0,1,14.76,17.425,23,12.998,17,2,0,True,False,False,False,True,False,False,False,407
0,1,13.94,15.91,25,16.9979,18,2,0,True,False,False,False,True,False,False,False,405
0,1,13.94,16.665,25,8.9981,19,2,0,True,False,False,False,True,False,False,False,263
0,1,12.3,15.15,42,11.0014,20,2,0,True,False,False,False,True,False,False,False,214
0,1,11.48,14.395,45,8.9981,21,2,0,True,False,False,False,True,False,False,False,147
0,1,10.66,13.635,56,7.0015,22,2,0,True,False,False,False,True,False,False,False,102
0,1,11.48,15.91,41,0.0,23,2,0,True,False,False,False,True,False,False,False,36
0,1,10.66,15.15,60,0.0,0,2,1,True,False,False,False,False,True,False,False,14
0,1,10.66,15.15,56,0.0,1,2,1,True,False,False,False,False,True,False,False,6
0,1,11.48,15.91,41,0.0,2,2,1,True,False,False,False,False,True,False,False,3
0,1,10.66,15.15,52,0.0,3,2,1,True,False,False,False,False,True,False,False,3
0,1,10.66,13.635,65,7.0015,4,2,1,True,False,False,False,False,True,False,False,2
0,1,10.66,13.635,65,7.0015,5,2,1,True,False,False,False,False,True,False,False,22
0,1,10.66,15.15,56,0.0,6,2,1,True,False,False,False,False,True,False,False,90
0,1,9.84,12.88,60,6.0032,7,2,1,True,False,False,False,False,True,False,False,280
0,1,9.84,14.395,70,0.0,8,2,1,True,False,False,False,False,True,False,False,513
0,1,10.66,14.395,56,6.0032,9,2,1,True,False,False,False,False,True,False,False,262
0,1,10.66,13.635,60,8.9981,10,2,1,True,False,False,False,False,True,False,False,98
0,1,12.3,15.15,45,11.0014,11,2,1,True,False,False,False,False,True,False,False,112
0,1,12.3,14.395,52,15.0013,12,2,1,True,False,False,False,False,True,False,False,172
0,1,14.76,16.665,40,16.9979,13,2,1,True,False,False,False,False,True,False,False,173
0,1,16.4,20.455,40,15.0013,14,2,1,True,False,False,False,True,False,False,False,124
0,1,17.22,21.21,38,30.0026,15,2,1,True,False,False,False,False,True,False,False,145
0,1,17.22,21.21,35,19.9995,16,2,1,True,False,False,False,True,False,False,False,266
0,1,17.22,21.21,38,23.9994,17,2,1,True,False,False,False,True,False,False,False,523
0,1,15.58,19.695,46,19.9995,18,2,1,True,False,False,False,False,True,False,False,406
0,1,14.76,17.425,50,11.0014,19,2,1,True,False,False,False,False,True,False,False,281
0,1,15.58,19.695,46,8.9981,20,2,1,True,False,False,False,False,True,False,False,184
0,1,14.76,18.18,50,7.0015,21,2,1,True,False,False,False,False,True,False,False,109
0,1,14.76,18.18,50,7.0015,22,2,1,True,False,False,False,False,True,False,False,77
0,1,14.76,18.18,50,6.0032,23,2,1,True,False,False,False,False,True,False,False,57
0,1,13.12,17.425,57,0.0,0,2,2,True,False,False,False,True,False,False,False,22
0,1,13.94,18.18,53,0.0,1,2,2,True,False,False,False,True,False,False,False,5
0,1,12.3,16.665,61,0.0,2,2,2,True,False,False,False,True,False,False,False,4
0,1,11.48,15.91,75,0.0,3,2,2,True,False,False,False,True,False,False,False,3
0,1,11.48,14.395,70,7.0015,4,2,2,True,False,False,False,True,False,False,False,1
0,1,11.48,14.395,70,7.0015,5,2,2,True,False,False,False,True,False,False,False,25
0,1,12.3,15.15,61,8.9981,6,2,2,True,False,False,False,True,False,False,False,95
0,1,12.3,14.395,65,12.998,7,2,2,True,False,False,False,False,True,False,False,321
0,1,13.12,14.395,61,23.9994,8,2,2,True,False,False,False,True,False,False,False,515
0,1,13.12,15.15,61,22.0028,9,2,2,True,False,False,False,True,False,False,False,231
0,1,13.94,15.15,57,19.9995,10,2,2,True,False,False,False,True,False,False,False,120
0,1,14.76,16.665,53,19.0012,11,2,2,True,False,False,False,True,False,False,False,138
0,1,15.58,19.695,46,26.0027,12,2,2,True,False,False,False,True,False,False,False,163
0,1,16.4,20.455,43,19.0012,13,2,2,True,False,False,False,True,False,False,False,170
0,1,17.22,21.21,41,23.9994,14,2,2,True,False,False,False,True,False,False,False,134
0,1,17.22,21.21,41,15.0013,15,2,2,True,False,False,False,True,False,False,False,171
0,1,17.22,21.21,38,12.998,16,2,2,True,False,False,False,True,False,False,False,231
0,1,17.22,21.21,38,12.998,17,2,2,True,False,False,False,True,False,False,False,487
0,1,16.4,20.455,40,15.0013,18,2,2,True,False,False,False,True,False,False,False,468
0,1,15.58,19.695,43,11.0014,19,2,2,True,False,False,False,True,False,False,False,311
0,1,14.76,17.425,46,11.0014,20,2,2,True,False,False,False,True,False,False,False,211
0,1,13.94,16.665,53,11.0014,21,2,2,True,False,False,False,True,False,False,False,178
0,1,13.94,17.425,49,7.0015,22,2,2,True,False,False,False,True,False,False,False,107
0,1,13.94,17.425,53,6.0032,23,2,2,True,False,False,False,True,False,False,False,58
0,1,12.3,15.15,70,8.9981,0,2,3,True,False,False,False,False,True,False,False,23
0,1,12.3,16.665,70,0.0,1,2,3,True,False,False,False,False,True,False,False,5
0,1,12.3,15.91,70,6.0032,2,2,3,True,False,False,False,False,True,False,False,7
0,1,12.3,16.665,61,0.0,3,2,3,True,False,False,False,False,True,False,False,1
0,1,12.3,15.91,70,6.0032,4,2,3,True,False,False,False,False,False,True,False,3
0,1,12.3,16.665,70,0.0,5,2,3,True,False,False,False,False,True,False,False,20
0,1,12.3,15.91,70,6.0032,6,2,3,True,False,False,False,False,True,False,False,87
0,1,12.3,15.15,70,8.9981,7,2,3,True,False,False,False,False,True,False,False,288
0,1,12.3,15.91,70,6.0032,8,2,3,True,False,False,False,False,True,False,False,498
0,1,12.3,15.15,70,11.0014,9,2,3,True,False,False,False,False,True,False,False,202
0,1,13.12,16.665,70,8.9981,10,2,3,True,False,False,False,False,False,True,False,44
0,1,13.12,16.665,70,7.0015,11,2,3,True,False,False,False,False,False,True,False,71
0,1,13.12,16.665,76,6.0032,12,2,3,True,False,False,False,False,False,True,False,45
0,1,13.94,15.91,71,16.9979,13,2,3,True,False,False,False,False,False,True,False,64
0,1,13.12,15.91,81,12.998,14,2,3,True,False,False,False,False,False,True,False,31
0,1,13.94,18.18,76,0.0,15,2,3,True,False,False,False,False,False,True,False,53
0,1,13.94,18.18,81,0.0,16,2,3,True,False,False,False,False,False,True,False,118
0,1,13.94,18.18,87,0.0,17,2,3,True,False,False,False,False,False,True,False,289
0,1,13.94,16.665,87,8.9981,18,2,3,True,False,False,False,False,False,True,False,353
0,1,13.12,15.91,87,11.0014,19,2,3,True,False,False,False,False,True,False,False,258
0,1,13.12,16.665,87,8.9981,20,2,3,True,False,False,False,False,True,False,False,216
0,1,13.94,17.425,81,7.0015,21,2,3,True,False,False,False,False,True,False,False,145
0,1,13.12,17.425,81,0.0,22,2,3,True,False,False,False,False,True,False,False,111
0,1,13.12,16.665,81,6.0032,23,2,3,True,False,False,False,True,False,False,False,73
0,1,12.3,16.665,87,0.0,0,2,4,True,False,False,False,False,True,False,False,34
0,1,12.3,16.665,93,0.0,1,2,4,True,False,False,False,False,True,False,False,18
0,1,12.3,15.91,93,7.0015,2,2,4,True,False,False,False,False,True,False,False,12
0,1,11.48,14.395,93,7.0015,3,2,4,True,False,False,False,False,True,False,False,1
0,1,11.48,13.635,93,12.998,4,2,4,True,False,False,False,False,True,False,False,1
0,1,11.48,13.635,93,11.0014,5,2,4,True,False,False,False,False,True,False,False,16
0,1,11.48,14.395,96,8.9981,6,2,4,True,False,False,False,False,True,False,False,71
0,1,11.48,14.395,93,7.0015,7,2,4,True,False,False,False,False,True,False,False,226
0,1,10.66,15.15,100,0.0,8,2,4,True,False,False,False,False,True,False,False,520
0,1,10.66,15.15,100,0.0,9,2,4,True,False,False,False,False,True,False,False,283
0,1,13.94,15.91,71,19.0012,10,2,4,True,False,False,False,True,False,False,False,116
0,1,14.76,16.665,62,27.9993,11,2,4,True,False,False,False,True,False,False,False,142
0,1,15.58,19.695,46,26.0027,12,2,4,True,False,False,False,True,False,False,False,198
0,1,16.4,20.455,43,23.9994,13,2,4,True,False,False,False,True,False,False,False,205
0,1,16.4,20.455,37,23.9994,14,2,4,True,False,False,False,True,False,False,False,170
0,1,17.22,21.21,35,27.9993,15,2,4,True,False,False,False,True,False,False,False,221
0,1,17.22,21.21,32,19.9995,16,2,4,True,False,False,False,True,False,False,False,307
0,1,17.22,21.21,32,22.0028,17,2,4,True,False,False,False,True,False,False,False,465
0,1,16.4,20.455,35,16.9979,18,2,4,True,False,False,False,True,False,False,False,377
0,1,15.58,19.695,37,15.0013,19,2,4,True,False,False,False,True,False,False,False,282
0,1,16.4,20.455,35,12.998,20,2,4,True,False,False,False,True,False,False,False,171
0,1,15.58,19.695,37,12.998,21,2,4,True,False,False,False,True,False,False,False,129
0,1,14.76,17.425,40,15.0013,22,2,4,True,False,False,False,True,False,False,False,107
0,1,14.76,17.425,40,12.998,23,2,4,True,False,False,False,True,False,False,False,82
0,0,13.94,16.665,42,11.0014,0,2,5,True,False,False,False,True,False,False,False,86
0,0,13.12,15.91,49,11.0014,1,2,5,True,False,False,False,True,False,False,False,45
0,0,12.3,14.395,61,16.9979,2,2,5,True,False,False,False,True,False,False,False,45
0,0,11.48,14.395,65,7.0015,3,2,5,True,False,False,False,True,False,False,False,18
0,0,10.66,15.15,70,0.0,4,2,5,True,False,False,False,True,False,False,False,7
0,0,9.84,12.88,70,6.0032,5,2,5,True,False,False,False,True,False,False,False,1
0,0,9.84,14.395,70,0.0,6,2,5,True,False,False,False,True,False,False,False,9
0,0,9.84,14.395,70,0.0,7,2,5,True,False,False,False,True,False,False,False,41
0,0,9.02,13.635,87,0.0,8,2,5,True,False,False,False,True,False,False,False,102
0,0,9.02,12.12,80,7.0015,9,2,5,True,False,False,False,True,False,False,False,138
0,0,10.66,13.635,81,7.0015,10,2,5,True,False,False,False,True,False,False,False,205
0,0,13.12,16.665,57,8.9981,11,2,5,True,False,False,False,True,False,False,False,286
0,0,14.76,17.425,43,12.998,12,2,5,True,False,False,False,True,False,False,False,369
0,0,16.4,20.455,43,19.0012,13,2,5,True,False,False,False,True,False,False,False,384
0,0,18.04,21.97,35,23.9994,14,2,5,True,False,False,False,True,False,False,False,427
0,0,17.22,21.21,41,16.9979,15,2,5,True,False,False,False,True,False,False,False,499
0,0,18.04,21.97,44,22.0028,16,2,5,True,False,False,False,True,False,False,False,404
0,0,19.68,23.485,36,19.0012,17,2,5,True,False,False,False,True,False,False,False,364
0,0,18.86,22.725,38,19.9995,18,2,5,True,False,False,False,True,False,False,False,246
0,0,18.04,21.97,44,11.0014,19,2,5,True,False,False,False,True,False,False,False,188
0,0,18.04,21.97,44,11.0014,20,2,5,True,False,False,False,True,False,False,False,148
0,0,18.04,21.97,33,19.9995,21,2,5,True,False,False,False,True,False,False,False,114
0,0,16.4,20.455,40,30.0026,22,2,5,True,False,False,False,True,False,False,False,118
0,0,14.76,16.665,40,26.0027,23,2,5,True,False,False,False,False,True,False,False,74
0,0,13.94,15.15,39,23.9994,0,2,6,True,False,False,False,False,True,False,False,74
0,0,13.12,15.15,39,16.9979,1,2,6,True,False,False,False,False,True,False,False,72
0,0,12.3,14.395,36,19.0012,2,2,6,True,False,False,False,False,True,False,False,48
0,0,12.3,14.395,36,15.0013,3,2,6,True,False,False,False,False,True,False,False,15
0,0,11.48,12.88,41,26.0027,4,2,6,True,False,False,False,False,True,False,False,3
0,0,10.66,11.365,48,19.9995,5,2,6,True,False,False,False,False,True,False,False,2
0,0,9.84,10.605,52,22.0028,6,2,6,True,False,False,False,True,False,False,False,5
0,0,9.84,10.605,52,19.0012,7,2,6,True,False,False,False,False,True,False,False,14
0,0,9.84,11.365,56,12.998,8,2,6,True,False,False,False,False,True,False,False,56
0,0,9.84,11.365,56,16.9979,9,2,6,True,False,False,False,False,True,False,False,93
0,0,10.66,12.12,52,16.9979,10,2,6,True,False,False,False,False,True,False,False,191
0,0,10.66,11.365,56,22.0028,11,2,6,True,False,False,False,False,True,False,False,226
0,0,11.48,13.635,52,16.9979,12,2,6,True,False,False,False,False,True,False,False,255
0,0,12.3,15.15,49,11.0014,13,2,6,True,False,False,False,True,False,False,False,261
0,0,13.12,15.91,45,12.998,14,2,6,True,False,False,False,False,True,False,False,237
0,0,12.3,14.395,49,12.998,15,2,6,True,False,False,False,False,True,False,False,253
0,0,13.12,15.15,45,19.0012,16,2,6,True,False,False,False,False,True,False,False,212
0,0,12.3,14.395,49,16.9979,17,2,6,True,False,False,False,False,True,False,False,157
0,0,12.3,13.635,49,22.0028,18,2,6,True,False,False,False,False,True,False,False,167
0,0,12.3,14.395,52,16.9979,19,2,6,True,False,False,False,False,True,False,False,119
0,0,12.3,14.395,52,19.0012,20,2,6,True,False,False,False,False,True,False,False,103
0,0,10.66,12.88,65,11.0014,21,2,6,True,False,False,False,False,False,True,False,36
0,0,9.84,12.88,75,6.0032,22,2,6,True,False,False,False,False,False,True,False,55
0,0,9.02,11.365,93,11.0014,23,2,6,True,False,False,False,False,True,False,False,35
0,1,17.22,21.21,94,0.0,0,3,3,True,False,False,False,False,True,False,False,11
0,1,18.86,22.725,94,7.0015,1,3,3,True,False,False,False,False,False,True,False,12
0,1,18.86,22.725,94,19.0012,2,3,3,True,False,False,False,False,True,False,False,6
0,1,18.86,22.725,94,15.0013,3,3,3,True,False,False,False,True,False,False,False,3
0,1,19.68,23.485,88,12.998,4,3,3,True,False,False,False,True,False,False,False,5
0,1,19.68,23.485,88,11.0014,5,3,3,True,False,False,False,True,False,False,False,18
0,1,17.22,21.21,94,0.0,6,3,3,True,False,False,False,False,True,False,False,109
0,1,18.04,21.97,94,8.9981,7,3,3,True,False,False,False,False,True,False,False,304
0,1,17.22,21.21,94,8.9981,8,3,3,True,False,False,False,True,False,False,False,594
0,1,18.86,22.725,77,16.9979,9,3,3,True,False,False,False,True,False,False,False,286
0,1,21.32,25.0,55,11.0014,10,3,3,True,False,False,False,True,False,False,False,133
0,1,22.96,26.515,43,12.998,11,3,3,True,False,False,False,True,False,False,False,168
0,1,22.96,26.515,37,15.0013,12,3,3,True,False,False,False,True,False,False,False,220
0,1,23.78,27.275,32,16.9979,13,3,3,True,False,False,False,True,False,False,False,211
0,1,23.78,27.275,35,15.0013,14,3,3,True,False,False,False,True,False,False,False,211
0,1,24.6,31.06,31,16.9979,15,3,3,True,False,False,False,True,False,False,False,223
0,1,23.78,27.275,32,19.9995,16,3,3,True,False,False,False,True,False,False,False,361
0,1,22.96,26.515,35,19.9995,17,3,3,True,False,False,False,True,False,False,False,600
0,1,22.14,25.76,34,23.9994,18,3,3,True,False,False,False,True,False,False,False,525
0,1,19.68,23.485,41,22.0028,19,3,3,True,False,False,False,True,False,False,False,328
0,1,18.04,21.97,44,27.9993,20,3,3,True,False,False,False,True,False,False,False,254
0,1,17.22,21.21,47,31.0009,21,3,3,True,False,False,False,True,False,False,False,197
0,1,15.58,19.695,50,16.9979,22,3,3,True,False,False,False,True,False,False,False,126
0,1,14.76,17.425,50,15.0013,23,3,3,True,False,False,False,True,False,False,False,85
0,1,13.94,16.665,53,11.0014,0,3,4,True,False,False,False,True,False,False,False,46
0,1,13.94,15.91,49,15.0013,1,3,4,True,False,False,False,True,False,False,False,20
0,1,13.94,15.91,53,19.0012,2,3,4,True,False,False,False,True,False,False,False,6
0,1,13.12,15.91,57,12.998,3,3,4,True,False,False,False,True,False,False,False,3
0,1,13.12,17.425,61,0.0,4,3,4,True,False,False,False,True,False,False,False,2
0,1,12.3,16.665,70,0.0,5,3,4,True,False,False,False,True,False,False,False,24
0,1,12.3,16.665,70,0.0,6,3,4,True,False,False,False,True,False,False,False,92
0,1,12.3,16.665,70,0.0,7,3,4,True,False,False,False,True,False,False,False,262
0,1,11.48,15.15,75,6.0032,8,3,4,True,False,False,False,True,False,False,False,549
0,1,12.3,16.665,81,0.0,9,3,4,True,False,False,False,True,False,False,False,314
0,1,14.76,17.425,50,11.0014,10,3,4,True,False,False,False,True,False,False,False,132
0,1,15.58,19.695,46,12.998,11,3,4,True,False,False,False,True,False,False,False,194
0,1,16.4,20.455,43,11.0014,12,3,4,True,False,False,False,True,False,False,False,234
0,1,17.22,21.21,44,15.0013,13,3,4,True,False,False,False,True,False,False,False,222
0,1,18.04,21.97,44,19.0012,14,3,4,True,False,False,False,False,True,False,False,205
0,1,17.22,21.21,50,19.9995,15,3,4,True,False,False,False,False,True,False,False,78
0,1,16.4,20.455,58,19.9995,16,3,4,True,False,False,False,False,False,True,False,50
0,1,14.76,17.425,81,15.0013,17,3,4,True,False,False,False,False,False,True,False,128
0,1,14.76,17.425,87,12.998,18,3,4,True,False,False,False,False,False,True,False,160
0,1,14.76,17.425,87,12.998,19,3,4,True,False,False,False,False,False,True,False,174
0,1,14.76,17.425,87,12.998,20,3,4,True,False,False,False,False,True,False,False,100
0,1,14.76,18.18,87,6.0032,21,3,4,True,False,False,False,False,False,True,False,101
0,1,14.76,18.94,87,0.0,22,3,4,True,False,False,False,False,True,False,False,75
0,1,14.76,18.94,87,0.0,23,3,4,True,False,False,False,False,True,False,False,23
0,0,14.76,18.18,93,6.0032,0,3,5,True,False,False,False,False,False,True,False,22
0,0,14.76,18.94,93,0.0,1,3,5,True,False,False,False,False,False,True,False,44
0,0,14.76,18.18,93,6.0032,2,3,5,True,False,False,False,False,False,True,False,38
0,0,14.76,17.425,93,11.0014,3,3,5,True,False,False,False,False,True,False,False,21
0,0,14.76,17.425,93,12.998,4,3,5,True,False,False,False,False,True,False,False,2
0,0,14.76,18.18,93,6.0032,5,3,5,True,False,False,False,False,True,False,False,2
0,0,14.76,18.18,93,6.0032,6,3,5,True,False,False,False,False,True,False,False,7
0,0,14.76,17.425,93,8.9981,7,3,5,True,False,False,False,False,True,False,False,16
0,0,14.76,18.94,93,0.0,8,3,5,True,False,False,False,False,False,True,False,48
0,0,15.58,19.695,87,6.0032,9,3,5,True,False,False,False,False,False,True,False,94
0,0,16.4,20.455,87,0.0,10,3,5,True,False,False,False,False,True,False,False,168
0,0,16.4,20.455,87,6.0032,11,3,5,True,False,False,False,False,True,False,False,214
0,0,17.22,21.21,67,16.9979,12,3,5,True,False,False,False,False,True,False,False,299
0,0,18.04,21.97,51,19.0012,13,3,5,True,False,False,False,True,False,False,False,339
0,0,18.86,22.725,44,23.9994,14,3,5,True,False,False,False,False,True,False,False,430
0,0,19.68,23.485,29,19.9995,15,3,5,True,False,False,False,True,False,False,False,399
0,0,20.5,24.24,27,19.9995,16,3,5,True,False,False,False,True,False,False,False,467
0,0,20.5,24.24,23,22.0028,17,3,5,True,False,False,False,True,False,False,False,385
0,0,20.5,24.24,25,16.9979,18,3,5,True,False,False,False,True,False,False,False,303
0,0,18.86,22.725,33,11.0014,19,3,5,True,False,False,False,True,False,False,False,225
0,0,18.04,21.97,30,8.9981,20,3,5,True,False,False,False,True,False,False,False,149
0,0,18.86,22.725,19,22.0028,21,3,5,True,False,False,False,True,False,False,False,154
0,0,18.04,21.97,21,8.9981,22,3,5,True,False,False,False,True,False,False,False,134
0,0,17.22,21.21,24,0.0,23,3,5,True,False,False,False,True,False,False,False,106
0,0,16.4,20.455,30,23.9994,0,3,6,True,False,False,False,False,True,False,False,72
0,0,15.58,19.695,34,12.998,1,3,6,True,False,False,False,False,True,False,False,76
0,0,14.76,17.425,40,11.0014,2,3,6,True,False,False,False,False,True,False,False,80
0,0,14.76,17.425,43,8.9981,3,3,6,True,False,False,False,False,True,False,False,26
0,0,13.94,16.665,46,12.998,4,3,6,True,False,False,False,False,True,False,False,14
0,0,13.94,15.91,46,15.0013,5,3,6,True,False,False,False,False,True,False,False,5
0,0,12.3,13.635,52,19.9995,6,3,6,True,False,False,False,False,True,False,False,5
0,0,12.3,13.635,52,19.9995,7,3,6,True,False,False,False,False,True,False,False,23
0,0,12.3,13.635,52,22.0028,8,3,6,True,False,False,False,True,False,False,False,66
0,0,12.3,13.635,49,30.0026,9,3,6,True,False,False,False,True,False,False,False,118
0,0,12.3,13.635,49,22.0028,10,3,6,True,False,False,False,True,False,False,False,192
0,0,13.12,14.395,45,26.0027,11,3,6,True,False,False,False,True,False,False,False,256
0,0,13.94,15.15,42,23.9994,12,3,6,True,False,False,False,True,False,False,False,327
0,0,14.76,16.665,37,23.9994,13,3,6,True,False,False,False,True,False,False,False,364
0,0,14.76,16.665,34,23.9994,14,3,6,True,False,False,False,True,False,False,False,332
0,0,14.76,15.91,32,35.0008,15,3,6,True,False,False,False,True,False,False,False,334
0,0,14.76,15.91,29,32.9975,16,3,6,True,False,False,False,True,False,False,False,299
0,0,13.94,14.395,31,36.9974,17,3,6,True,False,False,False,True,False,False,False,263
0,0,13.12,13.635,33,40.9973,18,3,6,True,False,False,False,True,False,False,False,184
0,0,12.3,12.88,36,32.9975,19,3,6,True,False,False,False,True,False,False,False,132
0,0,11.48,13.635,38,16.9979,20,3,6,True,False,False,False,True,False,False,False,88
0,0,11.48,13.635,36,15.0013,21,3,6,True,False,False,False,True,False,False,False,79
0,0,10.66,12.12,41,16.9979,22,3,6,True,False,False,False,True,False,False,False,62
0,0,10.66,12.88,41,12.998,23,3,6,True,False,False,False,True,False,False,False,26
0,1,9.84,11.365,44,12.998,0,3,0,True,False,False,False,True,False,False,False,17
0,1,9.84,12.12,48,8.9981,1,3,0,True,False,False,False,True,False,False,False,6
0,1,9.84,12.12,48,8.9981,2,3,0,True,False,False,False,True,False,False,False,4
0,1,9.02,11.365,51,11.0014,3,3,0,True,False,False,False,True,False,False,False,1
0,1,8.2,11.365,55,6.0032,4,3,0,True,False,False,False,True,False,False,False,1
0,1,8.2,11.365,55,6.0032,5,3,0,True,False,False,False,True,False,False,False,18
0,1,7.38,9.85,59,8.9981,6,3,0,True,False,False,False,True,False,False,False,91
0,1,7.38,9.85,59,8.9981,7,3,0,True,False,False,False,True,False,False,False,260
0,1,8.2,11.365,59,7.0015,8,3,0,True,False,False,False,True,False,False,False,428
0,1,9.02,12.88,60,6.0032,9,3,0,True,False,False,False,False,True,False,False,197
0,1,9.84,12.88,60,0.0,10,3,0,True,False,False,False,False,True,False,False,86
0,1,10.66,13.635,56,8.9981,11,3,0,True,False,False,False,False,True,False,False,103
0,1,10.66,15.15,52,0.0,12,3,0,True,False,False,False,False,True,False,False,137
0,1,10.66,12.88,55,19.9995,13,3,0,True,False,False,False,False,True,False,False,120
0,1,11.48,12.88,57,23.9994,14,3,0,True,False,False,False,False,True,False,False,128
0,1,12.3,14.395,53,12.998,15,3,0,True,False,False,False,False,True,False,False,130
0,1,12.3,13.635,45,19.9995,16,3,0,True,False,False,False,True,False,False,False,210
0,1,12.3,13.635,45,19.9995,17,3,0,True,False,False,False,False,False,True,False,387
0,1,11.48,11.365,55,43.9989,18,3,0,True,False,False,False,False,False,True,False,375
0,1,10.66,12.88,53,15.0013,19,3,0,True,False,False,False,True,False,False,False,226
0,1,10.66,11.365,37,31.0009,20,3,0,True,False,False,False,True,False,False,False,179
0,1,10.66,11.365,37,26.0027,21,3,0,True,False,False,False,True,False,False,False,120
0,1,9.84,10.605,35,22.0028,22,3,0,True,False,False,False,True,False,False,False,78
0,1,9.02,9.09,37,39.0007,23,3,0,True,False,False,False,True,False,False,False,31
0,1,9.02,10.605,37,19.9995,0,3,1,True,False,False,False,True,False,False,False,8
0,1,8.2,9.85,44,16.9979,1,3,1,True,False,False,False,True,False,False,False,6
0,1,8.2,9.85,44,15.0013,2,3,1,True,False,False,False,True,False,False,False,4
0,1,7.38,8.335,51,19.0012,3,3,1,True,False,False,False,True,False,False,False,1
0,1,7.38,8.335,51,19.9995,4,3,1,True,False,False,False,True,False,False,False,3
0,1,7.38,9.09,51,15.0013,5,3,1,True,False,False,False,True,False,False,False,25
0,1,7.38,10.605,51,7.0015,6,3,1,True,False,False,False,True,False,False,False,102
0,1,6.56,9.09,55,8.9981,7,3,1,True,False,False,False,True,False,False,False,275
0,1,6.56,9.09,59,7.0015,8,3,1,True,False,False,False,True,False,False,False,501
0,1,9.02,13.635,47,0.0,9,3,1,True,False,False,False,True,False,False,False,233
0,1,9.84,12.88,44,0.0,10,3,1,True,False,False,False,True,False,False,False,129
0,1,10.66,12.88,41,11.0014,11,3,1,True,False,False,False,True,False,False,False,130
0,1,10.66,13.635,41,7.0015,12,3,1,True,False,False,False,True,False,False,False,138
0,1,12.3,15.15,39,8.9981,13,3,1,True,False,False,False,True,False,False,False,164
0,1,13.12,15.15,36,15.0013,14,3,1,True,False,False,False,True,False,False,False,136
0,1,13.94,15.15,36,19.9995,15,3,1,True,False,False,False,True,False,False,False,166
0,1,14.76,16.665,32,19.0012,16,3,1,True,False,False,False,True,False,False,False,250
0,1,14.76,16.665,34,19.0012,17,3,1,True,False,False,False,True,False,False,False,446
0,1,13.94,15.15,42,22.0028,18,3,1,True,False,False,False,True,False,False,False,457
0,1,13.94,15.15,46,19.9995,19,3,1,True,False,False,False,True,False,False,False,287
0,1,13.12,15.91,49,12.998,20,3,1,True,False,False,False,True,False,False,False,187
0,1,13.12,15.91,49,12.998,21,3,1,True,False,False,False,True,False,False,False,148
0,1,11.48,13.635,56,11.0014,22,3,1,True,False,False,False,True,False,False,False,106
0,1,11.48,13.635,61,15.0013,23,3,1,True,False,False,False,True,False,False,False,54
0,1,11.48,12.88,65,19.0012,0,3,2,True,False,False,False,True,False,False,False,15
0,1,12.3,13.635,61,19.9995,1,3,2,True,False,False,False,True,False,False,False,5
0,1,12.3,14.395,56,19.0012,2,3,2,True,False,False,False,True,False,False,False,4
0,1,12.3,13.635,56,23.9994,3,3,2,True,False,False,False,True,False,False,False,3
0,1,11.48,12.88,61,22.0028,4,3,2,True,False,False,False,True,False,False,False,3
0,1,11.48,12.88,56,19.9995,5,3,2,True,False,False,False,True,False,False,False,18
0,1,11.48,12.88,61,26.0027,6,3,2,True,False,False,False,True,False,False,False,108
0,1,10.66,11.365,65,26.0027,7,3,2,True,False,False,False,True,False,False,False,344
0,1,11.48,12.88,61,19.9995,8,3,2,True,False,False,False,True,False,False,False,566
0,1,12.3,13.635,61,22.0028,9,3,2,True,False,False,False,True,False,False,False,264
0,1,14.76,16.665,50,19.9995,10,3,2,True,False,False,False,True,False,False,False,147
0,1,17.22,21.21,38,19.9995,11,3,2,True,False,False,False,True,False,False,False,161
0,1,18.04,21.97,38,26.0027,12,3,2,True,False,False,False,True,False,False,False,215
0,1,20.5,24.24,34,27.9993,13,3,2,True,False,False,False,True,False,False,False,205
0,1,21.32,25.0,36,22.0028,14,3,2,True,False,False,False,True,False,False,False,175
0,1,22.14,25.76,37,30.0026,15,3,2,True,False,False,False,True,False,False,False,209
0,1,22.96,26.515,37,27.9993,16,3,2,True,False,False,False,True,False,False,False,288
0,1,22.96,26.515,43,32.9975,17,3,2,True,False,False,False,True,False,False,False,612
0,1,22.96,26.515,40,31.0009,18,3,2,True,False,False,False,True,False,False,False,544
0,1,22.14,25.76,42,23.9994,19,3,2,True,False,False,False,True,False,False,False,361
0,1,20.5,24.24,51,16.9979,20,3,2,True,False,False,False,True,False,False,False,260
0,1,18.04,21.97,62,16.9979,21,3,2,True,False,False,False,True,False,False,False,188
0,1,18.86,22.725,59,19.9995,22,3,2,True,False,False,False,True,False,False,False,159
0,1,18.04,21.97,62,22.0028,23,3,2,True,False,False,False,True,False,False,False,62
0,1,18.04,21.97,62,22.0028,0,3,3,True,False,False,False,True,False,False,False,46
0,1,18.86,22.725,63,22.0028,1,3,3,True,False,False,False,True,False,False,False,21
0,1,18.86,22.725,63,26.0027,2,3,3,True,False,False,False,True,False,False,False,11
0,1,18.86,22.725,63,26.0027,3,3,3,True,False,False,False,True,False,False,False,3
0,1,18.04,21.97,72,19.0012,4,3,3,True,False,False,False,True,False,False,False,2
0,1,17.22,21.21,77,15.0013,5,3,3,True,False,False,False,True,False,False,False,29
0,1,17.22,21.21,77,16.9979,6,3,3,True,False,False,False,True,False,False,False,109
0,1,17.22,21.21,77,23.9994,7,3,3,True,False,False,False,True,False,False,False,334
0,1,18.04,21.97,77,26.0027,8,3,3,True,False,False,False,True,False,False,False,585
0,1,18.86,22.725,72,31.0009,9,3,3,True,False,False,False,True,False,False,False,301
0,1,20.5,24.24,68,31.0009,10,3,3,True,False,False,False,True,False,False,False,138
0,1,22.14,25.76,60,31.0009,11,3,3,True,False,False,False,False,True,False,False,204
0,1,22.96,26.515,60,30.0026,12,3,3,True,False,False,False,False,True,False,False,251
0,1,24.6,31.06,49,43.0006,13,3,3,True,False,False,False,False,True,False,False,233
0,1,25.42,31.06,43,43.0006,14,3,3,True,False,False,False,False,True,False,False,203
0,1,26.24,31.06,38,46.0022,15,3,3,True,False,False,False,True,False,False,False,185
0,1,25.42,31.06,41,43.0006,16,3,3,True,False,False,False,False,True,False,False,342
0,1,25.42,31.06,38,43.9989,17,3,3,True,False,False,False,True,False,False,False,597
0,1,25.42,31.06,38,36.9974,18,3,3,True,False,False,False,False,True,False,False,590
0,1,24.6,31.06,40,30.0026,19,3,3,True,False,False,False,False,True,False,False,416
0,1,24.6,31.06,43,26.0027,20,3,3,True,False,False,False,False,True,False,False,302
0,1,24.6,31.06,43,26.0027,21,3,3,True,False,False,False,True,False,False,False,233
0,1,22.96,26.515,49,22.0028,22,3,3,True,False,False,False,True,False,False,False,153
0,1,22.96,26.515,49,30.0026,23,3,3,True,False,False,False,False,True,False,False,94
0,1,23.78,27.275,49,31.0009,0,3,4,True,False,False,False,False,True,False,False,54
0,1,22.96,26.515,52,32.9975,1,3,4,True,False,False,False,False,False,True,False,26
0,1,19.68,23.485,77,27.9993,2,3,4,True,False,False,False,False,False,True,False,11
0,1,18.86,22.725,77,35.0008,3,3,4,True,False,False,False,True,False,False,False,7
0,1,16.4,20.455,66,19.0012,4,3,4,True,False,False,False,False,False,True,False,1
0,1,16.4,20.455,66,19.0012,5,3,4,True,False,False,False,False,False,True,False,29
0,1,16.4,20.455,50,23.9994,6,3,4,True,False,False,False,False,True,False,False,85
0,1,15.58,19.695,40,19.9995,7,3,4,True,False,False,False,False,True,False,False,268
0,1,13.94,14.395,42,35.0008,8,3,4,True,False,False,False,False,True,False,False,501
0,1,13.94,14.395,42,35.0008,9,3,4,True,False,False,False,False,True,False,False,284
0,1,13.94,14.395,36,32.9975,10,3,4,True,False,False,False,False,True,False,False,159
0,1,14.76,16.665,34,23.9994,11,3,4,True,False,False,False,False,True,False,False,187
0,1,14.76,16.665,34,27.9993,12,3,4,True,False,False,False,True,False,False,False,201
0,1,15.58,19.695,29,26.0027,13,3,4,True,False,False,False,False,True,False,False,224
0,1,17.22,21.21,28,31.0009,14,3,4,True,False,False,False,True,False,False,False,178
0,1,18.86,22.725,24,16.9979,15,3,4,True,False,False,False,True,False,False,False,238
0,1,19.68,23.485,23,27.9993,16,3,4,True,False,False,False,True,False,False,False,343
0,1,18.86,22.725,24,26.0027,17,3,4,True,False,False,False,True,False,False,False,566
0,1,18.04,21.97,26,35.0008,18,3,4,True,False,False,False,True,False,False,False,470
0,1,17.22,21.21,28,40.9973,19,3,4,True,False,False,False,True,False,False,False,244
0,1,15.58,19.695,32,23.9994,20,3,4,True,False,False,False,True,False,False,False,159
0,1,14.76,16.665,34,22.0028,21,3,4,True,False,False,False,True,False,False,False,141
0,1,13.94,14.395,31,32.9975,22,3,4,True,False,False,False,True,False,False,False,107
0,1,13.12,15.15,33,19.9995,23,3,4,True,False,False,False,True,False,False,False,86
0,0,12.3,13.635,36,23.9994,0,3,5,True,False,False,False,True,False,False,False,77
0,0,12.3,14.395,36,16.9979,1,3,5,True,False,False,False,True,False,False,False,51
0,0,10.66,12.12,41,16.9979,2,3,5,True,False,False,False,True,False,False,False,42
0,0,10.66,11.365,41,19.9995,3,3,5,True,False,False,False,True,False,False,False,16
0,0,9.84,10.605,41,23.9994,4,3,5,True,False,False,False,True,False,False,False,4
0,0,9.02,10.605,42,19.0012,5,3,5,True,False,False,False,True,False,False,False,10
0,0,9.02,10.605,44,19.0012,6,3,5,True,False,False,False,True,False,False,False,12
0,0,9.02,10.605,44,16.9979,7,3,5,True,False,False,False,True,False,False,False,40
0,0,9.02,10.605,44,19.9995,8,3,5,True,False,False,False,True,False,False,False,111
0,0,9.84,10.605,41,22.0028,9,3,5,True,False,False,False,True,False,False,False,148
0,0,10.66,11.365,35,27.9993,10,3,5,True,False,False,False,True,False,False,False,223
0,0,12.3,13.635,33,22.0028,11,3,5,True,False,False,False,True,False,False,False,274
0,0,12.3,13.635,33,22.0028,12,3,5,True,False,False,False,True,False,False,False,329
0,0,13.12,15.15,29,19.0012,13,3,5,True,False,False,False,True,False,False,False,357
0,0,13.94,15.91,27,19.0012,14,3,5,True,False,False,False,True,False,False,False,379
0,0,13.94,18.18,25,0.0,15,3,5,True,False,False,False,True,False,False,False,406
0,0,14.76,18.18,23,0.0,16,3,5,True,False,False,False,True,False,False,False,390
0,0,14.76,18.94,23,0.0,17,3,5,True,False,False,False,True,False,False,False,354
0,0,14.76,18.18,21,6.0032,18,3,5,True,False,False,False,True,False,False,False,297
0,0,13.94,18.18,25,0.0,19,3,5,True,False,False,False,True,False,False,False,184
0,0,13.12,16.665,33,8.9981,20,3,5,True,False,False,False,True,False,False,False,121
0,0,12.3,14.395,39,15.0013,21,3,5,True,False,False,False,True,False,False,False,110
0,0,10.66,12.88,44,11.0014,22,3,5,True,False,False,False,True,False,False,False,100
0,0,10.66,12.88,41,12.998,23,3,5,True,False,False,False,True,False,False,False,83
0,0,10.66,14.395,44,6.0032,0,3,6,True,False,False,False,True,False,False,False,69
0,0,9.84,12.12,52,11.0014,1,3,6,True,False,False,False,True,False,False,False,61
0,0,9.84,12.12,60,8.9981,3,3,6,True,False,False,False,True,False,False,False,66
0,0,9.84,12.12,60,8.9981,4,3,6,True,False,False,False,True,False,False,False,22
0,0,9.84,12.12,60,11.0014,5,3,6,True,False,False,False,True,False,False,False,7
0,0,9.84,12.12,70,11.0014,6,3,6,True,False,False,False,True,False,False,False,10
0,0,9.02,11.365,69,8.9981,7,3,6,True,False,False,False,True,False,False,False,17
0,0,9.02,11.365,69,8.9981,8,3,6,True,False,False,False,True,False,False,False,72
0,0,10.66,12.88,60,15.0013,9,3,6,True,False,False,False,True,False,False,False,90
0,0,13.12,15.15,49,19.0012,10,3,6,True,False,False,False,True,False,False,False,218
0,0,14.76,16.665,43,19.0012,11,3,6,True,False,False,False,True,False,False,False,299
0,0,16.4,20.455,37,19.9995,12,3,6,True,False,False,False,True,False,False,False,410
0,0,17.22,21.21,41,19.9995,13,3,6,True,False,False,False,True,False,False,False,464
0,0,18.86,22.725,31,19.0012,14,3,6,True,False,False,False,True,False,False,False,501
0,0,20.5,24.24,29,19.9995,15,3,6,True,False,False,False,True,False,False,False,487
0,0,20.5,24.24,31,23.9994,16,3,6,True,False,False,False,True,False,False,False,509
0,0,21.32,25.0,27,19.9995,17,3,6,True,False,False,False,True,False,False,False,498
0,0,21.32,25.0,29,19.0012,18,3,6,True,False,False,False,True,False,False,False,389
0,0,20.5,24.24,31,19.0012,19,3,6,True,False,False,False,True,False,False,False,258
0,0,18.04,21.97,47,15.0013,20,3,6,True,False,False,False,True,False,False,False,171
0,0,17.22,21.21,54,15.0013,21,3,6,True,False,False,False,True,False,False,False,147
0,0,16.4,20.455,54,12.998,22,3,6,True,False,False,False,True,False,False,False,94
0,0,16.4,20.455,50,11.0014,23,3,6,True,False,False,False,True,False,False,False,52
0,1,15.58,19.695,54,12.998,0,3,0,True,False,False,False,True,False,False,False,24
0,1,15.58,19.695,50,8.9981,1,3,0,True,False,False,False,True,False,False,False,10
0,1,15.58,19.695,54,7.0015,2,3,0,True,False,False,False,True,False,False,False,9
0,1,14.76,17.425,50,8.9981,3,3,0,True,False,False,False,True,False,False,False,2
0,1,13.94,16.665,61,12.998,4,3,0,True,False,False,False,True,False,False,False,3
0,1,13.94,16.665,61,12.998,5,3,0,True,False,False,False,True,False,False,False,16
0,1,13.94,17.425,57,7.0015,6,3,0,True,False,False,False,True,False,False,False,88
0,1,13.94,17.425,53,7.0015,7,3,0,True,False,False,False,True,False,False,False,268
0,1,13.94,16.665,61,8.9981,8,3,0,True,False,False,False,True,False,False,False,564
0,1,15.58,19.695,54,11.0014,9,3,0,True,False,False,False,True,False,False,False,281
0,1,16.4,20.455,50,15.0013,10,3,0,True,False,False,False,True,False,False,False,137
0,1,18.04,21.97,44,15.0013,11,3,0,True,False,False,False,True,False,False,False,150
0,1,19.68,23.485,39,15.0013,12,3,0,True,False,False,False,True,False,False,False,221
0,1,22.14,25.76,32,16.9979,13,3,0,True,False,False,False,False,True,False,False,250
0,1,23.78,27.275,32,19.0012,14,3,0,True,False,False,False,False,True,False,False,221
0,1,22.96,26.515,40,8.9981,15,3,0,True,False,False,False,True,False,False,False,233
0,1,25.42,31.06,35,30.0026,16,3,0,True,False,False,False,True,False,False,False,332
0,1,25.42,31.06,38,27.9993,17,3,0,True,False,False,False,False,True,False,False,644
0,1,24.6,31.06,43,12.998,18,3,0,True,False,False,False,False,True,False,False,712
0,1,22.96,26.515,49,15.0013,19,3,0,True,False,False,False,False,True,False,False,446
0,1,22.96,26.515,49,15.0013,20,3,0,True,False,False,False,False,True,False,False,286
0,1,22.14,25.76,56,15.0013,21,3,0,True,False,False,False,False,True,False,False,205
0,1,22.96,26.515,56,15.0013,22,3,0,True,False,False,False,False,True,False,False,133
0,1,22.96,26.515,56,15.0013,23,3,0,True,False,False,False,True,False,False,False,63
0,1,22.96,26.515,52,12.998,0,3,1,True,False,False,False,False,True,False,False,26
0,1,21.32,25.0,59,15.0013,1,3,1,True,False,False,False,False,True,False,False,16
0,1,21.32,25.0,72,19.9995,2,3,1,True,False,False,False,False,False,True,False,1
0,1,21.32,25.0,72,19.9995,3,3,1,True,False,False,False,False,False,True,False,2
0,1,18.86,22.725,82,12.998,4,3,1,True,False,False,False,False,True,False,False,1
0,1,18.86,22.725,82,12.998,5,3,1,True,False,False,False,False,True,False,False,24
0,1,18.86,22.725,82,12.998,6,3,1,True,False,False,False,False,False,True,False,113
0,1,18.86,22.725,82,19.0012,7,3,1,True,False,False,False,False,True,False,False,308
0,1,18.86,22.725,82,19.0012,8,3,1,True,False,False,False,True,False,False,False,593
0,1,19.68,23.485,82,19.0012,9,3,1,True,False,False,False,True,False,False,False,342
0,1,21.32,25.0,77,15.0013,10,3,1,True,False,False,False,True,False,False,False,143
0,1,22.14,25.76,73,19.0012,11,3,1,True,False,False,False,True,False,False,False,219
0,1,24.6,30.305,60,19.0012,12,3,1,True,False,False,False,True,False,False,False,244
0,1,24.6,30.305,60,26.0027,13,3,1,True,False,False,False,True,False,False,False,233
0,1,26.24,31.06,53,22.0028,14,3,1,True,False,False,False,True,False,False,False,212
0,1,28.7,31.82,39,15.0013,15,3,1,True,False,False,False,True,False,False,False,264
0,1,29.52,32.575,34,26.0027,16,3,1,True,False,False,False,True,False,False,False,365
0,1,28.7,31.82,37,7.0015,17,3,1,True,False,False,False,True,False,False,False,676
0,1,28.7,31.82,34,19.9995,18,3,1,True,False,False,False,True,False,False,False,734
0,1,26.24,31.06,47,15.0013,19,3,1,True,False,False,False,True,False,False,False,479
0,1,24.6,31.06,49,11.0014,20,3,1,True,False,False,False,True,False,False,False,351
0,1,23.78,27.275,56,7.0015,21,3,1,True,False,False,False,True,False,False,False,244
0,1,22.96,26.515,60,6.0032,22,3,1,True,False,False,False,True,False,False,False,170
0,1,22.96,26.515,56,8.9981,23,3,1,True,False,False,False,True,False,False,False,87
0,1,22.14,25.76,60,7.0015,0,3,2,True,False,False,False,True,False,False,False,39
0,1,21.32,25.0,63,6.0032,1,3,2,True,False,False,False,True,False,False,False,27
0,1,20.5,24.24,68,12.998,2,3,2,True,False,False,False,True,False,False,False,2
0,1,19.68,23.485,72,12.998,3,3,2,True,False,False,False,True,False,False,False,4
0,1,19.68,23.485,67,6.0032,4,3,2,True,False,False,False,True,False,False,False,5
0,1,18.04,21.97,82,8.9981,5,3,2,True,False,False,False,True,False,False,False,27
0,1,18.04,21.97,82,6.0032,6,3,2,True,False,False,False,True,False,False,False,121
0,1,18.04,21.97,82,7.0015,7,3,2,True,False,False,False,True,False,False,False,368
0,1,18.04,21.97,82,0.0,8,3,2,True,False,False,False,True,False,False,False,662
0,1,21.32,25.0,68,0.0,9,3,2,True,False,False,False,True,False,False,False,351
0,1,22.96,26.515,56,7.0015,10,3,2,True,False,False,False,True,False,False,False,188
0,1,25.42,31.06,41,11.0014,11,3,2,True,False,False,False,False,True,False,False,220
0,1,26.24,31.06,29,0.0,12,3,2,True,False,False,False,False,True,False,False,267
0,1,27.06,31.06,27,15.0013,13,3,2,True,False,False,False,True,False,False,False,254
0,1,28.7,31.82,23,22.0028,14,3,2,True,False,False,False,True,False,False,False,224
0,1,28.7,31.82,24,0.0,15,3,2,True,False,False,False,True,False,False,False,283
0,1,29.52,31.82,25,12.998,16,3,2,True,False,False,False,True,False,False,False,356
0,1,28.7,31.82,28,6.0032,17,3,2,True,False,False,False,True,False,False,False,782
0,1,28.7,31.82,32,0.0,18,3,2,True,False,False,False,True,False,False,False,749
0,1,26.24,31.06,33,11.0014,19,3,2,True,False,False,False,True,False,False,False,472
0,1,25.42,31.06,35,7.0015,20,3,2,True,False,False,False,True,False,False,False,330
0,1,24.6,31.06,40,6.0032,21,3,2,True,False,False,False,True,False,False,False,288
0,1,21.32,25.0,55,8.9981,22,3,2,True,False,False,False,True,False,False,False,202
0,1,22.96,26.515,43,11.0014,23,3,2,True,False,False,False,True,False,False,False,91
0,1,22.14,25.76,49,8.9981,0,3,3,True,False,False,False,True,False,False,False,60
0,1,20.5,24.24,59,7.0015,1,3,3,True,False,False,False,True,False,False,False,23
0,1,20.5,24.24,59,0.0,2,3,3,True,False,False,False,True,False,False,False,19
0,1,20.5,24.24,63,0.0,3,3,3,True,False,False,False,True,False,False,False,7
0,1,18.04,21.97,77,7.0015,4,3,3,True,False,False,False,True,False,False,False,14
0,1,18.86,22.725,67,0.0,5,3,3,True,False,False,False,True,False,False,False,26
0,1,18.04,21.97,72,6.0032,6,3,3,True,False,False,False,True,False,False,False,117
0,1,18.04,21.97,72,6.0032,7,3,3,True,False,False,False,True,False,False,False,381
0,1,18.04,21.97,77,7.0015,8,3,3,True,False,False,False,True,False,False,False,623
0,1,19.68,23.485,77,6.0032,9,3,3,True,False,False,False,True,False,False,False,315
0,1,21.32,25.0,68,7.0015,10,3,3,True,False,False,False,True,False,False,False,164
0,1,22.96,26.515,60,8.9981,11,3,3,True,False,False,False,True,False,False,False,211
0,1,25.42,31.06,50,8.9981,12,3,3,True,False,False,False,False,True,False,False,265
0,1,27.06,31.06,41,6.0032,13,3,3,True,False,False,False,False,True,False,False,273
0,1,29.52,32.575,30,7.0015,14,3,3,True,False,False,False,False,True,False,False,258
0,1,29.52,32.575,32,15.0013,15,3,3,True,False,False,False,True,False,False,False,287
0,1,29.52,32.575,37,26.0027,16,3,3,True,False,False,False,True,False,False,False,426
0,1,28.7,31.82,39,16.9979,17,3,3,True,False,False,False,True,False,False,False,713
0,1,27.06,31.06,44,19.0012,18,3,3,True,False,False,False,True,False,False,False,746
0,1,26.24,31.06,50,12.998,19,3,3,True,False,False,False,False,True,False,False,425
0,1,23.78,27.275,60,23.9994,20,3,3,True,False,False,False,False,True,False,False,330
0,1,22.14,25.76,68,19.0012,21,3,3,True,False,False,False,True,False,False,False,243
0,1,21.32,25.0,68,8.9981,22,3,3,True,False,False,False,True,False,False,False,169
0,1,19.68,23.485,72,12.998,23,3,3,True,False,False,False,True,False,False,False,97
0,1,18.04,21.97,77,16.9979,0,3,4,True,False,False,False,True,False,False,False,57
0,1,17.22,21.21,82,22.0028,1,3,4,True,False,False,False,False,True,False,False,26
0,1,17.22,21.21,82,12.998,2,3,4,True,False,False,False,False,True,False,False,4
0,1,16.4,20.455,87,19.0012,3,3,4,True,False,False,False,False,True,False,False,3
0,1,16.4,20.455,87,16.9979,4,3,4,True,False,False,False,False,True,False,False,3
0,1,16.4,20.455,87,15.0013,5,3,4,True,False,False,False,False,True,False,False,32
0,1,16.4,20.455,87,11.0014,6,3,4,True,False,False,False,False,True,False,False,99
0,1,16.4,20.455,87,12.998,7,3,4,True,False,False,False,False,True,False,False,278
0,1,16.4,20.455,87,15.0013,8,3,4,True,False,False,False,False,True,False,False,562
0,1,17.22,21.21,82,0.0,9,3,4,True,False,False,False,False,True,False,False,312
0,1,16.4,20.455,87,6.0032,10,3,4,True,False,False,False,False,True,False,False,180
0,1,18.04,21.97,77,0.0,11,3,4,True,False,False,False,False,True,False,False,207
0,1,18.04,21.97,82,8.9981,12,3,4,True,False,False,False,False,True,False,False,294
0,1,18.86,22.725,77,6.0032,13,3,4,True,False,False,False,False,True,False,False,260
0,1,19.68,23.485,72,0.0,14,3,4,True,False,False,False,False,True,False,False,202
0,1,18.86,22.725,82,7.0015,15,3,4,True,False,False,False,False,False,True,False,107
0,1,19.68,23.485,77,0.0,16,3,4,True,False,False,False,False,False,True,False,129
0,1,19.68,23.485,82,6.0032,17,3,4,True,False,False,False,False,False,True,False,258
0,1,19.68,23.485,82,6.0032,18,3,4,True,False,False,False,False,False,True,False,408
0,1,18.86,22.725,88,0.0,19,3,4,True,False,False,False,False,True,False,False,296
0,1,18.86,22.725,88,0.0,20,3,4,True,False,False,False,True,False,False,False,235
0,1,18.04,21.97,94,0.0,21,3,4,True,False,False,False,False,True,False,False,152
0,1,18.04,21.97,94,0.0,22,3,4,True,False,False,False,False,True,False,False,148
0,1,18.04,21.97,94,0.0,23,3,4,True,False,False,False,False,True,False,False,126
0,0,18.04,21.97,94,6.0032,0,3,5,True,False,False,False,False,True,False,False,100
0,0,18.04,21.97,94,0.0,1,3,5,True,False,False,False,False,True,False,False,69
0,0,18.04,21.97,88,0.0,2,3,5,True,False,False,False,False,True,False,False,42
0,0,18.04,21.97,88,0.0,3,3,5,True,False,False,False,False,True,False,False,26
0,0,17.22,21.21,94,0.0,4,3,5,True,False,False,False,False,True,False,False,2
0,0,17.22,21.21,94,6.0032,5,3,5,True,False,False,False,False,True,False,False,8
0,0,17.22,21.21,94,12.998,6,3,5,True,False,False,False,False,True,False,False,30
0,0,16.4,20.455,100,8.9981,7,3,5,True,False,False,False,False,True,False,False,86
0,0,17.22,21.21,94,7.0015,8,3,5,True,False,False,False,False,True,False,False,218
0,0,18.04,21.97,88,6.0032,9,3,5,True,False,False,False,False,True,False,False,321
0,0,20.5,24.24,77,6.0032,10,3,5,True,False,False,False,False,True,False,False,443
0,0,21.32,25.0,77,8.9981,11,3,5,True,False,False,False,False,True,False,False,585
0,0,22.96,26.515,68,11.0014,12,3,5,True,False,False,False,True,False,False,False,651
0,0,24.6,30.305,60,7.0015,13,3,5,True,False,False,False,True,False,False,False,686
0,0,25.42,31.06,53,6.0032,14,3,5,True,False,False,False,True,False,False,False,690
0,0,26.24,31.06,53,8.9981,15,3,5,True,False,False,False,True,False,False,False,679
0,0,26.24,31.06,50,0.0,16,3,5,True,False,False,False,True,False,False,False,685
0,0,26.24,31.06,50,8.9981,17,3,5,True,False,False,False,True,False,False,False,648
0,0,25.42,31.06,57,19.9995,18,3,5,True,False,False,False,True,False,False,False,560
0,0,23.78,27.275,64,19.0012,19,3,5,True,False,False,False,True,False,False,False,417
0,0,22.96,26.515,64,12.998,20,3,5,True,False,False,False,True,False,False,False,271
0,0,22.14,25.76,68,11.0014,21,3,5,True,False,False,False,True,False,False,False,223
0,0,22.14,25.76,68,0.0,22,3,5,True,False,False,False,True,False,False,False,211
0,0,20.5,24.24,77,11.0014,23,3,5,True,False,False,False,True,False,False,False,185
0,0,18.86,22.725,88,12.998,0,3,6,True,False,False,False,True,False,False,False,107
0,0,18.86,22.725,82,8.9981,1,3,6,True,False,False,False,True,False,False,False,113
0,0,18.86,22.725,82,7.0015,2,3,6,True,False,False,False,False,True,False,False,56
0,0,18.04,21.97,88,8.9981,3,3,6,True,False,False,False,False,True,False,False,18
0,0,17.22,21.21,94,11.0014,4,3,6,True,False,False,False,False,True,False,False,14
0,0,16.4,20.455,94,7.0015,5,3,6,True,False,False,False,False,True,False,False,6
0,0,16.4,20.455,94,7.0015,6,3,6,True,False,False,False,False,True,False,False,11
0,0,17.22,21.21,88,11.0014,7,3,6,True,False,False,False,False,False,True,False,42
0,0,17.22,21.21,88,7.0015,8,3,6,True,False,False,False,False,True,False,False,96
0,0,17.22,21.21,88,6.0032,9,3,6,True,False,False,False,False,True,False,False,178
0,0,17.22,21.21,88,7.0015,10,3,6,True,False,False,False,False,True,False,False,351
0,0,18.04,21.97,82,11.0014,11,3,6,True,False,False,False,False,True,False,False,368
0,0,18.04,21.97,88,8.9981,12,3,6,True,False,False,False,False,True,False,False,503
0,0,18.86,22.725,82,11.0014,13,3,6,True,False,False,False,False,True,False,False,544
0,0,20.5,24.24,77,6.0032,14,3,6,True,False,False,False,False,True,False,False,521
0,0,22.14,25.76,68,6.0032,15,3,6,True,False,False,False,True,False,False,False,554
0,0,22.14,25.76,73,6.0032,16,3,6,True,False,False,False,True,False,False,False,541
0,0,22.96,26.515,64,6.0032,17,3,6,True,False,False,False,True,False,False,False,541
0,0,22.96,26.515,64,11.0014,18,3,6,True,False,False,False,True,False,False,False,459
0,0,22.96,26.515,64,11.0014,19,3,6,True,False,False,False,True,False,False,False,352
0,0,21.32,25.0,77,8.9981,20,3,6,True,False,False,False,True,False,False,False,198
0,0,21.32,25.0,72,6.0032,21,3,6,True,False,False,False,True,False,False,False,173
0,0,20.5,24.24,77,7.0015,22,3,6,True,False,False,False,True,False,False,False,100
0,0,19.68,23.485,82,11.0014,23,3,6,True,False,False,False,True,False,False,False,46
0,1,19.68,23.485,82,7.0015,0,3,0,True,False,False,False,True,False,False,False,23
0,1,18.86,22.725,88,7.0015,1,3,0,True,False,False,False,True,False,False,False,15
0,1,18.86,22.725,88,11.0014,2,3,0,True,False,False,False,True,False,False,False,8
0,1,18.86,22.725,88,6.0032,3,3,0,True,False,False,False,True,False,False,False,2
0,1,18.04,21.97,94,0.0,4,3,0,True,False,False,False,True,False,False,False,3
0,1,18.04,21.97,94,0.0,5,3,0,True,False,False,False,True,False,False,False,31
0,1,18.86,22.725,88,8.9981,6,3,0,True,False,False,False,True,False,False,False,120
0,1,18.86,22.725,88,12.998,7,3,0,True,False,False,False,True,False,False,False,354
0,1,18.86,22.725,88,7.0015,8,3,0,True,False,False,False,True,False,False,False,579
0,1,20.5,24.24,72,11.0014,9,3,0,True,False,False,False,True,False,False,False,331
0,1,21.32,25.0,72,8.9981,10,3,0,True,False,False,False,True,False,False,False,184
0,1,22.96,26.515,68,11.0014,11,3,0,True,False,False,False,True,False,False,False,201
0,1,24.6,30.305,64,16.9979,12,3,0,True,False,False,False,True,False,False,False,282
0,1,25.42,30.305,61,16.9979,13,3,0,True,False,False,False,True,False,False,False,263
0,1,26.24,31.06,57,12.998,14,3,0,True,False,False,False,False,True,False,False,260
0,1,26.24,31.06,57,15.0013,15,3,0,True,False,False,False,True,False,False,False,286
0,1,27.06,31.06,50,15.0013,16,3,0,True,False,False,False,True,False,False,False,385
0,1,26.24,31.06,53,15.0013,17,3,0,True,False,False,False,True,False,False,False,721
0,1,26.24,31.06,57,16.9979,18,3,0,True,False,False,False,True,False,False,False,801
0,1,25.42,30.305,61,15.0013,19,3,0,True,False,False,False,True,False,False,False,549
0,1,24.6,30.305,64,15.0013,20,3,0,True,False,False,False,True,False,False,False,330
0,1,24.6,30.305,64,11.0014,21,3,0,True,False,False,False,True,False,False,False,223
0,1,22.96,26.515,73,11.0014,22,3,0,True,False,False,False,False,True,False,False,148
0,1,22.96,26.515,78,8.9981,23,3,0,True,False,False,False,False,True,False,False,54
0,0,14.76,16.665,76,16.9979,0,4,6,False,True,False,False,False,True,False,False,67
0,0,14.76,17.425,76,11.0014,1,4,6,False,True,False,False,False,True,False,False,62
0,0,14.76,17.425,76,11.0014,2,4,6,False,True,False,False,False,True,False,False,81
0,0,13.94,16.665,81,8.9981,3,4,6,False,True,False,False,False,True,False,False,25
0,0,13.94,17.425,81,6.0032,4,4,6,False,True,False,False,False,True,False,False,12
0,0,13.94,17.425,81,6.0032,5,4,6,False,True,False,False,False,True,False,False,18
0,0,14.76,17.425,76,8.9981,6,4,6,False,True,False,False,False,True,False,False,97
0,0,14.76,17.425,71,8.9981,7,4,6,False,True,False,False,False,True,False,False,84
0,0,14.76,18.18,76,6.0032,8,4,6,False,True,False,False,False,True,False,False,125
0,0,14.76,17.425,81,8.9981,9,4,6,False,True,False,False,False,True,False,False,275
0,0,16.4,20.455,71,7.0015,10,4,6,False,True,False,False,False,True,False,False,360
0,0,16.4,20.455,71,12.998,11,4,6,False,True,False,False,False,True,False,False,451
0,0,17.22,21.21,67,15.0013,12,4,6,False,True,False,False,False,True,False,False,445
0,0,18.04,21.97,62,12.998,13,4,6,False,True,False,False,False,True,False,False,464
0,0,19.68,23.485,55,15.0013,14,4,6,False,True,False,False,False,True,False,False,561
0,0,20.5,24.24,55,16.9979,15,4,6,False,True,False,False,True,False,False,False,573
0,0,21.32,25.0,52,16.9979,16,4,6,False,True,False,False,True,False,False,False,511
0,0,21.32,25.0,55,19.0012,17,4,6,False,True,False,False,True,False,False,False,555
0,0,21.32,25.0,52,19.9995,18,4,6,False,True,False,False,True,False,False,False,432
0,0,21.32,25.0,55,15.0013,19,4,6,False,True,False,False,True,False,False,False,346
0,0,20.5,24.24,59,15.0013,20,4,6,False,True,False,False,False,True,False,False,232
0,0,20.5,24.24,59,11.0014,21,4,6,False,True,False,False,False,True,False,False,134
0,0,20.5,24.24,63,7.0015,22,4,6,False,True,False,False,False,False,True,False,68
0,0,18.86,22.725,72,0.0,23,4,6,False,True,False,False,False,False,True,False,63
0,1,18.04,21.97,82,7.0015,0,4,0,False,True,False,False,False,False,True,False,17
0,1,17.22,21.21,88,6.0032,1,4,0,False,True,False,False,False,False,True,False,5
0,1,18.04,21.97,94,8.9981,2,4,0,False,True,False,False,False,False,True,False,5
0,1,16.4,20.455,76,32.9975,4,4,0,False,True,False,False,True,False,False,False,4
0,1,16.4,20.455,76,32.9975,5,4,0,False,True,False,False,True,False,False,False,24
0,1,14.76,15.91,71,31.0009,6,4,0,False,True,False,False,True,False,False,False,110
0,1,13.94,15.15,66,26.0027,7,4,0,False,True,False,False,True,False,False,False,306
0,1,14.76,16.665,57,22.0028,8,4,0,False,True,False,False,True,False,False,False,589
0,1,15.58,19.695,54,23.9994,9,4,0,False,True,False,False,True,False,False,False,317
0,1,16.4,20.455,50,35.0008,10,4,0,False,True,False,False,True,False,False,False,204
0,1,17.22,21.21,47,30.0026,11,4,0,False,True,False,False,True,False,False,False,209
0,1,18.04,21.97,44,30.0026,12,4,0,False,True,False,False,True,False,False,False,281
0,1,18.86,22.725,36,19.9995,13,4,0,False,True,False,False,True,False,False,False,281
0,1,18.86,22.725,31,27.9993,14,4,0,False,True,False,False,True,False,False,False,268
0,1,19.68,23.485,33,27.9993,15,4,0,False,True,False,False,True,False,False,False,324
0,1,20.5,24.24,34,22.0028,16,4,0,False,True,False,False,True,False,False,False,395
0,1,20.5,24.24,29,19.0012,17,4,0,False,True,False,False,True,False,False,False,729
0,1,20.5,24.24,27,16.9979,18,4,0,False,True,False,False,True,False,False,False,618
0,1,20.5,24.24,27,16.9979,19,4,0,False,True,False,False,True,False,False,False,494
0,1,18.86,22.725,31,11.0014,20,4,0,False,True,False,False,True,False,False,False,329
0,1,18.86,22.725,28,8.9981,21,4,0,False,True,False,False,True,False,False,False,238
0,1,17.22,21.21,44,12.998,22,4,0,False,True,False,False,True,False,False,False,123
0,1,18.04,21.97,35,11.0014,23,4,0,False,True,False,False,True,False,False,False,66
0,1,16.4,20.455,43,8.9981,0,4,1,False,True,False,False,True,False,False,False,33
0,1,15.58,19.695,46,15.0013,1,4,1,False,True,False,False,True,False,False,False,11
0,1,14.76,17.425,53,11.0014,2,4,1,False,True,False,False,True,False,False,False,5
0,1,15.58,19.695,46,0.0,3,4,1,False,True,False,False,True,False,False,False,3
0,1,13.12,16.665,66,6.0032,4,4,1,False,True,False,False,True,False,False,False,1
0,1,13.12,16.665,66,6.0032,5,4,1,False,True,False,False,True,False,False,False,27
0,1,12.3,15.91,61,6.0032,6,4,1,False,True,False,False,True,False,False,False,100
0,1,13.12,16.665,66,6.0032,7,4,1,False,True,False,False,True,False,False,False,341
0,1,13.94,18.18,57,0.0,8,4,1,False,True,False,False,True,False,False,False,604
0,1,17.22,21.21,38,6.0032,9,4,1,False,True,False,False,True,False,False,False,408
0,1,18.04,21.97,33,0.0,10,4,1,False,True,False,False,True,False,False,False,219
0,1,19.68,23.485,23,0.0,11,4,1,False,True,False,False,True,False,False,False,258
0,1,21.32,25.0,25,0.0,12,4,1,False,True,False,False,True,False,False,False,331
0,1,22.96,26.515,19,16.9979,13,4,1,False,True,False,False,True,False,False,False,345
0,1,22.96,26.515,21,15.0013,14,4,1,False,True,False,False,True,False,False,False,311
0,1,24.6,29.545,20,12.998,15,4,1,False,True,False,False,True,False,False,False,316
0,1,25.42,30.305,21,11.0014,16,4,1,False,True,False,False,True,False,False,False,485
0,1,25.42,30.305,17,12.998,17,4,1,False,True,False,False,True,False,False,False,757
0,1,24.6,30.305,26,11.0014,18,4,1,False,True,False,False,True,False,False,False,800
0,1,22.96,26.515,26,7.0015,19,4,1,False,True,False,False,True,False,False,False,558
0,1,22.96,26.515,24,8.9981,20,4,1,False,True,False,False,True,False,False,False,379
0,1,22.14,25.76,45,0.0,21,4,1,False,True,False,False,True,False,False,False,243
0,1,20.5,24.24,51,0.0,22,4,1,False,True,False,False,True,False,False,False,158
0,1,20.5,24.24,59,0.0,23,4,1,False,True,False,False,True,False,False,False,79
0,1,19.68,23.485,48,0.0,0,4,2,False,True,False,False,True,False,False,False,41
0,1,18.86,22.725,59,0.0,1,4,2,False,True,False,False,True,False,False,False,11
0,1,18.86,22.725,51,0.0,2,4,2,False,True,False,False,True,False,False,False,5
0,1,18.04,21.97,58,6.0032,3,4,2,False,True,False,False,True,False,False,False,3
0,1,17.22,21.21,67,6.0032,4,4,2,False,True,False,False,True,False,False,False,1
0,1,17.22,21.21,67,6.0032,5,4,2,False,True,False,False,True,False,False,False,27
0,1,17.22,21.21,58,0.0,6,4,2,False,True,False,False,False,True,False,False,126
0,1,18.04,21.97,62,0.0,7,4,2,False,True,False,False,False,True,False,False,366
0,1,18.04,21.97,72,7.0015,8,4,2,False,True,False,False,False,True,False,False,684
0,1,19.68,23.485,55,8.9981,9,4,2,False,True,False,False,False,True,False,False,363
0,1,22.14,25.76,45,8.9981,10,4,2,False,True,False,False,False,True,False,False,167
0,1,24.6,31.06,43,23.9994,11,4,2,False,True,False,False,False,True,False,False,213
0,1,24.6,31.06,46,27.9993,12,4,2,False,True,False,False,False,True,False,False,283
0,1,24.6,31.06,46,16.9979,13,4,2,False,True,False,False,False,True,False,False,251
0,1,25.42,31.06,46,12.998,14,4,2,False,True,False,False,False,True,False,False,258
0,1,26.24,31.06,44,19.0012,15,4,2,False,True,False,False,False,True,False,False,268
0,1,26.24,31.06,44,19.0012,16,4,2,False,True,False,False,False,True,False,False,390
0,1,27.06,31.06,41,19.9995,17,4,2,False,True,False,False,True,False,False,False,744
0,1,27.06,31.06,41,16.9979,18,4,2,False,True,False,False,True,False,False,False,759
0,1,27.06,31.06,39,15.0013,19,4,2,False,True,False,False,True,False,False,False,494
0,1,26.24,31.06,27,15.0013,20,4,2,False,True,False,False,True,False,False,False,372
0,1,24.6,30.305,23,22.0028,21,4,2,False,True,False,False,True,False,False,False,298
0,1,22.96,26.515,22,11.0014,22,4,2,False,True,False,False,True,False,False,False,181
0,1,21.32,25.0,23,27.9993,23,4,2,False,True,False,False,True,False,False,False,131
0,1,21.32,25.0,23,27.9993,0,4,3,False,True,False,False,True,False,False,False,45
0,1,19.68,23.485,27,22.0028,1,4,3,False,True,False,False,True,False,False,False,13
0,1,18.86,22.725,33,30.0026,2,4,3,False,True,False,False,True,False,False,False,18
0,1,17.22,21.21,41,19.9995,3,4,3,False,True,False,False,True,False,False,False,5
0,1,15.58,19.695,43,19.0012,4,4,3,False,True,False,False,True,False,False,False,1
0,1,15.58,19.695,43,19.0012,5,4,3,False,True,False,False,True,False,False,False,29
0,1,14.76,16.665,46,22.0028,6,4,3,False,True,False,False,True,False,False,False,126
0,1,13.94,16.665,49,12.998,7,4,3,False,True,False,False,True,False,False,False,354
0,1,14.76,17.425,46,15.0013,8,4,3,False,True,False,False,True,False,False,False,638
0,1,16.4,20.455,37,16.9979,9,4,3,False,True,False,False,True,False,False,False,351
0,1,17.22,21.21,35,19.0012,10,4,3,False,True,False,False,True,False,False,False,246
0,1,17.22,21.21,38,15.0013,11,4,3,False,True,False,False,False,True,False,False,268
0,1,18.04,21.97,33,0.0,12,4,3,False,True,False,False,True,False,False,False,276
0,1,18.86,22.725,31,0.0,13,4,3,False,True,False,False,True,False,False,False,291
0,1,18.86,22.725,33,11.0014,14,4,3,False,True,False,False,True,False,False,False,287
0,1,20.5,24.24,31,7.0015,15,4,3,False,True,False,False,True,False,False,False,269
0,1,20.5,24.24,31,12.998,16,4,3,False,True,False,False,True,False,False,False,402
0,1,20.5,24.24,31,11.0014,17,4,3,False,True,False,False,True,False,False,False,822
0,1,20.5,24.24,31,7.0015,18,4,3,False,True,False,False,True,False,False,False,698
0,1,19.68,23.485,31,16.9979,19,4,3,False,True,False,False,True,False,False,False,487
0,1,18.04,21.97,41,12.998,20,4,3,False,True,False,False,True,False,False,False,312
0,1,17.22,21.21,47,12.998,21,4,3,False,True,False,False,True,False,False,False,234
0,1,16.4,20.455,47,12.998,22,4,3,False,True,False,False,True,False,False,False,149
0,1,16.4,20.455,50,8.9981,23,4,3,False,True,False,False,True,False,False,False,136
0,1,16.4,20.455,43,0.0,0,4,4,False,True,False,False,True,False,False,False,61
0,1,14.76,17.425,62,8.9981,1,4,4,False,True,False,False,True,False,False,False,38
0,1,14.76,16.665,50,26.0027,2,4,4,False,True,False,False,True,False,False,False,11
0,1,13.94,15.15,53,22.0028,3,4,4,False,True,False,False,True,False,False,False,8
0,1,13.94,15.91,49,16.9979,4,4,4,False,True,False,False,True,False,False,False,5
0,1,13.12,15.15,53,22.0028,5,4,4,False,True,False,False,True,False,False,False,23
0,1,12.3,13.635,49,26.0027,6,4,4,False,True,False,False,True,False,False,False,80
0,1,12.3,14.395,49,19.0012,7,4,4,False,True,False,False,True,False,False,False,246
0,1,12.3,13.635,49,22.0028,8,4,4,False,True,False,False,True,False,False,False,508
0,1,13.94,15.15,42,22.0028,9,4,4,False,True,False,False,True,False,False,False,376
0,1,14.76,16.665,40,22.0028,10,4,4,False,True,False,False,True,False,False,False,238
0,1,16.4,20.455,37,19.9995,11,4,4,False,True,False,False,True,False,False,False,291
0,1,17.22,21.21,35,19.9995,12,4,4,False,True,False,False,True,False,False,False,337
0,1,18.04,21.97,33,22.0028,13,4,4,False,True,False,False,True,False,False,False,411
0,1,19.68,23.485,29,26.0027,14,4,4,False,True,False,False,True,False,False,False,490
0,1,20.5,24.24,27,19.0012,15,4,4,False,True,False,False,True,False,False,False,537
0,1,20.5,24.24,22,27.9993,16,4,4,False,True,False,False,True,False,False,False,536
0,1,21.32,25.0,23,27.9993,17,4,4,False,True,False,False,True,False,False,False,655
0,1,20.5,24.24,22,31.0009,18,4,4,False,True,False,False,True,False,False,False,484
0,1,19.68,23.485,23,19.9995,19,4,4,False,True,False,False,True,False,False,False,412
0,1,18.86,22.725,24,19.0012,20,4,4,False,True,False,False,True,False,False,False,252
0,1,18.04,21.97,26,8.9981,21,4,4,False,True,False,False,True,False,False,False,190
0,1,16.4,20.455,35,15.0013,22,4,4,False,True,False,False,True,False,False,False,158
0,1,17.22,21.21,30,19.0012,23,4,4,False,True,False,False,True,False,False,False,113
0,0,17.22,21.21,26,19.9995,0,4,5,False,True,False,False,True,False,False,False,94
0,0,16.4,20.455,28,16.9979,1,4,5,False,True,False,False,True,False,False,False,69
0,0,14.76,16.665,29,23.9994,2,4,5,False,True,False,False,True,False,False,False,36
0,0,14.76,16.665,32,16.9979,3,4,5,False,True,False,False,True,False,False,False,28
0,0,13.12,15.91,36,11.0014,4,4,5,False,True,False,False,True,False,False,False,7
0,0,13.12,15.91,33,11.0014,5,4,5,False,True,False,False,True,False,False,False,2
0,0,13.12,15.91,36,12.998,6,4,5,False,True,False,False,True,False,False,False,19
0,0,13.12,15.15,33,19.0012,7,4,5,False,True,False,False,True,False,False,False,54
0,0,13.94,15.91,34,16.9979,8,4,5,False,True,False,False,True,False,False,False,123
0,0,16.4,20.455,30,16.9979,9,4,5,False,True,False,False,True,False,False,False,276
0,0,17.22,21.21,28,16.9979,10,4,5,False,True,False,False,True,False,False,False,363
0,0,18.04,21.97,24,19.9995,11,4,5,False,True,False,False,True,False,False,False,495
0,0,18.86,22.725,23,26.0027,12,4,5,False,True,False,False,True,False,False,False,590
0,0,20.5,24.24,22,12.998,13,4,5,False,True,False,False,True,False,False,False,643
0,0,20.5,24.24,22,19.9995,14,4,5,False,True,False,False,True,False,False,False,578
0,0,21.32,25.0,19,27.9993,15,4,5,False,True,False,False,True,False,False,False,626
0,0,22.14,25.76,19,26.0027,16,4,5,False,True,False,False,True,False,False,False,615
0,0,22.14,25.76,19,27.9993,17,4,5,False,True,False,False,True,False,False,False,567
0,0,22.14,25.76,18,19.9995,18,4,5,False,True,False,False,True,False,False,False,517
0,0,22.14,25.76,16,22.0028,19,4,5,False,True,False,False,True,False,False,False,413
0,0,20.5,24.24,20,15.0013,20,4,5,False,True,False,False,True,False,False,False,208
0,0,20.5,24.24,20,12.998,21,4,5,False,True,False,False,True,False,False,False,234
0,0,19.68,23.485,20,12.998,22,4,5,False,True,False,False,True,False,False,False,182
0,0,18.86,22.725,23,15.0013,23,4,5,False,True,False,False,True,False,False,False,118
0,0,18.04,21.97,24,15.0013,0,4,6,False,True,False,False,True,False,False,False,85
0,0,18.04,21.97,24,15.0013,1,4,6,False,True,False,False,True,False,False,False,64
0,0,18.04,21.97,24,15.0013,2,4,6,False,True,False,False,True,False,False,False,32
0,0,17.22,21.21,26,8.9981,3,4,6,False,True,False,False,True,False,False,False,26
0,0,16.4,20.455,40,0.0,4,4,6,False,True,False,False,True,False,False,False,7
0,0,15.58,19.695,46,0.0,5,4,6,False,True,False,False,True,False,False,False,12
0,0,14.76,18.94,37,0.0,6,4,6,False,True,False,False,True,False,False,False,28
0,0,15.58,19.695,27,11.0014,7,4,6,False,True,False,False,True,False,False,False,37
0,0,16.4,20.455,30,12.998,8,4,6,False,True,False,False,True,False,False,False,84
0,0,18.04,21.97,26,15.0013,9,4,6,False,True,False,False,True,False,False,False,179
0,0,20.5,24.24,25,15.0013,10,4,6,False,True,False,False,True,False,False,False,299
0,0,20.5,24.24,25,19.0012,11,4,6,False,True,False,False,True,False,False,False,404
0,0,22.14,25.76,24,16.9979,12,4,6,False,True,False,False,True,False,False,False,457
0,0,23.78,27.275,23,11.0014,13,4,6,False,True,False,False,True,False,False,False,483
0,0,24.6,29.545,18,30.0026,14,4,6,False,True,False,False,True,False,False,False,503
0,0,25.42,30.305,17,23.9994,15,4,6,False,True,False,False,True,False,False,False,486
0,0,26.24,30.305,19,22.0028,16,4,6,False,True,False,False,True,False,False,False,476
0,0,25.42,30.305,22,19.9995,17,4,6,False,True,False,False,True,False,False,False,411
0,0,25.42,30.305,25,22.0028,18,4,6,False,True,False,False,True,False,False,False,310
0,0,24.6,30.305,23,26.0027,19,4,6,False,True,False,False,True,False,False,False,276
0,0,22.96,26.515,28,27.9993,20,4,6,False,True,False,False,True,False,False,False,211
0,0,21.32,25.0,34,15.0013,21,4,6,False,True,False,False,True,False,False,False,130
0,0,20.5,24.24,36,15.0013,22,4,6,False,True,False,False,True,False,False,False,118
0,0,20.5,24.24,39,16.9979,23,4,6,False,True,False,False,True,False,False,False,51
0,1,19.68,23.485,39,19.0012,0,4,0,False,True,False,False,True,False,False,False,37
0,1,18.86,22.725,41,8.9981,1,4,0,False,True,False,False,True,False,False,False,16
0,1,18.86,22.725,31,12.998,2,4,0,False,True,False,False,True,False,False,False,6
0,1,18.04,21.97,30,11.0014,3,4,0,False,True,False,False,True,False,False,False,3
0,1,18.04,21.97,24,12.998,4,4,0,False,True,False,False,True,False,False,False,5
0,1,18.04,21.97,24,12.998,5,4,0,False,True,False,False,True,False,False,False,32
0,1,17.22,21.21,26,15.0013,6,4,0,False,True,False,False,True,False,False,False,111
0,1,17.22,21.21,28,12.998,7,4,0,False,True,False,False,True,False,False,False,331
0,1,18.04,21.97,30,12.998,8,4,0,False,True,False,False,True,False,False,False,617
0,1,18.86,22.725,31,23.9994,9,4,0,False,True,False,False,True,False,False,False,286
0,1,20.5,24.24,27,32.9975,10,4,0,False,True,False,False,True,False,False,False,178
0,1,21.32,25.0,27,27.9993,11,4,0,False,True,False,False,True,False,False,False,223
0,1,22.14,25.76,28,47.9988,12,4,0,False,True,False,False,True,False,False,False,280
0,1,22.14,25.76,28,39.0007,13,4,0,False,True,False,False,True,False,False,False,281
0,1,22.96,26.515,28,36.9974,14,4,0,False,True,False,False,True,False,False,False,218
0,1,23.78,27.275,28,36.9974,15,4,0,False,True,False,False,True,False,False,False,255
0,1,22.96,26.515,30,27.9993,16,4,0,False,True,False,False,True,False,False,False,391
0,1,22.14,25.76,32,27.9993,17,4,0,False,True,False,False,True,False,False,False,632
0,1,22.14,25.76,34,19.9995,18,4,0,False,True,False,False,True,False,False,False,646
0,1,21.32,25.0,34,23.9994,19,4,0,False,True,False,False,True,False,False,False,421
0,1,20.5,24.24,36,30.0026,20,4,0,False,True,False,False,True,False,False,False,276
0,1,19.68,23.485,41,27.9993,21,4,0,False,True,False,False,False,False,True,False,165
0,1,18.86,22.725,41,32.9975,22,4,0,False,True,False,False,False,True,False,False,108
0,1,18.04,21.97,44,19.9995,23,4,0,False,True,False,False,True,False,False,False,67
0,1,18.04,21.97,47,19.0012,0,4,1,False,True,False,False,False,True,False,False,26
0,1,17.22,21.21,50,15.0013,1,4,1,False,True,False,False,True,False,False,False,9
0,1,14.76,17.425,71,8.9981,2,4,1,False,True,False,False,True,False,False,False,2
0,1,14.76,17.425,71,8.9981,3,4,1,False,True,False,False,True,False,False,False,2
0,1,13.94,16.665,71,8.9981,4,4,1,False,True,False,False,True,False,False,False,2
0,1,13.94,16.665,71,8.9981,5,4,1,False,True,False,False,True,False,False,False,24
0,1,13.94,17.425,71,7.0015,6,4,1,False,True,False,False,True,False,False,False,103
0,1,13.94,17.425,71,7.0015,7,4,1,False,True,False,False,True,False,False,False,384
0,1,15.58,19.695,62,8.9981,8,4,1,False,True,False,False,True,False,False,False,692
0,1,17.22,21.21,67,12.998,9,4,1,False,True,False,False,True,False,False,False,319
0,1,18.86,22.725,47,11.0014,10,4,1,False,True,False,False,True,False,False,False,181
0,1,20.5,24.24,36,0.0,11,4,1,False,True,False,False,True,False,False,False,239
0,1,22.14,25.76,22,19.0012,12,4,1,False,True,False,False,True,False,False,False,259
0,1,21.32,25.0,23,11.0014,13,4,1,False,True,False,False,True,False,False,False,283
0,1,22.14,25.76,24,12.998,14,4,1,False,True,False,False,True,False,False,False,224
0,1,22.96,26.515,21,19.9995,15,4,1,False,True,False,False,True,False,False,False,203
0,1,23.78,27.275,21,16.9979,16,4,1,False,True,False,False,True,False,False,False,362
0,1,22.96,26.515,21,35.0008,17,4,1,False,True,False,False,True,False,False,False,744
0,1,22.14,25.76,22,27.9993,18,4,1,False,True,False,False,True,False,False,False,704
0,1,21.32,25.0,20,23.9994,19,4,1,False,True,False,False,True,False,False,False,479
0,1,18.86,22.725,28,26.0027,20,4,1,False,True,False,False,True,False,False,False,282
0,1,18.04,21.97,30,30.0026,21,4,1,False,True,False,False,True,False,False,False,206
0,1,16.4,20.455,37,32.9975,22,4,1,False,True,False,False,True,False,False,False,127
0,1,14.76,16.665,40,27.9993,23,4,1,False,True,False,False,True,False,False,False,62
0,1,13.94,15.15,36,27.9993,0,4,2,False,True,False,False,True,False,False,False,30
0,1,13.94,15.91,39,19.0012,1,4,2,False,True,False,False,True,False,False,False,12
0,1,13.12,15.15,45,19.0012,2,4,2,False,True,False,False,True,False,False,False,2
0,1,12.3,14.395,49,15.0013,3,4,2,False,True,False,False,True,False,False,False,2
0,1,11.48,13.635,56,12.998,5,4,2,False,True,False,False,True,False,False,False,27
0,1,11.48,14.395,56,7.0015,6,4,2,False,True,False,False,True,False,False,False,106
0,1,11.48,14.395,52,8.9981,7,4,2,False,True,False,False,True,False,False,False,321
0,1,12.3,14.395,49,15.0013,8,4,2,False,True,False,False,True,False,False,False,595
0,1,13.12,15.15,49,19.9995,9,4,2,False,True,False,False,False,True,False,False,302
0,1,13.94,15.15,49,22.0028,10,4,2,False,True,False,False,False,True,False,False,153
0,1,15.58,19.695,43,22.0028,11,4,2,False,True,False,False,False,True,False,False,180
0,1,14.76,16.665,46,26.0027,12,4,2,False,True,False,False,False,True,False,False,182
0,1,16.4,20.455,40,23.9994,13,4,2,False,True,False,False,False,True,False,False,163
0,1,14.76,17.425,57,12.998,14,4,2,False,True,False,False,True,False,False,False,135
0,1,15.58,19.695,46,15.0013,15,4,2,False,True,False,False,False,False,True,False,202
0,1,18.04,21.97,33,19.9995,16,4,2,False,True,False,False,True,False,False,False,307
0,1,17.22,21.21,35,26.0027,17,4,2,False,True,False,False,True,False,False,False,579
0,1,16.4,20.455,43,27.9993,18,4,2,False,True,False,False,False,False,True,False,585
0,1,16.4,20.455,40,23.9994,19,4,2,False,True,False,False,True,False,False,False,384
0,1,14.76,16.665,46,22.0028,20,4,2,False,True,False,False,True,False,False,False,235
0,1,13.94,15.15,57,26.0027,21,4,2,False,True,False,False,True,False,False,False,165
0,1,13.94,15.15,57,22.0028,22,4,2,False,True,False,False,True,False,False,False,134
0,1,13.94,15.15,57,19.9995,23,4,2,False,True,False,False,True,False,False,False,61
0,1,13.12,15.15,66,19.0012,0,4,3,False,True,False,False,True,False,False,False,23
0,1,13.12,15.15,66,15.0013,1,4,3,False,True,False,False,True,False,False,False,9
0,1,13.12,15.15,61,19.0012,2,4,3,False,True,False,False,True,False,False,False,4
0,1,13.12,15.15,61,16.9979,3,4,3,False,True,False,False,True,False,False,False,5
0,1,12.3,14.395,61,15.0013,4,4,3,False,True,False,False,True,False,False,False,1
0,1,12.3,14.395,61,15.0013,5,4,3,False,True,False,False,True,False,False,False,21
0,1,12.3,14.395,65,16.9979,6,4,3,False,True,False,False,True,False,False,False,96
0,1,12.3,13.635,65,22.0028,7,4,3,False,True,False,False,True,False,False,False,306
0,1,13.12,15.15,66,22.0028,8,4,3,False,True,False,False,True,False,False,False,624
0,1,14.76,16.665,57,23.9994,9,4,3,False,True,False,False,True,False,False,False,287
0,1,16.4,20.455,50,19.9995,10,4,3,False,True,False,False,True,False,False,False,141
0,1,17.22,21.21,47,19.9995,11,4,3,False,True,False,False,True,False,False,False,224
0,1,18.86,22.725,41,30.0026,12,4,3,False,True,False,False,True,False,False,False,259
0,1,19.68,23.485,36,30.0026,13,4,3,False,True,False,False,True,False,False,False,203
0,1,20.5,24.24,31,22.0028,14,4,3,False,True,False,False,True,False,False,False,224
0,1,19.68,23.485,31,16.9979,15,4,3,False,True,False,False,True,False,False,False,211
0,1,19.68,23.485,31,19.0012,16,4,3,False,True,False,False,True,False,False,False,353
0,1,20.5,24.24,27,26.0027,17,4,3,False,True,False,False,True,False,False,False,656
0,1,20.5,24.24,27,26.0027,18,4,3,False,True,False,False,True,False,False,False,610
0,1,18.86,22.725,31,19.9995,19,4,3,False,True,False,False,True,False,False,False,433
0,1,18.04,21.97,33,16.9979,20,4,3,False,True,False,False,True,False,False,False,280
0,1,17.22,21.21,35,8.9981,21,4,3,False,True,False,False,True,False,False,False,187
0,1,17.22,21.21,35,12.998,22,4,3,False,True,False,False,True,False,False,False,158
0,1,17.22,21.21,35,12.998,23,4,3,False,True,False,False,True,False,False,False,94
0,1,16.4,20.455,37,16.9979,0,4,4,False,True,False,False,True,False,False,False,55
0,1,14.76,17.425,46,12.998,1,4,4,False,True,False,False,True,False,False,False,30
0,1,13.94,16.665,49,12.998,2,4,4,False,True,False,False,True,False,False,False,11
0,1,13.94,16.665,61,11.0014,3,4,4,False,True,False,False,True,False,False,False,11
0,1,13.94,16.665,53,8.9981,4,4,4,False,True,False,False,False,True,False,False,5
0,1,13.94,16.665,53,11.0014,5,4,4,False,True,False,False,False,True,False,False,21
0,1,13.12,15.91,57,11.0014,6,4,4,False,True,False,False,True,False,False,False,84
0,1,13.94,15.91,61,15.0013,7,4,4,False,True,False,False,True,False,False,False,296
0,1,15.58,19.695,46,11.0014,8,4,4,False,True,False,False,True,False,False,False,563
0,1,17.22,21.21,41,11.0014,9,4,4,False,True,False,False,True,False,False,False,330
0,1,18.04,21.97,38,12.998,10,4,4,False,True,False,False,True,False,False,False,192
0,1,18.86,22.725,36,8.9981,11,4,4,False,True,False,False,True,False,False,False,233
0,1,20.5,24.24,31,0.0,12,4,4,False,True,False,False,True,False,False,False,322
0,1,21.32,25.0,27,19.0012,13,4,4,False,True,False,False,True,False,False,False,358
0,1,21.32,25.0,27,0.0,14,4,4,False,True,False,False,True,False,False,False,348
0,1,22.14,25.76,28,16.9979,15,4,4,False,True,False,False,True,False,False,False,352
0,1,22.96,26.515,26,16.9979,16,4,4,False,True,False,False,True,False,False,False,463
0,1,22.96,26.515,24,11.0014,17,4,4,False,True,False,False,True,False,False,False,738
0,1,22.14,25.76,26,8.9981,18,4,4,False,True,False,False,True,False,False,False,671
0,1,22.14,25.76,24,11.0014,19,4,4,False,True,False,False,True,False,False,False,427
0,1,20.5,24.24,29,8.9981,20,4,4,False,True,False,False,True,False,False,False,286
0,1,20.5,24.24,36,0.0,21,4,4,False,True,False,False,True,False,False,False,189
0,1,18.04,21.97,62,7.0015,22,4,4,False,True,False,False,True,False,False,False,215
0,1,17.22,21.21,62,6.0032,23,4,4,False,True,False,False,True,False,False,False,198
0,0,16.4,20.455,58,8.9981,0,4,5,False,True,False,False,True,False,False,False,96
0,0,16.4,20.455,58,8.9981,1,4,5,False,True,False,False,True,False,False,False,70
0,0,15.58,19.695,66,8.9981,2,4,5,False,True,False,False,True,False,False,False,56
0,0,14.76,18.18,66,6.0032,3,4,5,False,True,False,False,True,False,False,False,32
0,0,14.76,18.18,71,7.0015,4,4,5,False,True,False,False,True,False,False,False,14
0,0,14.76,18.18,66,7.0015,5,4,5,False,True,False,False,True,False,False,False,7
0,0,13.94,16.665,76,11.0014,6,4,5,False,True,False,False,True,False,False,False,21
0,0,14.76,18.18,71,7.0015,7,4,5,False,True,False,False,True,False,False,False,64
0,0,14.76,17.425,71,8.9981,8,4,5,False,True,False,False,True,False,False,False,160
0,0,17.22,21.21,54,8.9981,9,4,5,False,True,False,False,True,False,False,False,265
0,0,18.86,22.725,51,11.0014,10,4,5,False,True,False,False,True,False,False,False,406
0,0,21.32,25.0,45,12.998,11,4,5,False,True,False,False,True,False,False,False,564
0,0,23.78,27.275,35,16.9979,12,4,5,False,True,False,False,True,False,False,False,678
0,0,25.42,31.06,33,19.9995,13,4,5,False,True,False,False,True,False,False,False,678
0,0,26.24,31.06,27,30.0026,14,4,5,False,True,False,False,False,True,False,False,660
0,0,26.24,31.06,27,23.9994,15,4,5,False,True,False,False,False,True,False,False,658
0,0,26.24,31.06,27,23.9994,16,4,5,False,True,False,False,False,True,False,False,582
0,0,25.42,31.06,33,16.9979,17,4,5,False,True,False,False,False,True,False,False,560
0,0,25.42,31.06,35,15.0013,18,4,5,False,True,False,False,False,True,False,False,481
0,0,24.6,31.06,40,11.0014,19,4,5,False,True,False,False,False,True,False,False,459
0,0,22.96,26.515,46,8.9981,20,4,5,False,True,False,False,False,True,False,False,321
0,0,22.96,26.515,43,8.9981,21,4,5,False,True,False,False,False,True,False,False,220
0,0,22.14,25.76,52,11.0014,22,4,5,False,True,False,False,False,True,False,False,212
0,0,22.14,25.76,56,12.998,23,4,5,False,True,False,False,False,True,False,False,196
0,0,22.14,25.76,56,12.998,0,4,6,False,True,False,False,False,True,False,False,124
0,0,22.14,25.76,56,11.0014,1,4,6,False,True,False,False,False,True,False,False,106
0,0,22.14,25.76,56,7.0015,2,4,6,False,True,False,False,False,True,False,False,74
0,0,21.32,25.0,59,8.9981,3,4,6,False,True,False,False,False,True,False,False,45
0,0,22.14,25.76,52,0.0,4,4,6,False,True,False,False,False,True,False,False,12
0,0,20.5,24.24,68,11.0014,5,4,6,False,True,False,False,True,False,False,False,10
0,0,20.5,24.24,63,8.9981,6,4,6,False,True,False,False,True,False,False,False,16
0,0,20.5,24.24,63,7.0015,7,4,6,False,True,False,False,True,False,False,False,46
0,0,21.32,25.0,59,0.0,8,4,6,False,True,False,False,True,False,False,False,97
0,0,22.14,25.76,56,15.0013,9,4,6,False,True,False,False,True,False,False,False,251
0,0,23.78,27.275,53,15.0013,10,4,6,False,True,False,False,True,False,False,False,421
0,0,25.42,31.06,46,19.9995,11,4,6,False,True,False,False,True,False,False,False,528
0,0,26.24,31.06,44,19.0012,12,4,6,False,True,False,False,True,False,False,False,635
0,0,27.06,31.06,44,19.0012,13,4,6,False,True,False,False,True,False,False,False,681
0,0,28.7,31.82,39,19.0012,14,4,6,False,True,False,False,True,False,False,False,628
0,0,28.7,31.82,39,26.0027,15,4,6,False,True,False,False,True,False,False,False,617
0,0,29.52,32.575,39,23.9994,16,4,6,False,True,False,False,True,False,False,False,616
0,0,28.7,31.82,42,22.0028,17,4,6,False,True,False,False,True,False,False,False,623
0,0,28.7,31.82,42,16.9979,18,4,6,False,True,False,False,True,False,False,False,479
0,0,28.7,31.82,42,16.9979,19,4,6,False,True,False,False,True,False,False,False,379
0,0,26.24,31.06,50,15.0013,20,4,6,False,True,False,False,True,False,False,False,291
0,0,25.42,31.06,57,16.9979,21,4,6,False,True,False,False,True,False,False,False,229
0,0,27.88,31.82,44,23.9994,22,4,6,False,True,False,False,True,False,False,False,134
0,0,27.06,31.06,50,26.0027,23,4,6,False,True,False,False,True,False,False,False,90
1,0,26.24,31.06,53,22.0028,0,4,0,False,True,False,False,True,False,False,False,41
1,0,25.42,30.305,61,23.9994,1,4,0,False,True,False,False,True,False,False,False,28
1,0,24.6,30.305,64,16.9979,2,4,0,False,True,False,False,True,False,False,False,14
1,0,23.78,27.275,68,12.998,3,4,0,False,True,False,False,True,False,False,False,8
1,0,22.14,25.76,77,15.0013,4,4,0,False,True,False,False,True,False,False,False,6
1,0,22.14,25.76,77,15.0013,5,4,0,False,True,False,False,True,False,False,False,38
1,0,21.32,25.0,83,11.0014,6,4,0,False,True,False,False,True,False,False,False,133
1,0,21.32,25.0,83,8.9981,7,4,0,False,True,False,False,True,False,False,False,387
1,0,22.96,26.515,83,11.0014,8,4,0,False,True,False,False,False,True,False,False,597
1,0,25.42,30.305,69,15.0013,9,4,0,False,True,False,False,True,False,False,False,297
1,0,25.42,30.305,69,16.9979,10,4,0,False,True,False,False,True,False,False,False,224
1,0,26.24,30.305,65,16.9979,11,4,0,False,True,False,False,True,False,False,False,251
1,0,27.88,31.82,57,16.9979,12,4,0,False,True,False,False,True,False,False,False,271
1,0,30.34,33.335,45,19.9995,13,4,0,False,True,False,False,True,False,False,False,263
1,0,31.16,34.09,45,22.0028,14,4,0,False,True,False,False,True,False,False,False,288
1,0,32.8,34.85,33,30.0026,15,4,0,False,True,False,False,True,False,False,False,275
1,0,32.8,34.85,33,31.0009,16,4,0,False,True,False,False,True,False,False,False,358
1,0,32.8,34.85,33,26.0027,17,4,0,False,True,False,False,True,False,False,False,712
1,0,32.8,34.85,31,26.0027,18,4,0,False,True,False,False,True,False,False,False,676
1,0,31.16,33.335,35,26.0027,19,4,0,False,True,False,False,True,False,False,False,522
1,0,30.34,32.575,37,19.9995,20,4,0,False,True,False,False,True,False,False,False,375
1,0,27.88,31.82,51,16.9979,21,4,0,False,True,False,False,True,False,False,False,271
1,0,27.88,31.82,51,16.9979,22,4,0,False,True,False,False,True,False,False,False,214
1,0,28.7,31.82,45,19.9995,23,4,0,False,True,False,False,True,False,False,False,121
0,1,27.06,31.06,54,12.998,0,4,1,False,True,False,False,True,False,False,False,43
0,1,26.24,31.06,57,11.0014,1,4,1,False,True,False,False,True,False,False,False,11
0,1,22.96,26.515,83,7.0015,2,4,1,False,True,False,False,True,False,False,False,4
0,1,22.96,26.515,83,6.0032,3,4,1,False,True,False,False,True,False,False,False,6
0,1,27.06,31.06,44,15.0013,4,4,1,False,True,False,False,True,False,False,False,9
0,1,24.6,31.06,53,16.9979,5,4,1,False,True,False,False,True,False,False,False,30
0,1,24.6,31.06,46,16.9979,6,4,1,False,True,False,False,True,False,False,False,144
0,1,24.6,31.06,43,16.9979,7,4,1,False,True,False,False,True,False,False,False,461
0,1,24.6,31.06,43,15.0013,8,4,1,False,True,False,False,True,False,False,False,673
0,1,24.6,31.06,38,32.9975,9,4,1,False,True,False,False,True,False,False,False,400
0,1,24.6,31.06,38,27.9993,10,4,1,False,True,False,False,True,False,False,False,217
0,1,24.6,31.06,33,27.9993,11,4,1,False,True,False,False,True,False,False,False,239
0,1,24.6,31.06,33,23.9994,12,4,1,False,True,False,False,True,False,False,False,244
0,1,25.42,31.06,29,16.9979,13,4,1,False,True,False,False,True,False,False,False,239
0,1,26.24,31.06,27,19.0012,14,4,1,False,True,False,False,True,False,False,False,257
0,1,27.06,31.06,24,22.0028,15,4,1,False,True,False,False,True,False,False,False,308
0,1,27.88,31.06,22,23.9994,16,4,1,False,True,False,False,True,False,False,False,370
0,1,26.24,30.305,25,19.9995,17,4,1,False,True,False,False,True,False,False,False,781
0,1,26.24,30.305,25,19.0012,18,4,1,False,True,False,False,True,False,False,False,775
0,1,24.6,30.305,26,16.9979,19,4,1,False,True,False,False,True,False,False,False,537
0,1,24.6,30.305,23,19.0012,20,4,1,False,True,False,False,True,False,False,False,402
0,1,22.96,26.515,26,19.9995,21,4,1,False,True,False,False,True,False,False,False,297
0,1,22.14,25.76,30,16.9979,22,4,1,False,True,False,False,True,False,False,False,162
0,1,22.14,25.76,32,15.0013,23,4,1,False,True,False,False,True,False,False,False,82
0,1,22.14,25.76,32,11.0014,0,4,2,False,True,False,False,True,False,False,False,38
0,1,21.32,25.0,34,12.998,1,4,2,False,True,False,False,True,False,False,False,14
0,1,20.5,24.24,42,12.998,2,4,2,False,True,False,False,False,True,False,False,9
0,1,20.5,24.24,42,15.0013,3,4,2,False,True,False,False,False,True,False,False,6
0,1,20.5,24.24,42,19.0012,4,4,2,False,True,False,False,False,True,False,False,7
0,1,20.5,24.24,39,19.0012,5,4,2,False,True,False,False,False,True,False,False,34
0,1,20.5,24.24,39,19.0012,6,4,2,False,True,False,False,False,True,False,False,134
0,1,20.5,24.24,39,12.998,7,4,2,False,True,False,False,False,True,False,False,418
0,1,20.5,24.24,39,12.998,8,4,2,False,True,False,False,False,False,True,False,576
0,1,19.68,23.485,44,19.9995,9,4,2,False,True,False,False,False,False,True,False,265
0,1,19.68,23.485,47,15.0013,10,4,2,False,True,False,False,False,False,True,False,147
0,1,18.86,22.725,47,16.9979,11,4,2,False,True,False,False,False,False,True,False,119
0,1,18.86,22.725,51,7.0015,12,4,2,False,True,False,False,False,False,True,False,110
0,1,18.86,22.725,59,0.0,13,4,2,False,True,False,False,False,False,True,False,64
0,1,18.04,21.97,72,7.0015,14,4,2,False,True,False,False,False,False,True,False,51
0,1,17.22,21.21,77,12.998,15,4,2,False,True,False,False,False,False,True,False,98
0,1,17.22,21.21,77,15.0013,16,4,2,False,True,False,False,False,True,False,False,235
0,1,17.22,21.21,77,12.998,17,4,2,False,True,False,False,False,True,False,False,488
0,1,17.22,21.21,77,0.0,18,4,2,False,True,False,False,False,True,False,False,505
0,1,17.22,21.21,77,8.9981,19,4,2,False,True,False,False,False,True,False,False,368
0,1,17.22,21.21,77,7.0015,20,4,2,False,True,False,False,False,True,False,False,260
0,1,17.22,21.21,82,6.0032,21,4,2,False,True,False,False,False,True,False,False,189
0,1,17.22,21.21,77,6.0032,22,4,2,False,True,False,False,False,True,False,False,162
0,1,17.22,21.21,77,0.0,23,4,2,False,True,False,False,False,True,False,False,70
0,1,17.22,21.21,77,0.0,0,4,3,False,True,False,False,False,False,True,False,25
0,1,17.22,21.21,77,7.0015,1,4,3,False,True,False,False,False,False,True,False,13
0,1,17.22,21.21,77,0.0,2,4,3,False,True,False,False,False,True,False,False,6
0,1,17.22,21.21,77,0.0,3,4,3,False,True,False,False,False,True,False,False,4
0,1,17.22,21.21,71,0.0,4,4,3,False,True,False,False,False,True,False,False,4
0,1,16.4,20.455,82,0.0,5,4,3,False,True,False,False,True,False,False,False,30
0,1,16.4,20.455,82,7.0015,6,4,3,False,True,False,False,False,True,False,False,120
0,1,16.4,20.455,82,8.9981,7,4,3,False,True,False,False,False,True,False,False,406
0,1,17.22,21.21,82,7.0015,8,4,3,False,True,False,False,False,True,False,False,677
0,1,18.86,22.725,72,0.0,9,4,3,False,True,False,False,False,True,False,False,301
0,1,19.68,23.485,63,6.0032,10,4,3,False,True,False,False,True,False,False,False,189
0,1,21.32,25.0,48,0.0,11,4,3,False,True,False,False,True,False,False,False,229
0,1,22.14,25.76,49,0.0,12,4,3,False,True,False,False,True,False,False,False,264
0,1,22.96,26.515,46,0.0,13,4,3,False,True,False,False,True,False,False,False,238
0,1,23.78,27.275,43,0.0,14,4,3,False,True,False,False,True,False,False,False,237
0,1,24.6,31.06,43,0.0,15,4,3,False,True,False,False,True,False,False,False,262
0,1,25.42,31.06,41,7.0015,16,4,3,False,True,False,False,True,False,False,False,387
0,1,24.6,31.06,43,6.0032,17,4,3,False,True,False,False,True,False,False,False,748
0,1,24.6,31.06,43,6.0032,18,4,3,False,True,False,False,True,False,False,False,776
0,1,23.78,27.275,46,8.9981,19,4,3,False,True,False,False,True,False,False,False,586
0,1,22.96,26.515,49,15.0013,20,4,3,False,True,False,False,True,False,False,False,404
0,1,21.32,25.0,55,7.0015,21,4,3,False,True,False,False,True,False,False,False,267
0,1,21.32,25.0,59,12.998,22,4,3,False,True,False,False,True,False,False,False,248
0,1,20.5,24.24,63,7.0015,23,4,3,False,True,False,False,True,False,False,False,144
0,1,20.5,24.24,59,12.998,0,5,1,False,True,False,False,False,True,False,False,35
0,1,20.5,24.24,63,8.9981,1,5,1,False,True,False,False,False,True,False,False,21
0,1,20.5,24.24,72,6.0032,2,5,1,False,True,False,False,False,True,False,False,8
0,1,20.5,24.24,77,0.0,3,5,1,False,True,False,False,False,True,False,False,3
0,1,21.32,25.0,72,6.0032,4,5,1,False,True,False,False,False,True,False,False,8
0,1,21.32,25.0,72,6.0032,5,5,1,False,True,False,False,False,True,False,False,17
0,1,21.32,25.0,77,7.0015,6,5,1,False,True,False,False,False,False,True,False,26
0,1,20.5,24.24,94,16.9979,7,5,1,False,True,False,False,False,True,False,False,169
0,1,21.32,25.0,94,19.0012,8,5,1,False,True,False,False,False,True,False,False,557
0,1,22.14,25.76,88,12.998,9,5,1,False,True,False,False,False,True,False,False,349
0,1,25.42,29.545,78,16.9979,10,5,1,False,True,False,False,True,False,False,False,174
0,1,27.06,31.06,65,19.0012,11,5,1,False,True,False,False,False,True,False,False,229
0,1,28.7,32.575,58,15.0013,12,5,1,False,True,False,False,False,True,False,False,269
0,1,29.52,33.335,51,15.0013,13,5,1,False,True,False,False,False,True,False,False,249
0,1,30.34,33.335,48,16.9979,14,5,1,False,True,False,False,False,True,False,False,204
0,1,30.34,33.335,45,15.0013,15,5,1,False,True,False,False,False,True,False,False,234
0,1,30.34,33.335,45,12.998,16,5,1,False,True,False,False,True,False,False,False,354
0,1,30.34,33.335,48,6.0032,17,5,1,False,True,False,False,True,False,False,False,681
0,1,28.7,32.575,54,8.9981,18,5,1,False,True,False,False,True,False,False,False,743
0,1,28.7,32.575,54,8.9981,19,5,1,False,True,False,False,True,False,False,False,487
0,1,27.06,31.06,61,11.0014,20,5,1,False,True,False,False,True,False,False,False,335
0,1,26.24,30.305,65,8.9981,21,5,1,False,True,False,False,True,False,False,False,282
0,1,26.24,30.305,65,0.0,22,5,1,False,True,False,False,True,False,False,False,211
0,1,24.6,28.79,78,0.0,23,5,1,False,True,False,False,True,False,False,False,95
0,1,24.6,28.79,78,7.0015,0,5,2,False,True,False,False,True,False,False,False,47
0,1,22.96,26.515,83,0.0,1,5,2,False,True,False,False,True,False,False,False,15
0,1,22.96,26.515,83,0.0,2,5,2,False,True,False,False,True,False,False,False,16
0,1,22.96,26.515,83,6.0032,3,5,2,False,True,False,False,True,False,False,False,6
0,1,22.14,25.76,88,0.0,4,5,2,False,True,False,False,True,False,False,False,4
0,1,22.14,25.76,90,8.9981,5,5,2,False,True,False,False,True,False,False,False,33
0,1,22.96,26.515,84,0.0,6,5,2,False,True,False,False,False,False,True,False,120
0,1,22.14,25.76,88,12.998,7,5,2,False,True,False,False,False,True,False,False,358
0,1,22.96,26.515,88,0.0,8,5,2,False,True,False,False,False,True,False,False,666
0,1,22.96,26.515,88,0.0,9,5,2,False,True,False,False,False,True,False,False,315
0,1,23.78,27.275,83,7.0015,10,5,2,False,True,False,False,False,True,False,False,175
0,1,23.78,27.275,81,8.9981,11,5,2,False,True,False,False,False,True,False,False,184
0,1,23.78,27.275,83,15.0013,12,5,2,False,True,False,False,False,True,False,False,245
0,1,23.78,27.275,78,12.998,13,5,2,False,True,False,False,False,True,False,False,228
0,1,25.42,30.305,69,6.0032,14,5,2,False,True,False,False,True,False,False,False,240
0,1,26.24,30.305,65,12.998,15,5,2,False,True,False,False,True,False,False,False,256
0,1,26.24,30.305,65,11.0014,16,5,2,False,True,False,False,True,False,False,False,367
0,1,24.6,29.545,73,16.9979,17,5,2,False,True,False,False,True,False,False,False,729
0,1,22.96,26.515,73,15.0013,18,5,2,False,True,False,False,True,False,False,False,813
0,1,22.14,25.76,77,16.9979,19,5,2,False,True,False,False,True,False,False,False,504
0,1,21.32,25.0,77,16.9979,20,5,2,False,True,False,False,True,False,False,False,338
0,1,21.32,25.0,77,15.0013,21,5,2,False,True,False,False,True,False,False,False,239
0,1,20.5,24.24,82,15.0013,22,5,2,False,True,False,False,True,False,False,False,173
0,1,20.5,24.24,77,16.9979,23,5,2,False,True,False,False,False,True,False,False,98
0,1,19.68,23.485,82,15.0013,0,5,3,False,True,False,False,False,True,False,False,90
0,1,18.86,22.725,88,7.0015,1,5,3,False,True,False,False,False,True,False,False,24
0,1,18.86,22.725,88,8.9981,2,5,3,False,True,False,False,False,True,False,False,17
0,1,18.86,22.725,88,0.0,3,5,3,False,True,False,False,False,True,False,False,6
0,1,18.86,22.725,88,16.9979,4,5,3,False,True,False,False,False,True,False,False,2
0,1,18.86,22.725,88,16.9979,5,5,3,False,True,False,False,False,True,False,False,21
0,1,18.86,22.725,88,11.0014,6,5,3,False,True,False,False,False,True,False,False,136
0,1,18.04,21.97,94,7.0015,7,5,3,False,True,False,False,False,False,True,False,384
0,1,18.86,22.725,88,12.998,8,5,3,False,True,False,False,False,False,True,False,627
0,1,19.68,23.485,88,7.0015,9,5,3,False,True,False,False,False,True,False,False,304
0,1,21.32,25.0,77,0.0,10,5,3,False,True,False,False,False,True,False,False,168
0,1,22.14,25.76,77,0.0,11,5,3,False,True,False,False,True,False,False,False,201
0,1,22.96,26.515,73,8.9981,12,5,3,False,True,False,False,True,False,False,False,301
0,1,24.6,29.545,69,12.998,13,5,3,False,True,False,False,True,False,False,False,265
0,1,26.24,30.305,65,12.998,14,5,3,False,True,False,False,True,False,False,False,204
0,1,27.06,31.06,61,12.998,15,5,3,False,True,False,False,True,False,False,False,283
0,1,27.88,31.82,57,11.0014,16,5,3,False,True,False,False,True,False,False,False,370
0,1,29.52,33.335,54,8.9981,17,5,3,False,True,False,False,True,False,False,False,704
0,1,29.52,33.335,58,8.9981,18,5,3,False,True,False,False,True,False,False,False,706
0,1,28.7,32.575,61,12.998,19,5,3,False,True,False,False,True,False,False,False,522
0,1,26.24,30.305,73,12.998,20,5,3,False,True,False,False,True,False,False,False,420
0,1,25.42,29.545,78,8.9981,21,5,3,False,True,False,False,True,False,False,False,299
0,1,25.42,29.545,78,0.0,22,5,3,False,True,False,False,True,False,False,False,246
0,1,24.6,28.03,83,0.0,23,5,3,False,True,False,False,True,False,False,False,121
0,1,24.6,28.79,78,22.0028,0,5,4,False,True,False,False,True,False,False,False,89
0,1,24.6,28.79,78,7.0015,1,5,4,False,True,False,False,True,False,False,False,48
0,1,23.78,27.275,83,8.9981,2,5,4,False,True,False,False,True,False,False,False,11
0,1,22.96,26.515,88,15.0013,3,5,4,False,True,False,False,True,False,False,False,14
0,1,22.96,26.515,88,12.998,4,5,4,False,True,False,False,True,False,False,False,4
0,1,22.96,26.515,88,12.998,5,5,4,False,True,False,False,True,False,False,False,24
0,1,22.14,25.76,94,7.0015,6,5,4,False,True,False,False,True,False,False,False,135
0,1,22.96,26.515,88,0.0,7,5,4,False,True,False,False,True,False,False,False,356
0,1,22.96,26.515,88,0.0,8,5,4,False,True,False,False,True,False,False,False,618
0,1,24.6,28.79,78,0.0,9,5,4,False,True,False,False,True,False,False,False,294
0,1,25.42,29.545,73,8.9981,10,5,4,False,True,False,False,False,True,False,False,199
0,1,28.7,32.575,61,0.0,11,5,4,False,True,False,False,False,True,False,False,258
0,1,25.42,29.545,78,23.9994,12,5,4,False,True,False,False,False,False,True,False,171
0,1,26.24,30.305,73,0.0,13,5,4,False,True,False,False,False,True,False,False,278
0,1,27.06,31.06,74,19.0012,14,5,4,False,True,False,False,False,True,False,False,242
0,1,29.52,34.09,62,7.0015,15,5,4,False,True,False,False,False,True,False,False,343
0,1,31.16,34.09,48,11.0014,16,5,4,False,True,False,False,True,False,False,False,440
0,1,28.7,32.575,54,31.0009,17,5,4,False,True,False,False,True,False,False,False,643
0,1,28.7,32.575,54,31.0009,18,5,4,False,True,False,False,True,False,False,False,641
0,1,28.7,32.575,51,8.9981,19,5,4,False,True,False,False,True,False,False,False,452
0,1,27.88,31.82,51,7.0015,20,5,4,False,True,False,False,True,False,False,False,313
0,1,26.24,30.305,69,12.998,21,5,4,False,True,False,False,True,False,False,False,235
0,1,24.6,28.03,83,8.9981,22,5,4,False,True,False,False,True,False,False,False,232
0,1,24.6,28.03,83,6.0032,23,5,4,False,True,False,False,True,False,False,False,256
0,0,24.6,28.03,83,0.0,0,5,5,False,True,False,False,True,False,False,False,153
0,0,24.6,28.03,83,0.0,1,5,5,False,True,False,False,True,False,False,False,107
0,0,23.78,27.275,88,0.0,2,5,5,False,True,False,False,True,False,False,False,75
0,0,23.78,27.275,83,0.0,3,5,5,False,True,False,False,True,False,False,False,32
0,0,22.96,26.515,88,7.0015,4,5,5,False,True,False,False,True,False,False,False,9
0,0,22.96,26.515,88,6.0032,5,5,5,False,True,False,False,True,False,False,False,22
0,0,22.14,25.76,94,0.0,6,5,5,False,True,False,False,False,True,False,False,42
0,0,22.96,26.515,88,0.0,7,5,5,False,True,False,False,True,False,False,False,87
0,0,23.78,27.275,83,6.0032,8,5,5,False,True,False,False,True,False,False,False,197
0,0,25.42,29.545,78,7.0015,9,5,5,False,True,False,False,True,False,False,False,284
0,0,27.06,31.06,65,8.9981,10,5,5,False,True,False,False,True,False,False,False,432
0,0,28.7,32.575,58,6.0032,11,5,5,False,True,False,False,True,False,False,False,575
0,0,29.52,33.335,58,7.0015,12,5,5,False,True,False,False,True,False,False,False,550
0,0,30.34,34.09,55,8.9981,13,5,5,False,True,False,False,True,False,False,False,524
0,0,28.7,32.575,61,19.9995,14,5,5,False,True,False,False,False,False,True,False,428
0,0,27.06,31.06,74,12.998,15,5,5,False,True,False,False,False,False,True,False,541
0,0,27.88,31.82,65,26.0027,16,5,5,False,True,False,False,False,True,False,False,540
0,0,27.88,31.82,65,19.9995,17,5,5,False,True,False,False,False,True,False,False,502
0,0,27.06,31.06,69,23.9994,18,5,5,False,True,False,False,False,True,False,False,434
0,0,25.42,29.545,73,22.0028,19,5,5,False,True,False,False,False,True,False,False,405
0,0,24.6,28.79,78,16.9979,20,5,5,False,True,False,False,True,False,False,False,309
0,0,23.78,27.275,78,15.0013,21,5,5,False,True,False,False,False,True,False,False,269
0,0,23.78,27.275,78,12.998,22,5,5,False,True,False,False,False,True,False,False,217
0,0,22.96,26.515,83,19.0012,23,5,5,False,True,False,False,False,True,False,False,149
0,0,22.96,26.515,83,8.9981,0,5,6,False,True,False,False,False,True,False,False,134
0,0,22.14,25.76,83,15.0013,1,5,6,False,True,False,False,False,True,False,False,121
0,0,22.14,25.76,83,19.0012,2,5,6,False,True,False,False,False,True,False,False,93
0,0,22.14,25.76,83,12.998,3,5,6,False,True,False,False,False,True,False,False,28
0,0,21.32,25.0,83,11.0014,4,5,6,False,True,False,False,False,False,True,False,16
0,0,21.32,25.0,83,11.0014,5,5,6,False,True,False,False,False,False,True,False,11
0,0,21.32,25.0,83,15.0013,6,5,6,False,True,False,False,False,False,True,False,17
0,0,21.32,25.0,83,11.0014,7,5,6,False,True,False,False,False,False,True,False,36
0,0,20.5,24.24,88,8.9981,8,5,6,False,True,False,False,False,True,False,False,114
0,0,21.32,25.0,83,11.0014,9,5,6,False,True,False,False,False,True,False,False,191
0,0,22.14,25.76,77,7.0015,10,5,6,False,True,False,False,False,True,False,False,333
0,0,22.96,26.515,73,7.0015,11,5,6,False,True,False,False,True,False,False,False,414
0,0,24.6,30.305,64,6.0032,12,5,6,False,True,False,False,False,True,False,False,558
0,0,24.6,30.305,64,0.0,13,5,6,False,True,False,False,False,True,False,False,565
0,0,24.6,30.305,64,7.0015,14,5,6,False,True,False,False,False,True,False,False,518
0,0,25.42,30.305,61,7.0015,15,5,6,False,True,False,False,False,True,False,False,571
0,0,25.42,30.305,61,0.0,16,5,6,False,True,False,False,False,True,False,False,544
0,0,25.42,30.305,65,8.9981,17,5,6,False,True,False,False,False,True,False,False,511
0,0,25.42,30.305,61,12.998,18,5,6,False,True,False,False,False,True,False,False,463
0,0,24.6,30.305,64,11.0014,19,5,6,False,True,False,False,False,True,False,False,383
0,0,24.6,30.305,64,12.998,20,5,6,False,True,False,False,True,False,False,False,276
0,0,22.96,26.515,73,12.998,21,5,6,False,True,False,False,True,False,False,False,203
0,0,22.96,26.515,73,11.0014,22,5,6,False,True,False,False,True,False,False,False,157
0,0,21.32,25.0,77,12.998,23,5,6,False,True,False,False,True,False,False,False,102
0,1,21.32,25.0,77,8.9981,0,5,0,False,True,False,False,False,True,False,False,34
0,1,21.32,25.0,77,12.998,1,5,0,False,True,False,False,False,True,False,False,9
0,1,20.5,24.24,77,12.998,2,5,0,False,True,False,False,True,False,False,False,6
0,1,20.5,24.24,77,12.998,3,5,0,False,True,False,False,True,False,False,False,5
0,1,18.86,22.725,88,8.9981,4,5,0,False,True,False,False,False,True,False,False,2
0,1,18.86,22.725,88,7.0015,5,5,0,False,True,False,False,True,False,False,False,23
0,1,18.86,22.725,88,7.0015,6,5,0,False,True,False,False,True,False,False,False,142
0,1,19.68,23.485,82,7.0015,7,5,0,False,True,False,False,False,True,False,False,385
0,1,20.5,24.24,82,12.998,8,5,0,False,True,False,False,False,True,False,False,639
0,1,20.5,24.24,82,15.0013,9,5,0,False,True,False,False,False,True,False,False,350
0,1,21.32,25.0,77,12.998,10,5,0,False,True,False,False,False,True,False,False,190
0,1,22.14,25.76,73,12.998,11,5,0,False,True,False,False,False,True,False,False,213
0,1,22.96,26.515,68,15.0013,12,5,0,False,True,False,False,False,True,False,False,263
0,1,24.6,31.06,53,22.0028,13,5,0,False,True,False,False,False,True,False,False,272
0,1,25.42,31.06,50,23.9994,14,5,0,False,True,False,False,False,True,False,False,239
0,1,25.42,31.06,53,19.9995,15,5,0,False,True,False,False,False,True,False,False,262
0,1,24.6,31.06,53,26.0027,16,5,0,False,True,False,False,False,True,False,False,388
0,1,24.6,31.06,53,22.0028,17,5,0,False,True,False,False,False,True,False,False,769
0,1,24.6,31.06,53,23.9994,18,5,0,False,True,False,False,False,True,False,False,680
0,1,23.78,27.275,56,22.0028,19,5,0,False,True,False,False,True,False,False,False,546
0,1,22.14,25.76,52,19.0012,20,5,0,False,True,False,False,True,False,False,False,323
0,1,22.14,25.76,45,15.0013,21,5,0,False,True,False,False,False,True,False,False,247
0,1,22.14,25.76,45,16.9979,22,5,0,False,True,False,False,False,True,False,False,173
0,1,22.14,25.76,45,12.998,23,5,0,False,True,False,False,False,True,False,False,113
0,1,21.32,25.0,52,16.9979,0,5,1,False,True,False,False,False,True,False,False,38
0,1,21.32,25.0,59,15.0013,1,5,1,False,True,False,False,False,True,False,False,9
0,1,21.32,25.0,63,19.9995,2,5,1,False,True,False,False,False,True,False,False,16
0,1,21.32,25.0,68,19.0012,3,5,1,False,True,False,False,False,True,False,False,6
0,1,21.32,25.0,68,22.0028,4,5,1,False,True,False,False,False,True,False,False,5
0,1,21.32,25.0,72,19.0012,5,5,1,False,True,False,False,False,True,False,False,20
0,1,20.5,24.24,77,19.9995,6,5,1,False,True,False,False,True,False,False,False,165
0,1,21.32,25.0,72,19.0012,7,5,1,False,True,False,False,True,False,False,False,463
0,1,22.14,25.76,73,19.9995,8,5,1,False,True,False,False,False,True,False,False,641
0,1,22.96,26.515,68,23.9994,9,5,1,False,True,False,False,False,True,False,False,295
0,1,23.78,27.275,68,27.9993,10,5,1,False,True,False,False,False,True,False,False,157
0,1,24.6,30.305,64,26.0027,11,5,1,False,True,False,False,False,True,False,False,217
0,1,25.42,30.305,65,22.0028,12,5,1,False,True,False,False,False,True,False,False,263
0,1,26.24,30.305,65,16.9979,13,5,1,False,True,False,False,False,False,True,False,219
0,1,25.42,30.305,69,22.0028,14,5,1,False,True,False,False,False,False,True,False,71
0,1,25.42,29.545,73,16.9979,15,5,1,False,True,False,False,False,False,True,False,134
0,1,26.24,30.305,73,15.0013,16,5,1,False,True,False,False,False,False,True,False,389
0,1,26.24,30.305,69,19.0012,17,5,1,False,True,False,False,False,True,False,False,717
0,1,26.24,30.305,69,19.0012,18,5,1,False,True,False,False,False,True,False,False,710
0,1,26.24,30.305,69,19.0012,19,5,1,False,True,False,False,False,True,False,False,458
0,1,26.24,30.305,69,19.0012,20,5,1,False,True,False,False,False,True,False,False,302
0,1,26.24,30.305,65,19.0012,21,5,1,False,True,False,False,False,True,False,False,223
0,1,24.6,28.79,78,16.9979,22,5,1,False,True,False,False,False,False,True,False,147
0,1,24.6,28.79,78,22.0028,23,5,1,False,True,False,False,False,False,True,False,63
0,1,23.78,27.275,83,12.998,0,5,2,False,True,False,False,False,True,False,False,35
0,1,24.6,28.79,78,16.9979,1,5,2,False,True,False,False,False,True,False,False,14
0,1,22.96,26.515,88,30.0026,2,5,2,False,True,False,False,False,False,True,False,1
0,1,22.96,26.515,88,11.0014,3,5,2,False,True,False,False,False,False,True,False,2
0,1,22.96,26.515,88,15.0013,4,5,2,False,True,False,False,False,False,True,False,5
0,1,22.96,26.515,88,8.9981,5,5,2,False,True,False,False,False,True,False,False,28
0,1,22.96,26.515,88,7.0015,6,5,2,False,True,False,False,False,True,False,False,126
0,1,22.96,26.515,94,12.998,7,5,2,False,True,False,False,False,True,False,False,418
0,1,24.6,28.03,83,8.9981,8,5,2,False,True,False,False,False,True,False,False,622
0,1,24.6,28.03,83,0.0,9,5,2,False,True,False,False,False,True,False,False,325
0,1,25.42,30.305,65,16.9979,10,5,2,False,True,False,False,False,True,False,False,153
0,1,25.42,31.06,59,19.9995,11,5,2,False,True,False,False,False,True,False,False,201
0,1,25.42,31.06,57,15.0013,12,5,2,False,True,False,False,False,True,False,False,280
0,1,26.24,31.06,53,16.9979,13,5,2,False,True,False,False,False,True,False,False,266
0,1,26.24,31.06,53,16.9979,14,5,2,False,True,False,False,False,True,False,False,243
0,1,26.24,31.06,53,7.0015,15,5,2,False,True,False,False,False,True,False,False,259
0,1,27.06,31.06,50,12.998,16,5,2,False,True,False,False,False,True,False,False,357
0,1,26.24,31.06,53,8.9981,17,5,2,False,True,False,False,False,True,False,False,705
0,1,21.32,25.0,77,39.0007,18,5,2,False,True,False,False,False,False,True,False,372
0,1,20.5,24.24,77,23.9994,19,5,2,False,True,False,False,False,False,True,False,98
0,1,20.5,24.24,82,15.0013,20,5,2,False,True,False,False,False,False,True,False,51
0,1,20.5,24.24,82,11.0014,21,5,2,False,True,False,False,False,False,True,False,34
0,1,19.68,23.485,82,7.0015,22,5,2,False,True,False,False,False,False,True,False,67
0,1,19.68,23.485,82,12.998,23,5,2,False,True,False,False,False,False,True,False,55
0,1,20.5,24.24,77,11.0014,0,5,3,False,True,False,False,False,False,True,False,33
0,1,19.68,23.485,88,8.9981,1,5,3,False,True,False,False,False,True,False,False,11
0,1,19.68,23.485,88,7.0015,2,5,3,False,True,False,False,False,True,False,False,3
0,1,18.86,22.725,88,15.0013,3,5,3,False,True,False,False,True,False,False,False,3
0,1,18.86,22.725,77,12.998,4,5,3,False,True,False,False,True,False,False,False,2
0,1,18.86,22.725,72,19.9995,5,5,3,False,True,False,False,True,False,False,False,24
0,1,18.04,21.97,72,15.0013,6,5,3,False,True,False,False,True,False,False,False,139
0,1,18.04,21.97,72,19.9995,7,5,3,False,True,False,False,True,False,False,False,401
0,1,18.86,22.725,67,23.9994,8,5,3,False,True,False,False,True,False,False,False,630
0,1,20.5,24.24,59,31.0009,9,5,3,False,True,False,False,True,False,False,False,361
0,1,20.5,24.24,51,27.9993,10,5,3,False,True,False,False,True,False,False,False,154
0,1,21.32,25.0,48,35.0008,11,5,3,False,True,False,False,True,False,False,False,256
0,1,21.32,25.0,48,27.9993,12,5,3,False,True,False,False,True,False,False,False,272
0,1,22.14,25.76,39,30.0026,13,5,3,False,True,False,False,True,False,False,False,318
0,1,22.96,26.515,37,27.9993,14,5,3,False,True,False,False,True,False,False,False,247
0,1,22.14,25.76,37,26.0027,15,5,3,False,True,False,False,True,False,False,False,271
0,1,23.78,27.275,30,31.0009,16,5,3,False,True,False,False,True,False,False,False,421
0,1,24.6,31.06,31,26.0027,17,5,3,False,True,False,False,True,False,False,False,732
0,1,22.96,26.515,35,35.0008,18,5,3,False,True,False,False,True,False,False,False,770
0,1,22.14,25.76,37,23.9994,19,5,3,False,True,False,False,True,False,False,False,553
0,1,21.32,25.0,40,22.0028,20,5,3,False,True,False,False,True,False,False,False,374
0,1,20.5,24.24,42,12.998,21,5,3,False,True,False,False,True,False,False,False,230
0,1,20.5,24.24,42,7.0015,22,5,3,False,True,False,False,True,False,False,False,232
0,1,19.68,23.485,48,7.0015,23,5,3,False,True,False,False,True,False,False,False,135
0,1,18.86,22.725,55,7.0015,0,5,4,False,True,False,False,True,False,False,False,64
0,1,18.86,22.725,51,8.9981,1,5,4,False,True,False,False,True,False,False,False,46
0,1,18.86,22.725,44,11.0014,2,5,4,False,True,False,False,True,False,False,False,31
0,1,18.86,22.725,41,19.0012,3,5,4,False,True,False,False,True,False,False,False,13
0,1,17.22,21.21,50,12.998,4,5,4,False,True,False,False,True,False,False,False,9
0,1,17.22,21.21,47,11.0014,5,5,4,False,True,False,False,True,False,False,False,26
0,1,17.22,21.21,50,16.9979,6,5,4,False,True,False,False,True,False,False,False,135
0,1,17.22,21.21,50,16.9979,7,5,4,False,True,False,False,True,False,False,False,351
0,1,18.86,22.725,44,16.9979,8,5,4,False,True,False,False,True,False,False,False,620
0,1,19.68,23.485,41,19.9995,9,5,4,False,True,False,False,True,False,False,False,322
0,1,21.32,25.0,36,22.0028,10,5,4,False,True,False,False,True,False,False,False,210
0,1,22.96,26.515,35,16.9979,11,5,4,False,True,False,False,True,False,False,False,291
0,1,22.96,26.515,28,27.9993,12,5,4,False,True,False,False,True,False,False,False,348
0,1,24.6,30.305,26,26.0027,13,5,4,False,True,False,False,True,False,False,False,363
0,1,25.42,30.305,23,15.0013,14,5,4,False,True,False,False,True,False,False,False,334
0,1,25.42,30.305,25,12.998,15,5,4,False,True,False,False,True,False,False,False,439
0,1,25.42,30.305,25,22.0028,16,5,4,False,True,False,False,True,False,False,False,525
0,1,26.24,30.305,23,16.9979,17,5,4,False,True,False,False,True,False,False,False,779
0,1,26.24,30.305,23,19.0012,18,5,4,False,True,False,False,True,False,False,False,596
0,1,26.24,30.305,23,16.9979,19,5,4,False,True,False,False,True,False,False,False,503
0,1,25.42,30.305,25,8.9981,20,5,4,False,True,False,False,True,False,False,False,341
0,1,24.6,30.305,28,7.0015,21,5,4,False,True,False,False,True,False,False,False,270
0,1,22.96,26.515,35,15.0013,22,5,4,False,True,False,False,True,False,False,False,234
0,1,22.14,25.76,37,12.998,23,5,4,False,True,False,False,True,False,False,False,180
0,0,21.32,25.0,42,11.0014,0,5,5,False,True,False,False,True,False,False,False,136
0,0,20.5,24.24,48,0.0,1,5,5,False,True,False,False,True,False,False,False,93
0,0,18.86,22.725,59,8.9981,2,5,5,False,True,False,False,True,False,False,False,56
0,0,19.68,23.485,59,0.0,3,5,5,False,True,False,False,True,False,False,False,34
0,0,18.04,21.97,67,7.0015,4,5,5,False,True,False,False,True,False,False,False,9
0,0,17.22,21.21,67,8.9981,5,5,5,False,True,False,False,True,False,False,False,13
0,0,17.22,21.21,67,6.0032,6,5,5,False,True,False,False,True,False,False,False,33
0,0,17.22,21.21,71,8.9981,7,5,5,False,True,False,False,True,False,False,False,67
0,0,21.32,25.0,48,0.0,8,5,5,False,True,False,False,True,False,False,False,178
0,0,22.14,25.76,49,0.0,9,5,5,False,True,False,False,True,False,False,False,335
0,0,22.96,26.515,49,6.0032,10,5,5,False,True,False,False,True,False,False,False,411
0,0,25.42,31.06,41,6.0032,11,5,5,False,True,False,False,True,False,False,False,522
0,0,26.24,31.06,36,11.0014,12,5,5,False,True,False,False,True,False,False,False,559
0,0,26.24,31.06,36,12.998,13,5,5,False,True,False,False,True,False,False,False,659
0,0,27.06,31.06,36,12.998,14,5,5,False,True,False,False,True,False,False,False,615
0,0,27.88,31.06,24,12.998,15,5,5,False,True,False,False,True,False,False,False,590
0,0,28.7,31.82,21,12.998,16,5,5,False,True,False,False,False,True,False,False,591
0,0,27.06,31.06,36,12.998,17,5,5,False,True,False,False,False,True,False,False,576
0,0,27.06,31.06,31,12.998,18,5,5,False,True,False,False,False,True,False,False,546
0,0,26.24,31.06,36,11.0014,19,5,5,False,True,False,False,False,True,False,False,439
0,0,25.42,31.06,46,11.0014,20,5,5,False,True,False,False,True,False,False,False,287
0,0,24.6,30.305,60,8.9981,21,5,5,False,True,False,False,False,True,False,False,230
0,0,22.96,26.515,68,8.9981,22,5,5,False,True,False,False,True,False,False,False,274
0,0,23.78,27.275,56,6.0032,23,5,5,False,True,False,False,True,False,False,False,176
0,0,22.96,26.515,64,11.0014,0,5,6,False,True,False,False,True,False,False,False,98
0,0,22.14,25.76,68,8.9981,1,5,6,False,True,False,False,False,True,False,False,94
0,0,22.14,25.76,68,11.0014,2,5,6,False,True,False,False,False,True,False,False,82
0,0,22.14,25.76,64,8.9981,3,5,6,False,True,False,False,False,True,False,False,28
0,0,22.14,25.76,68,12.998,4,5,6,False,True,False,False,False,True,False,False,9
0,0,21.32,25.0,72,12.998,5,5,6,False,True,False,False,True,False,False,False,12
0,0,21.32,25.0,68,11.0014,6,5,6,False,True,False,False,True,False,False,False,21
0,0,21.32,25.0,68,11.0014,7,5,6,False,True,False,False,True,False,False,False,60
0,0,22.96,26.515,64,11.0014,8,5,6,False,True,False,False,True,False,False,False,156
0,0,24.6,31.06,56,8.9981,9,5,6,False,True,False,False,True,False,False,False,222
0,0,24.6,30.305,60,16.9979,10,5,6,False,True,False,False,True,False,False,False,350
0,0,25.42,31.06,57,16.9979,11,5,6,False,True,False,False,True,False,False,False,428
0,0,26.24,31.06,57,15.0013,12,5,6,False,True,False,False,True,False,False,False,531
0,0,27.88,31.82,54,16.9979,13,5,6,False,True,False,False,True,False,False,False,602
0,0,28.7,32.575,48,8.9981,14,5,6,False,True,False,False,True,False,False,False,552
0,0,29.52,32.575,45,23.9994,15,5,6,False,True,False,False,True,False,False,False,499
0,0,29.52,32.575,42,16.9979,16,5,6,False,True,False,False,True,False,False,False,564
0,0,28.7,31.82,45,27.9993,17,5,6,False,True,False,False,True,False,False,False,478
0,0,27.88,31.82,44,23.9994,18,5,6,False,True,False,False,False,True,False,False,389
0,0,27.06,31.06,50,27.9993,19,5,6,False,True,False,False,False,True,False,False,339
0,0,27.06,31.06,50,19.0012,20,5,6,False,True,False,False,False,True,False,False,230
0,0,26.24,31.06,53,12.998,21,5,6,False,True,False,False,False,True,False,False,169
0,0,25.42,30.305,61,11.0014,22,5,6,False,True,False,False,False,True,False,False,131
0,0,25.42,31.06,57,15.0013,23,5,6,False,True,False,False,False,True,False,False,74
0,1,24.6,31.06,56,16.9979,0,5,0,False,True,False,False,False,True,False,False,35
0,1,24.6,30.305,60,19.0012,1,5,0,False,True,False,False,False,True,False,False,11
0,1,24.6,30.305,60,19.9995,2,5,0,False,True,False,False,True,False,False,False,2
0,1,23.78,27.275,68,22.0028,3,5,0,False,True,False,False,False,True,False,False,2
0,1,22.14,25.76,77,15.0013,4,5,0,False,True,False,False,False,True,False,False,6
0,1,22.14,25.76,77,11.0014,5,5,0,False,True,False,False,False,True,False,False,26
0,1,21.32,25.0,94,19.9995,6,5,0,False,True,False,False,False,False,True,False,65
0,1,21.32,25.0,94,12.998,7,5,0,False,True,False,False,False,False,True,False,75
0,1,22.14,25.76,88,15.0013,8,5,0,False,True,False,False,False,False,True,False,156
0,1,22.14,25.76,88,19.0012,9,5,0,False,True,False,False,False,False,True,False,110
0,1,22.14,25.76,88,16.9979,10,5,0,False,True,False,False,False,False,True,False,59
0,1,22.96,26.515,83,15.0013,11,5,0,False,True,False,False,False,True,False,False,79
0,1,22.96,26.515,88,19.0012,12,5,0,False,True,False,False,False,True,False,False,185
0,1,25.42,29.545,73,15.0013,13,5,0,False,True,False,False,False,True,False,False,176
0,1,25.42,29.545,73,16.9979,14,5,0,False,True,False,False,False,True,False,False,171
0,1,25.42,29.545,73,11.0014,15,5,0,False,True,False,False,False,True,False,False,196
0,1,25.42,30.305,69,19.0012,16,5,0,False,True,False,False,False,False,True,False,111
0,1,22.96,26.515,88,16.9979,17,5,0,False,True,False,False,False,False,True,False,229
0,1,23.78,27.275,83,0.0,18,5,0,False,True,False,False,False,True,False,False,300
0,1,23.78,27.275,88,8.9981,19,5,0,False,True,False,False,False,False,True,False,304
0,1,23.78,27.275,88,12.998,20,5,0,False,True,False,False,False,True,False,False,189
0,1,23.78,27.275,83,6.0032,21,5,0,False,True,False,False,False,True,False,False,152
0,1,23.78,27.275,78,6.0032,22,5,0,False,True,False,False,False,True,False,False,129
0,1,23.78,27.275,78,7.0015,23,5,0,False,True,False,False,False,True,False,False,75
0,1,22.96,26.515,88,8.9981,0,5,1,False,True,False,False,False,True,False,False,32
0,1,22.96,26.515,88,8.9981,1,5,1,False,True,False,False,False,False,True,False,19
0,1,22.96,26.515,88,8.9981,2,5,1,False,True,False,False,False,True,False,False,4
0,1,23.78,27.275,83,8.9981,3,5,1,False,True,False,False,False,False,True,False,6
0,1,22.96,26.515,94,0.0,4,5,1,False,True,False,False,False,False,True,False,5
0,1,22.96,26.515,94,15.0013,5,5,1,False,True,False,False,False,False,True,False,8
0,1,22.96,26.515,94,15.0013,6,5,1,False,True,False,False,False,False,True,False,24
0,1,22.96,26.515,94,8.9981,7,5,1,False,True,False,False,False,False,True,False,92
0,1,23.78,27.275,88,6.0032,8,5,1,False,True,False,False,False,True,False,False,409
0,1,23.78,27.275,88,6.0032,9,5,1,False,True,False,False,False,True,False,False,355
0,1,25.42,29.545,78,7.0015,10,5,1,False,True,False,False,True,False,False,False,171
0,1,26.24,29.545,78,12.998,11,5,1,False,True,False,False,True,False,False,False,224
0,1,26.24,30.305,73,12.998,12,5,1,False,True,False,False,True,False,False,False,264
0,1,26.24,30.305,73,12.998,13,5,1,False,True,False,False,False,False,True,False,239
0,1,26.24,30.305,73,12.998,14,5,1,False,True,False,False,False,True,False,False,184
0,1,28.7,32.575,61,6.0032,15,5,1,False,True,False,False,False,True,False,False,256
0,1,27.88,31.82,65,11.0014,16,5,1,False,True,False,False,True,False,False,False,374
0,1,27.88,31.82,65,7.0015,17,5,1,False,True,False,False,True,False,False,False,678
0,1,28.7,32.575,61,6.0032,18,5,1,False,True,False,False,True,False,False,False,733
0,1,27.06,31.06,69,11.0014,19,5,1,False,True,False,False,True,False,False,False,512
0,1,26.24,30.305,73,8.9981,20,5,1,False,True,False,False,False,False,True,False,263
0,1,26.24,30.305,73,19.0012,21,5,1,False,True,False,False,False,False,True,False,109
0,1,23.78,27.275,78,15.0013,22,5,1,False,True,False,False,True,False,False,False,83
0,1,22.96,26.515,88,7.0015,23,5,1,False,True,False,False,False,False,True,False,71
0,1,23.78,27.275,88,0.0,0,5,2,False,True,False,False,False,True,False,False,39
0,1,23.78,27.275,88,8.9981,1,5,2,False,True,False,False,False,True,False,False,21
0,1,22.96,26.515,94,12.998,2,5,2,False,True,False,False,True,False,False,False,19
0,1,22.96,26.515,88,7.0015,3,5,2,False,True,False,False,True,False,False,False,6
0,1,22.14,25.76,94,8.9981,4,5,2,False,True,False,False,True,False,False,False,4
0,1,22.14,25.76,94,7.0015,5,5,2,False,True,False,False,True,False,False,False,38
0,1,22.14,25.76,94,6.0032,6,5,2,False,True,False,False,True,False,False,False,158
0,1,22.96,26.515,83,0.0,7,5,2,False,True,False,False,True,False,False,False,440
0,1,23.78,27.275,83,0.0,8,5,2,False,True,False,False,True,False,False,False,650
0,1,24.6,28.79,78,8.9981,9,5,2,False,True,False,False,False,True,False,False,347
0,1,27.06,31.06,61,0.0,10,5,2,False,True,False,False,True,False,False,False,192
0,1,28.7,32.575,54,8.9981,11,5,2,False,True,False,False,True,False,False,False,267
0,1,28.7,32.575,54,12.998,12,5,2,False,True,False,False,True,False,False,False,330
0,1,29.52,32.575,42,0.0,13,5,2,False,True,False,False,True,False,False,False,350
0,1,29.52,32.575,42,6.0032,14,5,2,False,True,False,False,True,False,False,False,263
0,1,29.52,33.335,48,7.0015,15,5,2,False,True,False,False,False,True,False,False,274
0,1,29.52,32.575,45,7.0015,16,5,2,False,True,False,False,True,False,False,False,446
0,1,29.52,33.335,51,12.998,17,5,2,False,True,False,False,True,False,False,False,873
0,1,29.52,33.335,51,15.0013,18,5,2,False,True,False,False,True,False,False,False,846
0,1,28.7,32.575,54,19.0012,19,5,2,False,True,False,False,True,False,False,False,590
0,1,27.06,31.06,65,16.9979,20,5,2,False,True,False,False,True,False,False,False,459
0,1,26.24,30.305,73,12.998,21,5,2,False,True,False,False,True,False,False,False,393
0,1,26.24,30.305,73,11.0014,22,5,2,False,True,False,False,True,False,False,False,286
0,1,25.42,29.545,78,7.0015,23,5,2,False,True,False,False,True,False,False,False,133
0,1,24.6,28.79,78,8.9981,0,5,3,False,True,False,False,True,False,False,False,79
0,1,24.6,28.03,83,11.0014,1,5,3,False,True,False,False,True,False,False,False,28
0,1,24.6,28.79,78,11.0014,2,5,3,False,True,False,False,True,False,False,False,16
0,1,24.6,29.545,73,16.9979,3,5,3,False,True,False,False,True,False,False,False,3
0,1,24.6,30.305,64,22.0028,4,5,3,False,True,False,False,True,False,False,False,16
0,1,22.96,26.515,68,22.0028,5,5,3,False,True,False,False,True,False,False,False,35
0,1,22.14,25.76,73,23.9994,6,5,3,False,True,False,False,True,False,False,False,159
0,1,22.14,25.76,73,26.0027,7,5,3,False,True,False,False,True,False,False,False,474
0,1,21.32,25.0,55,30.0026,8,5,3,False,True,False,False,True,False,False,False,634
0,1,22.14,25.76,52,27.9993,9,5,3,False,True,False,False,True,False,False,False,346
0,1,22.96,26.515,52,16.9979,10,5,3,False,True,False,False,True,False,False,False,205
0,1,23.78,27.275,49,15.0013,11,5,3,False,True,False,False,True,False,False,False,279
0,1,24.6,31.06,43,12.998,12,5,3,False,True,False,False,True,False,False,False,348
0,1,25.42,31.06,41,12.998,13,5,3,False,True,False,False,True,False,False,False,327
0,1,26.24,31.06,38,12.998,14,5,3,False,True,False,False,True,False,False,False,270
0,1,26.24,31.06,36,16.9979,15,5,3,False,True,False,False,True,False,False,False,316
0,1,27.06,31.06,31,12.998,16,5,3,False,True,False,False,True,False,False,False,430
0,1,27.06,31.06,31,8.9981,17,5,3,False,True,False,False,True,False,False,False,852
0,1,27.06,31.06,27,11.0014,18,5,3,False,True,False,False,True,False,False,False,868
0,1,26.24,31.06,31,12.998,19,5,3,False,True,False,False,True,False,False,False,537
0,1,24.6,31.06,40,12.998,20,5,3,False,True,False,False,True,False,False,False,446
0,1,23.78,27.275,40,7.0015,21,5,3,False,True,False,False,True,False,False,False,299
0,1,22.96,26.515,43,6.0032,22,5,3,False,True,False,False,True,False,False,False,251
0,1,22.14,25.76,49,8.9981,23,5,3,False,True,False,False,True,False,False,False,166
0,1,21.32,25.0,59,7.0015,0,5,4,False,True,False,False,True,False,False,False,70
0,1,20.5,24.24,59,6.0032,1,5,4,False,True,False,False,True,False,False,False,49
0,1,19.68,23.485,67,8.9981,2,5,4,False,True,False,False,True,False,False,False,21
0,1,18.86,22.725,72,6.0032,3,5,4,False,True,False,False,True,False,False,False,14
0,1,18.86,22.725,77,11.0014,4,5,4,False,True,False,False,True,False,False,False,11
0,1,18.86,22.725,77,7.0015,5,5,4,False,True,False,False,True,False,False,False,34
0,1,18.04,21.97,77,8.9981,6,5,4,False,True,False,False,True,False,False,False,182
0,1,18.86,22.725,82,7.0015,7,5,4,False,True,False,False,True,False,False,False,515
0,1,21.32,25.0,59,8.9981,8,5,4,False,True,False,False,True,False,False,False,745
0,1,22.96,26.515,56,7.0015,9,5,4,False,True,False,False,True,False,False,False,361
0,1,24.6,31.06,46,8.9981,10,5,4,False,True,False,False,True,False,False,False,255
0,1,25.42,31.06,43,0.0,11,5,4,False,True,False,False,True,False,False,False,334
0,1,25.42,31.06,41,12.998,12,5,4,False,True,False,False,True,False,False,False,360
0,1,26.24,31.06,36,11.0014,13,5,4,False,True,False,False,True,False,False,False,395
0,1,27.06,31.06,34,8.9981,14,5,4,False,True,False,False,True,False,False,False,350
0,1,27.06,31.06,36,12.998,15,5,4,False,True,False,False,True,False,False,False,391
0,1,27.06,31.06,34,16.9979,16,5,4,False,True,False,False,True,False,False,False,568
0,1,27.06,31.06,34,8.9981,17,5,4,False,True,False,False,True,False,False,False,812
0,1,26.24,31.06,38,15.0013,18,5,4,False,True,False,False,True,False,False,False,669
0,1,25.42,31.06,41,12.998,19,5,4,False,True,False,False,True,False,False,False,483
0,1,25.42,31.06,41,11.0014,20,5,4,False,True,False,False,True,False,False,False,337
0,1,24.6,31.06,40,0.0,21,5,4,False,True,False,False,True,False,False,False,258
0,1,22.96,26.515,52,22.0028,22,5,4,False,True,False,False,True,False,False,False,251
0,1,21.32,25.0,55,0.0,23,5,4,False,True,False,False,True,False,False,False,174
0,0,21.32,25.0,48,7.0015,0,5,5,False,True,False,False,True,False,False,False,148
0,0,20.5,24.24,48,0.0,1,5,5,False,True,False,False,True,False,False,False,104
0,0,20.5,24.24,51,7.0015,2,5,5,False,True,False,False,True,False,False,False,69
0,0,20.5,24.24,48,7.0015,3,5,5,False,True,False,False,True,False,False,False,33
0,0,19.68,23.485,59,6.0032,4,5,5,False,True,False,False,True,False,False,False,14
0,0,18.86,22.725,67,0.0,5,5,5,False,True,False,False,True,False,False,False,12
0,0,18.04,21.97,72,6.0032,6,5,5,False,True,False,False,True,False,False,False,50
0,0,18.86,22.725,67,7.0015,7,5,5,False,True,False,False,True,False,False,False,95
0,0,21.32,25.0,52,11.0014,8,5,5,False,True,False,False,True,False,False,False,195
0,0,22.96,26.515,43,11.0014,9,5,5,False,True,False,False,True,False,False,False,292
0,0,22.96,26.515,43,0.0,10,5,5,False,True,False,False,True,False,False,False,452
0,0,25.42,31.06,38,6.0032,11,5,5,False,True,False,False,True,False,False,False,586
0,0,27.06,31.06,36,0.0,12,5,5,False,True,False,False,True,False,False,False,642
0,0,28.7,31.82,37,8.9981,13,5,5,False,True,False,False,True,False,False,False,704
0,0,29.52,32.575,30,6.0032,14,5,5,False,True,False,False,True,False,False,False,730
0,0,29.52,32.575,30,7.0015,15,5,5,False,True,False,False,True,False,False,False,672
0,0,30.34,32.575,30,7.0015,16,5,5,False,True,False,False,True,False,False,False,642
0,0,30.34,32.575,30,6.0032,17,5,5,False,True,False,False,True,False,False,False,626
0,0,30.34,32.575,33,6.0032,18,5,5,False,True,False,False,True,False,False,False,645
0,0,28.7,31.82,39,8.9981,19,5,5,False,True,False,False,True,False,False,False,432
0,0,27.88,31.82,41,6.0032,20,5,5,False,True,False,False,True,False,False,False,315
0,0,26.24,31.06,50,0.0,21,5,5,False,True,False,False,True,False,False,False,259
0,0,26.24,31.06,47,0.0,22,5,5,False,True,False,False,True,False,False,False,338
0,0,24.6,31.06,56,11.0014,23,5,5,False,True,False,False,True,False,False,False,239
0,1,27.06,31.06,50,16.9979,0,6,4,False,True,False,False,True,False,False,False,86
0,1,26.24,31.06,53,15.0013,1,6,4,False,True,False,False,True,False,False,False,34
0,1,26.24,31.06,57,15.0013,2,6,4,False,True,False,False,True,False,False,False,16
0,1,25.42,29.545,73,6.0032,3,6,4,False,True,False,False,False,True,False,False,4
0,1,25.42,29.545,73,6.0032,4,6,4,False,True,False,False,False,True,False,False,6
0,1,25.42,29.545,78,6.0032,5,6,4,False,True,False,False,False,True,False,False,45
0,1,25.42,28.03,88,8.9981,6,6,4,False,True,False,False,False,False,True,False,141
0,1,26.24,28.79,89,12.998,7,6,4,False,True,False,False,False,True,False,False,402
0,1,26.24,28.79,89,12.998,8,6,4,False,True,False,False,False,True,False,False,694
0,1,26.24,28.79,83,15.0013,9,6,4,False,True,False,False,False,True,False,False,298
0,1,27.06,30.305,78,19.0012,10,6,4,False,True,False,False,False,True,False,False,204
0,1,28.7,33.335,74,19.0012,11,6,4,False,True,False,False,False,True,False,False,235
0,1,28.7,33.335,74,23.9994,12,6,4,False,True,False,False,False,True,False,False,310
0,1,29.52,34.09,70,19.9995,13,6,4,False,True,False,False,True,False,False,False,316
0,1,29.52,34.09,66,19.0012,14,6,4,False,True,False,False,False,False,True,False,254
0,1,29.52,34.09,66,19.0012,15,6,4,False,True,False,False,False,False,True,False,258
0,1,30.34,34.09,58,30.0026,16,6,4,False,True,False,False,False,False,True,False,222
0,1,28.7,32.575,70,16.9979,17,6,4,False,True,False,False,False,False,True,False,227
0,1,25.42,28.03,88,23.9994,18,6,4,False,True,False,False,False,False,True,False,110
0,1,25.42,28.03,88,23.9994,19,6,4,False,True,False,False,False,False,True,False,45
0,1,25.42,27.275,94,16.9979,20,6,4,False,True,False,False,False,False,True,False,39
0,1,26.24,29.545,78,16.9979,21,6,4,False,True,False,False,False,False,True,False,85
0,1,24.6,27.275,88,8.9981,22,6,4,False,True,False,False,False,False,True,False,23
0,1,24.6,27.275,88,8.9981,23,6,4,False,True,False,False,False,False,True,False,73
0,0,22.96,26.515,83,8.9981,0,6,5,False,True,False,False,False,True,False,False,86
0,0,22.96,26.515,83,7.0015,1,6,5,False,True,False,False,False,True,False,False,76
0,0,22.14,25.76,88,0.0,2,6,5,False,True,False,False,False,True,False,False,41
0,0,22.96,26.515,73,16.9979,3,6,5,False,True,False,False,True,False,False,False,26
0,0,22.14,25.76,68,19.0012,4,6,5,False,True,False,False,True,False,False,False,13
0,0,20.5,24.24,72,12.998,5,6,5,False,True,False,False,True,False,False,False,12
0,0,20.5,24.24,77,12.998,6,6,5,False,True,False,False,False,True,False,False,36
0,0,21.32,25.0,72,7.0015,7,6,5,False,True,False,False,True,False,False,False,86
0,0,22.14,25.76,64,11.0014,8,6,5,False,True,False,False,True,False,False,False,210
0,0,22.96,26.515,60,16.9979,9,6,5,False,True,False,False,True,False,False,False,332
0,0,24.6,31.06,53,19.9995,10,6,5,False,True,False,False,True,False,False,False,493
0,0,23.78,27.275,46,19.0012,11,6,5,False,True,False,False,True,False,False,False,536
0,0,25.42,31.06,43,23.9994,12,6,5,False,True,False,False,True,False,False,False,668
0,0,25.42,31.06,41,16.9979,13,6,5,False,True,False,False,True,False,False,False,679
0,0,26.24,31.06,38,19.9995,14,6,5,False,True,False,False,True,False,False,False,647
0,0,26.24,31.06,38,16.9979,15,6,5,False,True,False,False,True,False,False,False,702
0,0,26.24,31.06,38,16.9979,16,6,5,False,True,False,False,True,False,False,False,644
0,0,26.24,31.06,36,0.0,17,6,5,False,True,False,False,True,False,False,False,586
0,0,26.24,31.06,36,0.0,18,6,5,False,True,False,False,True,False,False,False,512
0,0,26.24,31.06,36,11.0014,19,6,5,False,True,False,False,True,False,False,False,554
0,0,25.42,31.06,35,19.0012,20,6,5,False,True,False,False,True,False,False,False,399
0,0,24.6,31.06,40,7.0015,21,6,5,False,True,False,False,True,False,False,False,316
0,0,23.78,27.275,46,8.9981,22,6,5,False,True,False,False,True,False,False,False,228
0,0,22.96,26.515,52,7.0015,23,6,5,False,True,False,False,True,False,False,False,238
0,0,22.14,25.76,60,11.0014,0,6,6,False,True,False,False,True,False,False,False,169
0,0,22.14,25.76,56,8.9981,1,6,6,False,True,False,False,True,False,False,False,121
0,0,21.32,25.0,59,7.0015,2,6,6,False,True,False,False,True,False,False,False,89
0,0,21.32,25.0,63,7.0015,3,6,6,False,True,False,False,True,False,False,False,50
0,0,20.5,24.24,72,6.0032,4,6,6,False,True,False,False,True,False,False,False,13
0,0,20.5,24.24,68,0.0,5,6,6,False,True,False,False,True,False,False,False,12
0,0,18.86,22.725,82,7.0015,6,6,6,False,True,False,False,True,False,False,False,22
0,0,20.5,24.24,68,7.0015,7,6,6,False,True,False,False,True,False,False,False,35
0,0,22.14,25.76,60,6.0032,8,6,6,False,True,False,False,True,False,False,False,140
0,0,24.6,31.06,46,12.998,9,6,6,False,True,False,False,True,False,False,False,300
0,0,25.42,31.06,43,15.0013,10,6,6,False,True,False,False,True,False,False,False,404
0,0,26.24,31.06,41,16.9979,11,6,6,False,True,False,False,True,False,False,False,511
0,0,27.06,31.06,39,19.9995,12,6,6,False,True,False,False,True,False,False,False,684
0,0,27.88,31.82,36,19.0012,13,6,6,False,True,False,False,True,False,False,False,686
0,0,27.88,31.82,36,22.0028,14,6,6,False,True,False,False,True,False,False,False,678
0,0,28.7,31.82,34,0.0,15,6,6,False,True,False,False,True,False,False,False,644
0,0,28.7,31.82,34,19.9995,16,6,6,False,True,False,False,True,False,False,False,662
0,0,28.7,31.82,34,16.9979,17,6,6,False,True,False,False,True,False,False,False,578
0,0,28.7,31.82,34,16.9979,18,6,6,False,True,False,False,True,False,False,False,496
0,0,27.88,31.82,34,19.0012,19,6,6,False,True,False,False,True,False,False,False,453
0,0,27.06,31.06,39,12.998,20,6,6,False,True,False,False,True,False,False,False,314
0,0,25.42,31.06,43,11.0014,21,6,6,False,True,False,False,True,False,False,False,246
0,0,25.42,31.06,50,26.0027,22,6,6,False,True,False,False,True,False,False,False,226
0,0,23.78,27.275,53,7.0015,23,6,6,False,True,False,False,True,False,False,False,108
0,1,23.78,27.275,53,0.0,0,6,0,False,True,False,False,True,False,False,False,49
0,1,22.96,26.515,60,11.0014,1,6,0,False,True,False,False,False,False,True,False,14
0,1,22.96,26.515,60,15.0013,2,6,0,False,True,False,False,True,False,False,False,11
0,1,22.96,26.515,60,11.0014,3,6,0,False,True,False,False,False,True,False,False,5
0,1,22.14,25.76,64,6.0032,4,6,0,False,True,False,False,True,False,False,False,8
0,1,21.32,25.0,68,0.0,5,6,0,False,True,False,False,True,False,False,False,35
0,1,21.32,25.0,68,0.0,6,6,0,False,True,False,False,True,False,False,False,139
0,1,22.96,26.515,60,15.0013,7,6,0,False,True,False,False,True,False,False,False,517
0,1,24.6,31.06,49,15.0013,8,6,0,False,True,False,False,True,False,False,False,665
0,1,25.42,31.06,43,19.0012,9,6,0,False,True,False,False,True,False,False,False,282
0,1,26.24,31.06,41,31.0009,10,6,0,False,True,False,False,True,False,False,False,187
0,1,26.24,31.06,38,32.9975,11,6,0,False,True,False,False,True,False,False,False,239
0,1,26.24,31.06,41,30.0026,12,6,0,False,True,False,False,True,False,False,False,282
0,1,26.24,31.06,41,23.9994,13,6,0,False,True,False,False,True,False,False,False,274
0,1,25.42,31.06,41,32.9975,14,6,0,False,True,False,False,True,False,False,False,270
0,1,27.06,31.06,39,19.9995,15,6,0,False,True,False,False,True,False,False,False,292
0,1,27.06,31.06,39,31.0009,16,6,0,False,True,False,False,True,False,False,False,448
0,1,26.24,31.06,38,30.0026,17,6,0,False,True,False,False,True,False,False,False,834
0,1,26.24,31.06,38,26.0027,18,6,0,False,True,False,False,True,False,False,False,822
0,1,25.42,31.06,38,27.9993,19,6,0,False,True,False,False,True,False,False,False,645
0,1,24.6,31.06,40,23.9994,20,6,0,False,True,False,False,True,False,False,False,461
0,1,23.78,27.275,49,16.9979,21,6,0,False,True,False,False,True,False,False,False,265
0,1,22.96,26.515,52,19.0012,22,6,0,False,True,False,False,True,False,False,False,168
0,1,23.78,27.275,49,19.9995,23,6,0,False,True,False,False,True,False,False,False,86
0,1,22.14,25.76,68,27.9993,0,6,1,False,True,False,False,True,False,False,False,34
0,1,21.32,25.0,77,22.0028,1,6,1,False,True,False,False,False,True,False,False,20
0,1,21.32,25.0,72,19.9995,2,6,1,False,True,False,False,False,False,True,False,8
0,1,20.5,24.24,82,12.998,3,6,1,False,True,False,False,False,False,True,False,5
0,1,20.5,24.24,82,12.998,4,6,1,False,True,False,False,False,False,True,False,5
0,1,19.68,23.485,82,11.0014,5,6,1,False,True,False,False,False,False,True,False,36
0,1,19.68,23.485,82,16.9979,6,6,1,False,True,False,False,True,False,False,False,184
0,1,19.68,23.485,77,19.9995,7,6,1,False,True,False,False,True,False,False,False,569
0,1,19.68,23.485,77,15.0013,8,6,1,False,True,False,False,False,True,False,False,710
0,1,21.32,25.0,72,16.9979,9,6,1,False,True,False,False,False,True,False,False,335
0,1,21.32,25.0,63,19.9995,10,6,1,False,True,False,False,False,True,False,False,176
0,1,22.96,26.515,56,12.998,11,6,1,False,True,False,False,False,True,False,False,227
0,1,22.14,25.76,56,15.0013,12,6,1,False,True,False,False,False,True,False,False,247
0,1,24.6,31.06,46,11.0014,13,6,1,False,True,False,False,False,True,False,False,267
0,1,23.78,27.275,46,11.0014,14,6,1,False,True,False,False,False,True,False,False,276
0,1,23.78,27.275,46,8.9981,15,6,1,False,True,False,False,False,True,False,False,272
0,1,24.6,31.06,43,12.998,16,6,1,False,True,False,False,True,False,False,False,473
0,1,24.6,31.06,43,0.0,17,6,1,False,True,False,False,True,False,False,False,850
0,1,24.6,31.06,43,12.998,18,6,1,False,True,False,False,True,False,False,False,790
0,1,23.78,27.275,46,16.9979,19,6,1,False,True,False,False,True,False,False,False,513
0,1,22.96,26.515,49,15.0013,20,6,1,False,True,False,False,True,False,False,False,415
0,1,22.14,25.76,56,11.0014,21,6,1,False,True,False,False,True,False,False,False,283
0,1,22.96,26.515,52,7.0015,22,6,1,False,True,False,False,True,False,False,False,193
0,1,22.14,25.76,56,6.0032,23,6,1,False,True,False,False,True,False,False,False,113
0,1,21.32,25.0,59,6.0032,0,6,2,False,True,False,False,True,False,False,False,49
0,1,21.32,25.0,68,0.0,1,6,2,False,True,False,False,True,False,False,False,27
0,1,20.5,24.24,68,0.0,2,6,2,False,True,False,False,True,False,False,False,11
0,1,18.86,22.725,82,0.0,3,6,2,False,True,False,False,True,False,False,False,8
0,1,18.86,22.725,82,7.0015,4,6,2,False,True,False,False,True,False,False,False,10
0,1,19.68,23.485,77,0.0,5,6,2,False,True,False,False,True,False,False,False,38
0,1,19.68,23.485,77,0.0,6,6,2,False,True,False,False,True,False,False,False,172
0,1,20.5,24.24,72,0.0,7,6,2,False,True,False,False,True,False,False,False,547
0,1,22.14,25.76,68,0.0,8,6,2,False,True,False,False,True,False,False,False,668
0,1,22.96,26.515,60,6.0032,9,6,2,False,True,False,False,True,False,False,False,303
0,1,24.6,31.06,46,6.0032,10,6,2,False,True,False,False,True,False,False,False,203
0,1,25.42,31.06,43,6.0032,11,6,2,False,True,False,False,True,False,False,False,226
0,1,25.42,31.06,38,0.0,12,6,2,False,True,False,False,True,False,False,False,315
0,1,25.42,31.06,41,6.0032,13,6,2,False,True,False,False,True,False,False,False,303
0,1,26.24,31.06,38,0.0,14,6,2,False,True,False,False,True,False,False,False,302
0,1,26.24,31.06,38,0.0,15,6,2,False,True,False,False,True,False,False,False,300
0,1,26.24,31.06,41,8.9981,16,6,2,False,True,False,False,True,False,False,False,452
0,1,25.42,31.06,43,8.9981,17,6,2,False,True,False,False,True,False,False,False,724
0,1,24.6,31.06,53,12.998,18,6,2,False,True,False,False,False,False,True,False,782
0,1,22.96,26.515,73,19.9995,19,6,2,False,True,False,False,True,False,False,False,538
0,1,22.14,25.76,73,19.0012,20,6,2,False,True,False,False,True,False,False,False,408
0,1,22.14,25.76,73,11.0014,21,6,2,False,True,False,False,True,False,False,False,298
0,1,21.32,25.0,77,6.0032,22,6,2,False,True,False,False,True,False,False,False,248
0,1,21.32,25.0,77,0.0,23,6,2,False,True,False,False,True,False,False,False,123
0,1,21.32,25.0,77,8.9981,0,6,3,False,True,False,False,True,False,False,False,59
0,1,21.32,25.0,77,11.0014,1,6,3,False,True,False,False,True,False,False,False,22
0,1,21.32,25.0,77,6.0032,2,6,3,False,True,False,False,True,False,False,False,12
0,1,20.5,24.24,77,7.0015,3,6,3,False,True,False,False,True,False,False,False,5
0,1,18.86,22.725,88,7.0015,4,6,3,False,True,False,False,True,False,False,False,6
0,1,19.68,23.485,82,6.0032,5,6,3,False,True,False,False,True,False,False,False,34
0,1,18.86,22.725,88,7.0015,6,6,3,False,True,False,False,True,False,False,False,170
0,1,20.5,24.24,82,11.0014,7,6,3,False,True,False,False,True,False,False,False,526
0,1,21.32,25.0,77,0.0,8,6,3,False,True,False,False,True,False,False,False,681
0,1,23.78,27.275,68,0.0,9,6,3,False,True,False,False,True,False,False,False,337
0,1,24.6,30.305,64,6.0032,10,6,3,False,True,False,False,True,False,False,False,210
0,1,27.06,31.06,47,15.0013,11,6,3,False,True,False,False,True,False,False,False,237
0,1,28.7,31.82,42,0.0,12,6,3,False,True,False,False,True,False,False,False,336
0,1,28.7,31.82,37,19.0012,13,6,3,False,True,False,False,True,False,False,False,315
0,1,29.52,32.575,37,16.9979,14,6,3,False,True,False,False,True,False,False,False,265
0,1,30.34,32.575,30,0.0,15,6,3,False,True,False,False,True,False,False,False,333
0,1,29.52,32.575,34,15.0013,16,6,3,False,True,False,False,True,False,False,False,466
0,1,29.52,32.575,34,16.9979,17,6,3,False,True,False,False,True,False,False,False,869
0,1,28.7,31.82,34,19.0012,18,6,3,False,True,False,False,True,False,False,False,813
0,1,28.7,31.82,34,19.0012,19,6,3,False,True,False,False,True,False,False,False,602
0,1,27.06,31.06,36,19.9995,20,6,3,False,True,False,False,True,False,False,False,478
0,1,25.42,31.06,41,22.0028,21,6,3,False,True,False,False,True,False,False,False,313
0,1,24.6,31.06,46,11.0014,22,6,3,False,True,False,False,True,False,False,False,228
0,1,22.96,26.515,52,8.9981,23,6,3,False,True,False,False,True,False,False,False,177
0,1,22.96,26.515,56,11.0014,0,6,4,False,True,False,False,True,False,False,False,77
0,1,22.96,26.515,56,11.0014,1,6,4,False,True,False,False,True,False,False,False,29
0,1,22.96,26.515,56,0.0,2,6,4,False,True,False,False,True,False,False,False,19
0,1,22.14,25.76,60,6.0032,3,6,4,False,True,False,False,True,False,False,False,8
0,1,21.32,25.0,63,0.0,4,6,4,False,True,False,False,True,False,False,False,10
0,1,20.5,24.24,72,7.0015,5,6,4,False,True,False,False,True,False,False,False,29
0,1,21.32,25.0,68,6.0032,6,6,4,False,True,False,False,True,False,False,False,139
0,1,21.32,25.0,72,7.0015,7,6,4,False,True,False,False,True,False,False,False,428
0,1,23.78,27.275,60,6.0032,8,6,4,False,True,False,False,True,False,False,False,700
0,1,25.42,31.06,53,11.0014,9,6,4,False,True,False,False,True,False,False,False,382
0,1,27.06,31.06,47,16.9979,10,6,4,False,True,False,False,True,False,False,False,249
0,1,28.7,31.82,42,16.9979,11,6,4,False,True,False,False,True,False,False,False,264
0,1,29.52,32.575,39,22.0028,12,6,4,False,True,False,False,True,False,False,False,369
0,1,30.34,32.575,37,16.9979,13,6,4,False,True,False,False,True,False,False,False,416
0,1,31.16,33.335,31,26.0027,14,6,4,False,True,False,False,True,False,False,False,373
0,1,31.16,33.335,29,19.0012,15,6,4,False,True,False,False,True,False,False,False,397
0,1,31.16,33.335,29,19.9995,16,6,4,False,True,False,False,True,False,False,False,523
0,1,31.16,33.335,29,12.998,17,6,4,False,True,False,False,True,False,False,False,793
0,1,31.16,33.335,27,15.0013,18,6,4,False,True,False,False,True,False,False,False,723
0,1,30.34,32.575,30,15.0013,19,6,4,False,True,False,False,True,False,False,False,555
0,1,29.52,32.575,32,8.9981,20,6,4,False,True,False,False,True,False,False,False,408
0,1,28.7,31.82,37,8.9981,21,6,4,False,True,False,False,True,False,False,False,339
0,1,27.88,31.82,41,7.0015,22,6,4,False,True,False,False,True,False,False,False,291
0,1,26.24,31.06,57,11.0014,23,6,4,False,True,False,False,True,False,False,False,215
0,0,26.24,31.06,53,7.0015,0,6,5,False,True,False,False,True,False,False,False,206
0,0,26.24,31.06,53,6.0032,1,6,5,False,True,False,False,True,False,False,False,123
0,0,26.24,31.06,50,15.0013,2,6,5,False,True,False,False,True,False,False,False,89
0,0,25.42,31.06,57,0.0,3,6,5,False,True,False,False,True,False,False,False,40
0,0,25.42,31.06,57,0.0,4,6,5,False,True,False,False,True,False,False,False,8
0,0,24.6,31.06,56,7.0015,5,6,5,False,True,False,False,True,False,False,False,19
0,0,22.96,26.515,64,7.0015,6,6,5,False,True,False,False,True,False,False,False,80
0,0,23.78,27.275,64,7.0015,7,6,5,False,True,False,False,True,False,False,False,87
0,0,25.42,30.305,61,7.0015,8,6,5,False,True,False,False,True,False,False,False,244
0,0,26.24,31.06,57,11.0014,9,6,5,False,True,False,False,True,False,False,False,340
0,0,28.7,32.575,51,7.0015,10,6,5,False,True,False,False,True,False,False,False,466
0,0,31.16,33.335,35,0.0,11,6,5,False,True,False,False,True,False,False,False,569
0,0,32.8,34.85,29,16.9979,12,6,5,False,True,False,False,True,False,False,False,531
0,0,33.62,34.85,24,19.0012,13,6,5,False,True,False,False,True,False,False,False,585
0,0,33.62,34.85,23,12.998,14,6,5,False,True,False,False,True,False,False,False,593
0,0,34.44,35.605,20,19.9995,15,6,5,False,True,False,False,True,False,False,False,555
0,0,33.62,34.85,24,12.998,16,6,5,False,True,False,False,True,False,False,False,534
0,0,34.44,35.605,24,0.0,17,6,5,False,True,False,False,True,False,False,False,495
0,0,33.62,34.85,24,15.0013,18,6,5,False,True,False,False,True,False,False,False,451
0,0,32.8,34.85,29,11.0014,19,6,5,False,True,False,False,True,False,False,False,360
0,0,31.16,33.335,35,15.0013,20,6,5,False,True,False,False,True,False,False,False,363
0,0,30.34,32.575,40,12.998,21,6,5,False,True,False,False,True,False,False,False,316
0,0,28.7,32.575,58,11.0014,22,6,5,False,True,False,False,True,False,False,False,214
0,0,27.88,31.82,61,11.0014,23,6,5,False,True,False,False,True,False,False,False,230
0,0,27.06,31.06,69,7.0015,0,6,6,False,True,False,False,True,False,False,False,158
0,0,26.24,30.305,73,8.9981,1,6,6,False,True,False,False,True,False,False,False,116
0,0,26.24,30.305,69,8.9981,2,6,6,False,True,False,False,True,False,False,False,73
0,0,26.24,30.305,73,7.0015,3,6,6,False,True,False,False,True,False,False,False,29
0,0,25.42,29.545,78,6.0032,4,6,6,False,True,False,False,True,False,False,False,10
0,0,25.42,30.305,69,6.0032,5,6,6,False,True,False,False,True,False,False,False,13
0,0,25.42,29.545,73,0.0,6,6,6,False,True,False,False,True,False,False,False,30
0,0,24.6,28.79,78,7.0015,7,6,6,False,True,False,False,True,False,False,False,62
0,0,26.24,30.305,73,6.0032,8,6,6,False,True,False,False,True,False,False,False,181
0,0,28.7,32.575,58,0.0,9,6,6,False,True,False,False,True,False,False,False,266
0,0,31.16,34.09,40,7.0015,10,6,6,False,True,False,False,True,False,False,False,413
0,0,31.16,34.09,45,6.0032,11,6,6,False,True,False,False,True,False,False,False,499
0,0,33.62,35.605,30,0.0,12,6,6,False,True,False,False,True,False,False,False,502
0,0,34.44,36.365,28,8.9981,13,6,6,False,True,False,False,True,False,False,False,492
0,0,34.44,36.365,30,8.9981,14,6,6,False,True,False,False,True,False,False,False,500
0,0,34.44,36.365,30,15.0013,15,6,6,False,True,False,False,True,False,False,False,475
0,0,34.44,37.12,36,19.0012,16,6,6,False,True,False,False,True,False,False,False,508
0,0,33.62,37.12,41,19.0012,17,6,6,False,True,False,False,True,False,False,False,521
0,0,33.62,36.365,38,15.0013,18,6,6,False,True,False,False,True,False,False,False,490
0,0,33.62,35.605,28,19.0012,19,6,6,False,True,False,False,True,False,False,False,375
0,0,31.16,34.09,48,11.0014,20,6,6,False,True,False,False,True,False,False,False,363
0,0,29.52,34.09,62,11.0014,21,6,6,False,True,False,False,True,False,False,False,253
0,0,28.7,32.575,65,11.0014,22,6,6,False,True,False,False,True,False,False,False,159
0,0,29.52,33.335,58,7.0015,23,6,6,False,True,False,False,True,False,False,False,110
0,1,28.7,32.575,65,7.0015,0,6,0,False,True,False,False,True,False,False,False,41
0,1,27.06,31.06,74,11.0014,1,6,0,False,True,False,False,True,False,False,False,24
0,1,27.06,31.06,74,7.0015,2,6,0,False,True,False,False,True,False,False,False,17
0,1,26.24,29.545,78,7.0015,3,6,0,False,True,False,False,True,False,False,False,6
0,1,26.24,29.545,78,8.9981,4,6,0,False,True,False,False,True,False,False,False,7
0,1,26.24,29.545,78,8.9981,5,6,0,False,True,False,False,True,False,False,False,37
0,1,25.42,28.79,83,7.0015,6,6,0,False,True,False,False,True,False,False,False,144
0,1,26.24,29.545,78,7.0015,7,6,0,False,True,False,False,True,False,False,False,503
0,1,27.06,31.06,74,8.9981,8,6,0,False,True,False,False,True,False,False,False,651
0,1,28.7,32.575,65,8.9981,9,6,0,False,True,False,False,True,False,False,False,316
0,1,29.52,34.09,62,11.0014,10,6,0,False,True,False,False,True,False,False,False,147
0,1,31.16,34.09,48,15.0013,11,6,0,False,True,False,False,False,True,False,False,202
0,1,32.8,36.365,43,12.998,12,6,0,False,True,False,False,False,True,False,False,261
0,1,32.8,35.605,41,19.9995,13,6,0,False,True,False,False,False,True,False,False,248
0,1,33.62,36.365,34,19.0012,14,6,0,False,True,False,False,False,True,False,False,259
0,1,32.8,35.605,41,23.9994,15,6,0,False,True,False,False,True,False,False,False,259
0,1,32.8,35.605,41,27.9993,16,6,0,False,True,False,False,False,True,False,False,427
0,1,32.8,35.605,41,23.9994,17,6,0,False,True,False,False,False,True,False,False,800
0,1,32.8,36.365,43,19.9995,18,6,0,False,True,False,False,False,True,False,False,831
0,1,31.16,34.09,48,22.0028,19,6,0,False,True,False,False,False,True,False,False,596
0,1,30.34,33.335,48,15.0013,20,6,0,False,True,False,False,False,True,False,False,394
0,1,29.52,33.335,58,12.998,21,6,0,False,True,False,False,False,True,False,False,250
0,1,29.52,33.335,58,12.998,22,6,0,False,True,False,False,False,True,False,False,164
0,1,28.7,32.575,58,15.0013,23,6,0,False,True,False,False,False,True,False,False,80
0,1,28.7,32.575,58,15.0013,0,6,1,False,True,False,False,False,True,False,False,28
0,1,27.88,31.82,65,11.0014,1,6,1,False,True,False,False,False,True,False,False,16
0,1,27.88,31.82,65,12.998,2,6,1,False,True,False,False,False,True,False,False,6
0,1,27.06,31.06,69,16.9979,3,6,1,False,True,False,False,False,True,False,False,12
0,1,24.6,27.275,88,11.0014,4,6,1,False,True,False,False,False,False,True,False,4
0,1,24.6,27.275,88,8.9981,5,6,1,False,True,False,False,False,False,True,False,29
0,1,24.6,27.275,88,8.9981,6,6,1,False,True,False,False,False,True,False,False,136
0,1,25.42,28.03,88,16.9979,7,6,1,False,True,False,False,False,False,True,False,303
0,1,25.42,28.03,88,15.0013,8,6,1,False,True,False,False,False,True,False,False,613
0,1,26.24,28.79,89,19.0012,9,6,1,False,True,False,False,False,True,False,False,285
0,1,26.24,28.79,89,19.0012,10,6,1,False,True,False,False,False,False,True,False,125
0,1,27.06,30.305,83,23.9994,11,6,1,False,True,False,False,False,False,True,False,65
0,1,27.06,30.305,83,16.9979,12,6,1,False,True,False,False,False,False,True,False,95
0,1,27.06,30.305,83,12.998,13,6,1,False,True,False,False,False,False,True,False,59
0,1,26.24,28.79,89,16.9979,14,6,1,False,True,False,False,False,False,True,False,60
0,1,27.06,29.545,89,12.998,15,6,1,False,True,False,False,False,False,True,False,116
0,1,27.06,29.545,89,19.0012,16,6,1,False,True,False,False,False,True,False,False,239
0,1,27.06,29.545,89,19.0012,17,6,1,False,True,False,False,False,True,False,False,681
0,1,27.88,31.82,83,12.998,18,6,1,False,True,False,False,True,False,False,False,653
0,1,27.88,31.82,83,12.998,19,6,1,False,True,False,False,True,False,False,False,491
0,1,27.88,31.82,83,12.998,20,6,1,False,True,False,False,True,False,False,False,386
0,1,27.88,31.82,83,7.0015,21,6,1,False,True,False,False,True,False,False,False,274
0,1,27.06,29.545,94,7.0015,22,6,1,False,True,False,False,True,False,False,False,207
0,1,27.06,29.545,94,15.0013,23,6,1,False,True,False,False,False,False,True,False,89
0,1,27.06,29.545,94,12.998,0,6,2,False,True,False,False,False,True,False,False,34
0,1,26.24,29.545,78,0.0,1,6,2,False,True,False,False,True,False,False,False,28
0,1,25.42,28.79,83,8.9981,2,6,2,False,True,False,False,True,False,False,False,4
0,1,25.42,28.79,83,12.998,3,6,2,False,True,False,False,True,False,False,False,8
0,1,24.6,28.03,83,8.9981,4,6,2,False,True,False,False,True,False,False,False,10
0,1,24.6,28.03,83,12.998,5,6,2,False,True,False,False,True,False,False,False,40
0,1,24.6,28.03,83,15.0013,6,6,2,False,True,False,False,True,False,False,False,194
0,1,24.6,28.03,83,19.9995,7,6,2,False,True,False,False,True,False,False,False,505
0,1,25.42,29.545,73,35.0008,8,6,2,False,True,False,False,False,True,False,False,713
0,1,26.24,30.305,69,39.0007,9,6,2,False,True,False,False,False,True,False,False,352
0,1,26.24,30.305,65,27.9993,10,6,2,False,True,False,False,False,True,False,False,198
0,1,27.06,31.06,54,30.0026,11,6,2,False,True,False,False,False,True,False,False,246
0,1,27.88,31.82,44,27.9993,12,6,2,False,True,False,False,False,True,False,False,334
0,1,28.7,31.82,45,26.0027,13,6,2,False,True,False,False,False,True,False,False,255
0,1,29.52,32.575,37,27.9993,14,6,2,False,True,False,False,False,True,False,False,320
0,1,29.52,32.575,32,32.9975,15,6,2,False,True,False,False,True,False,False,False,281
0,1,29.52,32.575,30,32.9975,16,6,2,False,True,False,False,True,False,False,False,392
0,1,29.52,32.575,32,32.9975,17,6,2,False,True,False,False,True,False,False,False,857
0,1,29.52,32.575,32,30.0026,18,6,2,False,True,False,False,True,False,False,False,744
0,1,28.7,31.82,34,26.0027,19,6,2,False,True,False,False,True,False,False,False,671
0,1,27.88,31.82,36,27.9993,20,6,2,False,True,False,False,True,False,False,False,448
0,1,26.24,31.06,44,23.9994,21,6,2,False,True,False,False,True,False,False,False,396
0,1,25.42,31.06,50,19.9995,22,6,2,False,True,False,False,True,False,False,False,238
0,1,25.42,31.06,50,19.0012,23,6,2,False,True,False,False,True,False,False,False,153
0,1,24.6,31.06,53,19.9995,0,6,3,False,True,False,False,True,False,False,False,48
0,1,24.6,31.06,56,15.0013,1,6,3,False,True,False,False,True,False,False,False,21
0,1,25.42,31.06,53,16.9979,2,6,3,False,True,False,False,False,True,False,False,9
0,1,25.42,31.06,53,19.0012,3,6,3,False,True,False,False,False,True,False,False,5
0,1,24.6,31.06,56,16.9979,4,6,3,False,True,False,False,False,True,False,False,6
0,1,24.6,31.06,56,16.9979,5,6,3,False,True,False,False,False,True,False,False,40
0,1,23.78,27.275,60,19.0012,6,6,3,False,True,False,False,True,False,False,False,181
0,1,24.6,30.305,60,19.0012,7,6,3,False,True,False,False,True,False,False,False,506
0,1,24.6,30.305,64,22.0028,8,6,3,False,True,False,False,True,False,False,False,719
0,1,25.42,30.305,61,15.0013,9,6,3,False,True,False,False,True,False,False,False,357
0,1,26.24,30.305,65,27.9993,10,6,3,False,True,False,False,True,False,False,False,179
0,1,27.06,31.06,57,16.9979,11,6,3,False,True,False,False,True,False,False,False,228
0,1,27.06,31.06,61,15.0013,12,6,3,False,True,False,False,False,True,False,False,265
0,1,27.88,31.82,57,11.0014,13,6,3,False,True,False,False,True,False,False,False,284
0,1,28.7,32.575,54,19.0012,14,6,3,False,True,False,False,True,False,False,False,298
0,1,30.34,33.335,48,19.9995,15,6,3,False,True,False,False,True,False,False,False,324
0,1,29.52,33.335,51,19.0012,16,6,3,False,True,False,False,True,False,False,False,438
0,1,29.52,33.335,48,15.0013,17,6,3,False,True,False,False,True,False,False,False,867
0,1,30.34,33.335,42,12.998,18,6,3,False,True,False,False,True,False,False,False,823
0,1,28.7,32.575,48,16.9979,19,6,3,False,True,False,False,True,False,False,False,579
0,1,27.06,31.06,65,16.9979,20,6,3,False,True,False,False,True,False,False,False,435
0,1,26.24,30.305,65,11.0014,21,6,3,False,True,False,False,True,False,False,False,337
0,1,26.24,30.305,65,15.0013,22,6,3,False,True,False,False,False,True,False,False,242
0,1,25.42,30.305,69,11.0014,23,6,3,False,True,False,False,False,True,False,False,172
0,1,24.6,29.545,73,11.0014,0,6,4,False,True,False,False,True,False,False,False,94
0,1,23.78,27.275,78,12.998,1,6,4,False,True,False,False,True,False,False,False,51
0,1,22.96,26.515,83,7.0015,2,6,4,False,True,False,False,True,False,False,False,15
0,1,22.96,26.515,83,11.0014,3,6,4,False,True,False,False,True,False,False,False,5
0,1,22.96,26.515,83,11.0014,4,6,4,False,True,False,False,True,False,False,False,14
0,1,22.14,25.76,88,7.0015,5,6,4,False,True,False,False,True,False,False,False,33
0,1,22.14,25.76,83,8.9981,6,6,4,False,True,False,False,True,False,False,False,151
0,1,22.96,26.515,83,11.0014,7,6,4,False,True,False,False,True,False,False,False,430
0,1,24.6,29.545,69,11.0014,8,6,4,False,True,False,False,True,False,False,False,653
0,1,25.42,30.305,65,11.0014,9,6,4,False,True,False,False,True,False,False,False,366
0,1,26.24,31.06,57,11.0014,10,6,4,False,True,False,False,True,False,False,False,216
0,1,27.06,31.06,50,12.998,11,6,4,False,True,False,False,True,False,False,False,286
0,1,28.7,31.82,45,11.0014,12,6,4,False,True,False,False,True,False,False,False,403
0,1,28.7,31.82,42,16.9979,13,6,4,False,True,False,False,True,False,False,False,393
0,1,29.52,32.575,39,12.998,14,6,4,False,True,False,False,True,False,False,False,376
0,1,29.52,32.575,39,12.998,15,6,4,False,True,False,False,True,False,False,False,377
0,1,29.52,32.575,37,12.998,16,6,4,False,True,False,False,True,False,False,False,558
0,1,30.34,32.575,37,19.0012,17,6,4,False,True,False,False,True,False,False,False,823
0,1,29.52,32.575,39,15.0013,18,6,4,False,True,False,False,True,False,False,False,693
0,1,28.7,31.82,42,11.0014,19,6,4,False,True,False,False,True,False,False,False,467
0,1,27.88,31.82,44,12.998,20,6,4,False,True,False,False,True,False,False,False,385
0,1,27.06,31.06,50,7.0015,21,6,4,False,True,False,False,True,False,False,False,333
0,1,26.24,31.06,53,8.9981,22,6,4,False,True,False,False,True,False,False,False,321
0,1,25.42,31.06,53,16.9979,23,6,4,False,True,False,False,True,False,False,False,222
0,0,23.78,27.275,56,8.9981,0,6,5,False,True,False,False,True,False,False,False,137
0,0,22.96,26.515,56,0.0,1,6,5,False,True,False,False,True,False,False,False,95
0,0,23.78,27.275,53,0.0,2,6,5,False,True,False,False,True,False,False,False,67
0,0,22.96,26.515,60,6.0032,3,6,5,False,True,False,False,True,False,False,False,27
0,0,22.14,25.76,68,8.9981,4,6,5,False,True,False,False,True,False,False,False,8
0,0,22.14,25.76,68,7.0015,5,6,5,False,True,False,False,True,False,False,False,23
0,0,22.14,25.76,68,12.998,6,6,5,False,True,False,False,True,False,False,False,47
0,0,22.14,25.76,68,12.998,7,6,5,False,True,False,False,True,False,False,False,78
0,0,23.78,27.275,64,11.0014,8,6,5,False,True,False,False,True,False,False,False,204
0,0,24.6,30.305,60,6.0032,9,6,5,False,True,False,False,True,False,False,False,367
0,0,26.24,31.06,47,12.998,10,6,5,False,True,False,False,True,False,False,False,435
0,0,27.06,31.06,39,11.0014,11,6,5,False,True,False,False,True,False,False,False,566
0,0,27.88,31.82,41,7.0015,12,6,5,False,True,False,False,True,False,False,False,603
0,0,29.52,32.575,34,11.0014,13,6,5,False,True,False,False,True,False,False,False,617
0,0,29.52,32.575,37,15.0013,14,6,5,False,True,False,False,True,False,False,False,573
0,0,30.34,32.575,35,16.9979,15,6,5,False,True,False,False,True,False,False,False,583
0,0,29.52,32.575,37,7.0015,16,6,5,False,True,False,False,False,True,False,False,542
0,0,29.52,32.575,37,16.9979,17,6,5,False,True,False,False,False,True,False,False,593
0,0,29.52,32.575,37,15.0013,18,6,5,False,True,False,False,False,True,False,False,571
0,0,28.7,31.82,42,12.998,19,6,5,False,True,False,False,False,True,False,False,461
0,0,27.06,31.06,47,12.998,20,6,5,False,True,False,False,False,True,False,False,352
0,0,26.24,31.06,50,15.0013,21,6,5,False,True,False,False,False,True,False,False,290
0,0,25.42,31.06,53,19.9995,22,6,5,False,True,False,False,True,False,False,False,280
0,0,24.6,31.06,53,19.9995,23,6,5,False,True,False,False,True,False,False,False,183
0,0,22.96,26.515,56,8.9981,0,6,6,False,True,False,False,True,False,False,False,148
0,0,22.96,26.515,60,11.0014,1,6,6,False,True,False,False,True,False,False,False,88
0,0,22.96,26.515,56,6.0032,2,6,6,False,True,False,False,True,False,False,False,74
0,0,22.14,25.76,64,7.0015,3,6,6,False,True,False,False,True,False,False,False,28
0,0,22.14,25.76,64,6.0032,4,6,6,False,True,False,False,True,False,False,False,18
0,0,22.14,25.76,68,8.9981,5,6,6,False,True,False,False,True,False,False,False,17
0,0,21.32,25.0,72,7.0015,6,6,6,False,True,False,False,True,False,False,False,23
0,0,21.32,25.0,72,6.0032,7,6,6,False,True,False,False,True,False,False,False,48
0,0,22.96,26.515,68,16.9979,8,6,6,False,True,False,False,True,False,False,False,119
0,0,22.96,26.515,68,11.0014,9,6,6,False,True,False,False,True,False,False,False,274
0,0,23.78,27.275,64,0.0,10,6,6,False,True,False,False,True,False,False,False,436
0,0,25.42,31.06,57,7.0015,11,6,6,False,True,False,False,True,False,False,False,546
0,0,25.42,31.06,57,0.0,12,6,6,False,True,False,False,True,False,False,False,615
0,0,26.24,31.06,53,11.0014,13,6,6,False,True,False,False,True,False,False,False,614
0,0,26.24,31.06,53,0.0,14,6,6,False,True,False,False,True,False,False,False,582
0,0,27.06,31.06,50,15.0013,15,6,6,False,True,False,False,True,False,False,False,463
0,0,27.06,31.06,54,19.9995,16,6,6,False,True,False,False,True,False,False,False,580
0,0,26.24,31.06,57,15.0013,17,6,6,False,True,False,False,True,False,False,False,593
0,0,26.24,31.06,53,12.998,18,6,6,False,True,False,False,True,False,False,False,513
0,0,26.24,31.06,53,11.0014,19,6,6,False,True,False,False,True,False,False,False,390
0,0,25.42,31.06,57,12.998,20,6,6,False,True,False,False,True,False,False,False,302
0,0,25.42,31.06,57,12.998,21,6,6,False,True,False,False,True,False,False,False,246
0,0,24.6,30.305,60,12.998,22,6,6,False,True,False,False,True,False,False,False,153
0,0,23.78,27.275,64,12.998,23,6,6,False,True,False,False,True,False,False,False,108
0,1,22.96,26.515,73,16.9979,0,6,0,False,True,False,False,True,False,False,False,40
0,1,22.14,25.76,77,15.0013,1,6,0,False,True,False,False,True,False,False,False,14
0,1,22.14,25.76,77,15.0013,2,6,0,False,True,False,False,True,False,False,False,9
0,1,21.32,25.0,83,15.0013,3,6,0,False,True,False,False,False,True,False,False,4
0,1,22.14,25.76,77,12.998,4,6,0,False,True,False,False,False,True,False,False,9
0,1,21.32,25.0,83,8.9981,5,6,0,False,True,False,False,False,False,True,False,23
0,1,21.32,25.0,88,8.9981,6,6,0,False,True,False,False,False,False,True,False,37
0,1,21.32,25.0,94,15.0013,7,6,0,False,True,False,False,False,False,True,False,145
0,1,22.14,25.76,83,12.998,8,6,0,False,True,False,False,False,True,False,False,474
0,1,22.14,25.76,83,15.0013,9,6,0,False,True,False,False,False,True,False,False,250
0,1,22.14,25.76,88,7.0015,10,6,0,False,True,False,False,False,False,True,False,91
0,1,22.14,25.76,88,11.0014,11,6,0,False,True,False,False,False,True,False,False,121
0,1,22.96,26.515,78,8.9981,12,6,0,False,True,False,False,False,False,True,False,168
0,1,23.78,27.275,73,8.9981,13,6,0,False,True,False,False,False,True,False,False,225
0,1,23.78,27.275,68,12.998,14,6,0,False,True,False,False,False,True,False,False,219
0,1,24.6,29.545,69,12.998,15,6,0,False,True,False,False,False,True,False,False,237
0,1,24.6,29.545,73,12.998,16,6,0,False,True,False,False,False,True,False,False,332
0,1,24.6,29.545,73,12.998,17,6,0,False,True,False,False,False,True,False,False,723
0,1,25.42,30.305,69,11.0014,18,6,0,False,True,False,False,False,True,False,False,642
0,1,25.42,29.545,73,6.0032,19,6,0,False,True,False,False,False,True,False,False,463
0,1,25.42,29.545,73,8.9981,20,6,0,False,True,False,False,False,True,False,False,362
0,1,25.42,29.545,73,7.0015,21,6,0,False,True,False,False,False,True,False,False,273
0,1,25.42,29.545,73,11.0014,22,6,0,False,True,False,False,False,True,False,False,164
0,1,24.6,28.79,78,12.998,23,6,0,False,True,False,False,False,False,True,False,74
0,1,24.6,28.79,78,11.0014,0,6,1,False,True,False,False,False,True,False,False,35
0,1,24.6,28.79,78,11.0014,1,6,1,False,True,False,False,False,True,False,False,14
0,1,24.6,28.79,78,8.9981,2,6,1,False,True,False,False,False,True,False,False,15
0,1,24.6,28.79,78,7.0015,3,6,1,False,True,False,False,False,True,False,False,8
0,1,24.6,28.79,78,8.9981,4,6,1,False,True,False,False,False,True,False,False,10
0,1,24.6,28.79,78,12.998,5,6,1,False,True,False,False,False,True,False,False,37
0,1,24.6,28.79,78,7.0015,6,6,1,False,True,False,False,False,True,False,False,161
0,1,24.6,28.79,78,8.9981,7,6,1,False,True,False,False,False,True,False,False,480
0,1,24.6,28.79,78,11.0014,8,6,1,False,True,False,False,False,True,False,False,673
0,1,26.24,30.305,73,6.0032,9,6,1,False,True,False,False,True,False,False,False,328
0,1,26.24,30.305,73,6.0032,10,6,1,False,True,False,False,True,False,False,False,180
0,1,27.06,31.06,69,8.9981,11,6,1,False,True,False,False,True,False,False,False,230
0,1,28.7,32.575,65,6.0032,12,6,1,False,True,False,False,True,False,False,False,292
0,1,30.34,34.09,58,8.9981,13,6,1,False,True,False,False,True,False,False,False,272
0,1,31.16,35.605,58,7.0015,14,6,1,False,True,False,False,True,False,False,False,227
0,1,31.98,37.12,59,11.0014,15,6,1,False,True,False,False,True,False,False,False,259
0,1,32.8,37.88,55,15.0013,16,6,1,False,True,False,False,True,False,False,False,334
0,1,32.8,37.88,55,12.998,17,6,1,False,True,False,False,True,False,False,False,811
0,1,32.8,37.88,55,11.0014,18,6,1,False,True,False,False,True,False,False,False,795
0,1,32.8,38.635,59,15.0013,19,6,1,False,True,False,False,True,False,False,False,514
0,1,32.8,37.88,55,16.9979,20,6,1,False,True,False,False,True,False,False,False,458
0,1,31.16,35.605,62,11.0014,21,6,1,False,True,False,False,True,False,False,False,276
0,1,29.52,34.85,79,6.0032,22,6,1,False,True,False,False,True,False,False,False,291
0,1,29.52,34.85,79,8.9981,23,6,1,False,True,False,False,True,False,False,False,125
0,0,31.16,36.365,66,0.0,0,7,6,False,False,True,False,True,False,False,False,149
0,0,30.34,34.85,70,8.9981,1,7,6,False,False,True,False,True,False,False,False,93
0,0,29.52,34.85,74,6.0032,2,7,6,False,False,True,False,True,False,False,False,90
0,0,29.52,35.605,84,8.9981,3,7,6,False,False,True,False,True,False,False,False,33
0,0,28.7,33.335,79,12.998,4,7,6,False,False,True,False,True,False,False,False,4
0,0,27.88,31.82,79,7.0015,5,7,6,False,False,True,False,True,False,False,False,10
0,0,28.7,33.335,79,6.0032,6,7,6,False,False,True,False,True,False,False,False,27
0,0,30.34,34.85,70,0.0,7,7,6,False,False,True,False,True,False,False,False,50
0,0,31.98,37.12,62,7.0015,8,7,6,False,False,True,False,True,False,False,False,142
0,0,33.62,39.395,56,0.0,9,7,6,False,False,True,False,True,False,False,False,219
0,0,35.26,39.395,44,19.9995,10,7,6,False,False,True,False,True,False,False,False,366
0,0,36.08,40.15,39,15.0013,11,7,6,False,False,True,False,True,False,False,False,377
0,0,36.9,40.91,37,15.0013,12,7,6,False,False,True,False,True,False,False,False,433
0,0,37.72,41.665,33,16.9979,13,7,6,False,False,True,False,True,False,False,False,420
0,0,37.72,41.665,33,16.9979,14,7,6,False,False,True,False,True,False,False,False,444
0,0,36.9,40.91,37,19.0012,15,7,6,False,False,True,False,True,False,False,False,345
0,0,37.72,41.665,33,19.9995,16,7,6,False,False,True,False,True,False,False,False,313
0,0,37.72,40.15,26,19.9995,17,7,6,False,False,True,False,True,False,False,False,413
0,0,36.08,38.635,32,23.9994,18,7,6,False,False,True,False,True,False,False,False,370
0,0,34.44,37.12,39,8.9981,19,7,6,False,False,True,False,True,False,False,False,382
0,0,34.44,37.12,39,8.9981,20,7,6,False,False,True,False,True,False,False,False,332
0,0,34.44,37.12,39,8.9981,21,7,6,False,False,True,False,True,False,False,False,258
0,0,33.62,37.12,43,8.9981,22,7,6,False,False,True,False,True,False,False,False,151
0,0,31.98,35.605,52,11.0014,23,7,6,False,False,True,False,False,False,True,False,110
0,1,31.16,35.605,58,15.0013,0,7,0,False,False,True,False,False,True,False,False,43
0,1,31.16,35.605,58,12.998,1,7,0,False,False,True,False,False,True,False,False,17
0,1,30.34,33.335,51,16.9979,2,7,0,False,False,True,False,False,True,False,False,15
0,1,29.52,33.335,54,27.9993,3,7,0,False,False,True,False,False,True,False,False,5
0,1,29.52,33.335,54,19.9995,4,7,0,False,False,True,False,False,True,False,False,12
0,1,29.52,33.335,51,0.0,5,7,0,False,False,True,False,False,True,False,False,40
0,1,28.7,32.575,58,7.0015,6,7,0,False,False,True,False,True,False,False,False,136
0,1,30.34,33.335,51,7.0015,7,7,0,False,False,True,False,True,False,False,False,398
0,1,31.16,34.85,52,12.998,8,7,0,False,False,True,False,True,False,False,False,568
0,1,31.98,34.85,46,16.9979,9,7,0,False,False,True,False,True,False,False,False,295
0,1,32.8,36.365,43,16.9979,10,7,0,False,False,True,False,True,False,False,False,174
0,1,34.44,36.365,28,19.9995,11,7,0,False,False,True,False,True,False,False,False,201
0,1,34.44,36.365,32,12.998,12,7,0,False,False,True,False,True,False,False,False,257
0,1,35.26,37.88,34,15.0013,13,7,0,False,False,True,False,True,False,False,False,236
0,1,35.26,37.88,34,15.0013,14,7,0,False,False,True,False,True,False,False,False,230
0,1,34.44,37.12,36,12.998,15,7,0,False,False,True,False,True,False,False,False,234
0,1,34.44,37.12,36,19.0012,16,7,0,False,False,True,False,True,False,False,False,365
0,1,34.44,36.365,32,8.9981,17,7,0,False,False,True,False,True,False,False,False,747
0,1,34.44,36.365,32,11.0014,18,7,0,False,False,True,False,True,False,False,False,730
0,1,31.98,34.85,43,8.9981,19,7,0,False,False,True,False,True,False,False,False,581
0,1,31.98,34.85,43,8.9981,20,7,0,False,False,True,False,True,False,False,False,395
0,1,31.16,34.09,45,8.9981,21,7,0,False,False,True,False,True,False,False,False,258
0,1,30.34,33.335,51,11.0014,22,7,0,False,False,True,False,True,False,False,False,188
0,1,30.34,33.335,51,7.0015,23,7,0,False,False,True,False,True,False,False,False,102
0,1,29.52,33.335,54,0.0,0,7,1,False,False,True,False,True,False,False,False,53
0,1,29.52,33.335,58,0.0,1,7,1,False,False,True,False,True,False,False,False,14
0,1,29.52,33.335,58,0.0,2,7,1,False,False,True,False,True,False,False,False,10
0,1,28.7,32.575,65,8.9981,3,7,1,False,False,True,False,True,False,False,False,2
0,1,27.88,31.82,65,7.0015,4,7,1,False,False,True,False,True,False,False,False,6
0,1,28.7,32.575,61,0.0,5,7,1,False,False,True,False,True,False,False,False,35
0,1,28.7,32.575,65,8.9981,6,7,1,False,False,True,False,True,False,False,False,154
0,1,30.34,34.09,58,0.0,7,7,1,False,False,True,False,True,False,False,False,483
0,1,30.34,34.09,62,6.0032,8,7,1,False,False,True,False,True,False,False,False,646
0,1,32.8,37.12,49,11.0014,9,7,1,False,False,True,False,True,False,False,False,272
0,1,33.62,37.12,43,15.0013,10,7,1,False,False,True,False,True,False,False,False,209
0,1,35.26,37.88,34,12.998,11,7,1,False,False,True,False,True,False,False,False,217
0,1,36.08,37.88,28,12.998,12,7,1,False,False,True,False,True,False,False,False,272
0,1,36.9,38.635,25,8.9981,13,7,1,False,False,True,False,True,False,False,False,283
0,1,36.9,38.635,25,12.998,14,7,1,False,False,True,False,True,False,False,False,310
0,1,36.9,38.635,24,0.0,15,7,1,False,False,True,False,False,True,False,False,401
0,1,36.9,38.635,24,12.998,16,7,1,False,False,True,False,False,True,False,False,527
0,1,35.26,37.12,30,11.0014,17,7,1,False,False,True,False,False,True,False,False,722
0,1,35.26,37.12,30,0.0,18,7,1,False,False,True,False,False,True,False,False,627
0,1,34.44,37.12,36,8.9981,19,7,1,False,False,True,False,False,True,False,False,497
0,1,31.16,34.85,55,32.9975,20,7,1,False,False,True,False,False,False,True,False,376
0,1,28.7,32.575,70,19.0012,21,7,1,False,False,True,False,False,True,False,False,196
0,1,27.88,31.82,79,12.998,22,7,1,False,False,True,False,True,False,False,False,177
0,1,27.06,30.305,83,0.0,23,7,1,False,False,True,False,True,False,False,False,171
1,0,27.88,31.82,79,6.0032,0,7,2,False,False,True,False,True,False,False,False,159
1,0,27.88,31.82,74,0.0,1,7,2,False,False,True,False,True,False,False,False,123
1,0,27.06,30.305,83,8.9981,2,7,2,False,False,True,False,True,False,False,False,93
1,0,27.88,31.82,74,12.998,3,7,2,False,False,True,False,True,False,False,False,32
1,0,27.88,31.82,69,16.9979,4,7,2,False,False,True,False,True,False,False,False,16
1,0,27.06,31.06,69,0.0,5,7,2,False,False,True,False,True,False,False,False,19
1,0,27.06,31.06,69,0.0,6,7,2,False,False,True,False,True,False,False,False,32
1,0,27.88,31.82,65,0.0,7,7,2,False,False,True,False,True,False,False,False,72
1,0,28.7,32.575,61,7.0015,8,7,2,False,False,True,False,True,False,False,False,153
1,0,31.16,34.85,52,0.0,9,7,2,False,False,True,False,True,False,False,False,293
1,0,32.8,36.365,46,0.0,10,7,2,False,False,True,False,True,False,False,False,447
1,0,33.62,37.88,46,8.9981,11,7,2,False,False,True,False,True,False,False,False,485
1,0,35.26,39.395,41,15.0013,12,7,2,False,False,True,False,True,False,False,False,494
1,0,36.9,40.91,35,0.0,13,7,2,False,False,True,False,True,False,False,False,499
1,0,36.9,40.91,37,11.0014,14,7,2,False,False,True,False,True,False,False,False,547
1,0,37.72,42.425,35,19.9995,15,7,2,False,False,True,False,True,False,False,False,454
1,0,37.72,42.425,35,16.9979,16,7,2,False,False,True,False,True,False,False,False,389
1,0,37.72,42.425,35,19.9995,17,7,2,False,False,True,False,True,False,False,False,414
1,0,36.9,42.425,42,12.998,18,7,2,False,False,True,False,True,False,False,False,430
1,0,35.26,40.15,47,15.0013,19,7,2,False,False,True,False,True,False,False,False,432
1,0,35.26,40.15,47,15.0013,20,7,2,False,False,True,False,True,False,False,False,551
1,0,34.44,40.15,53,8.9981,21,7,2,False,False,True,False,True,False,False,False,584
1,0,33.62,39.395,56,15.0013,22,7,2,False,False,True,False,True,False,False,False,502
1,0,31.98,34.85,43,6.0032,23,7,2,False,False,True,False,False,True,False,False,183
0,1,30.34,33.335,51,7.0015,0,7,3,False,False,True,False,True,False,False,False,88
0,1,30.34,33.335,51,19.0012,1,7,3,False,False,True,False,True,False,False,False,30
0,1,30.34,33.335,51,0.0,2,7,3,False,False,True,False,True,False,False,False,18
0,1,29.52,33.335,54,12.998,3,7,3,False,False,True,False,True,False,False,False,7
0,1,29.52,33.335,58,0.0,4,7,3,False,False,True,False,True,False,False,False,7
0,1,29.52,34.09,62,0.0,5,7,3,False,False,True,False,True,False,False,False,29
0,1,29.52,33.335,58,0.0,6,7,3,False,False,True,False,True,False,False,False,133
0,1,31.16,34.85,55,0.0,7,7,3,False,False,True,False,True,False,False,False,343
0,1,32.8,37.12,49,8.9981,8,7,3,False,False,True,False,True,False,False,False,550
0,1,34.44,39.395,49,19.9995,9,7,3,False,False,True,False,True,False,False,False,293
0,1,35.26,39.395,44,23.9994,10,7,3,False,False,True,False,True,False,False,False,186
0,1,36.9,40.91,35,19.9995,11,7,3,False,False,True,False,True,False,False,False,244
0,1,36.9,40.91,35,23.9994,12,7,3,False,False,True,False,True,False,False,False,276
0,1,37.72,41.665,33,15.0013,13,7,3,False,False,True,False,True,False,False,False,310
0,1,37.72,41.665,33,22.0028,14,7,3,False,False,True,False,True,False,False,False,241
0,1,37.72,41.665,33,23.9994,15,7,3,False,False,True,False,True,False,False,False,254
0,1,37.72,41.665,33,16.9979,16,7,3,False,False,True,False,True,False,False,False,433
0,1,37.72,42.425,35,11.0014,17,7,3,False,False,True,False,True,False,False,False,689
0,1,36.9,41.665,39,22.0028,18,7,3,False,False,True,False,False,True,False,False,607
0,1,36.08,40.15,39,16.9979,19,7,3,False,False,True,False,False,True,False,False,503
0,1,35.26,39.395,41,15.0013,20,7,3,False,False,True,False,False,True,False,False,321
0,1,34.44,38.635,47,12.998,21,7,3,False,False,True,False,True,False,False,False,323
0,1,33.62,40.15,59,8.9981,22,7,3,False,False,True,False,True,False,False,False,225
0,1,32.8,37.88,55,11.0014,23,7,3,False,False,True,False,True,False,False,False,131
0,1,31.98,37.12,62,8.9981,0,7,4,False,False,True,False,True,False,False,False,102
0,1,31.98,36.365,55,15.0013,1,7,4,False,False,True,False,True,False,False,False,29
0,1,31.16,35.605,62,8.9981,2,7,4,False,False,True,False,True,False,False,False,17
0,1,30.34,34.85,70,12.998,3,7,4,False,False,True,False,False,True,False,False,7
0,1,30.34,34.85,66,15.0013,4,7,4,False,False,True,False,True,False,False,False,6
0,1,30.34,34.85,66,12.998,5,7,4,False,False,True,False,True,False,False,False,35
0,1,30.34,34.85,66,12.998,6,7,4,False,False,True,False,True,False,False,False,131
0,1,31.98,34.85,46,8.9981,7,7,4,False,False,True,False,True,False,False,False,353
0,1,32.8,35.605,41,11.0014,8,7,4,False,False,True,False,True,False,False,False,585
0,1,33.62,36.365,36,8.9981,9,7,4,False,False,True,False,True,False,False,False,304
0,1,35.26,37.12,30,0.0,10,7,4,False,False,True,False,True,False,False,False,210
0,1,34.44,36.365,32,6.0032,11,7,4,False,False,True,False,True,False,False,False,233
0,1,36.08,37.88,28,7.0015,12,7,4,False,False,True,False,True,False,False,False,331
0,1,36.9,39.395,27,7.0015,13,7,4,False,False,True,False,True,False,False,False,293
0,1,36.9,40.15,31,11.0014,14,7,4,False,False,True,False,True,False,False,False,275
0,1,37.72,40.91,29,12.998,15,7,4,False,False,True,False,True,False,False,False,285
0,1,37.72,40.91,29,7.0015,16,7,4,False,False,True,False,True,False,False,False,369
0,1,37.72,40.91,29,0.0,17,7,4,False,False,True,False,True,False,False,False,576
0,1,36.9,40.15,33,16.9979,18,7,4,False,False,True,False,True,False,False,False,560
0,1,36.08,39.395,35,15.0013,19,7,4,False,False,True,False,True,False,False,False,418
0,1,35.26,38.635,39,7.0015,20,7,4,False,False,True,False,True,False,False,False,336
0,1,33.62,38.635,52,8.9981,21,7,4,False,False,True,False,True,False,False,False,300
0,1,32.8,37.88,55,12.998,22,7,4,False,False,True,False,True,False,False,False,288
0,1,32.8,39.395,63,7.0015,23,7,4,False,False,True,False,True,False,False,False,164
0,0,31.98,37.88,66,8.9981,0,7,5,False,False,True,False,True,False,False,False,150
0,0,31.16,36.365,70,11.0014,1,7,5,False,False,True,False,True,False,False,False,71
0,0,31.16,37.12,72,11.0014,2,7,5,False,False,True,False,True,False,False,False,58
0,0,30.34,35.605,74,8.9981,3,7,5,False,False,True,False,True,False,False,False,31
0,0,30.34,35.605,74,11.0014,4,7,5,False,False,True,False,True,False,False,False,16
0,0,30.34,35.605,74,12.998,5,7,5,False,False,True,False,True,False,False,False,14
0,0,30.34,35.605,74,7.0015,6,7,5,False,False,True,False,True,False,False,False,31
0,0,31.98,37.88,66,7.0015,7,7,5,False,False,True,False,True,False,False,False,71
0,0,33.62,41.665,63,12.998,8,7,5,False,False,True,False,True,False,False,False,152
0,0,34.44,41.665,59,11.0014,9,7,5,False,False,True,False,True,False,False,False,256
0,0,37.72,43.18,37,15.0013,10,7,5,False,False,True,False,True,False,False,False,325
0,0,38.54,43.94,38,12.998,11,7,5,False,False,True,False,True,False,False,False,367
0,0,39.36,43.18,31,23.9994,12,7,5,False,False,True,False,True,False,False,False,342
0,0,39.36,43.18,31,16.9979,13,7,5,False,False,True,False,False,True,False,False,360
0,0,39.36,43.18,30,8.9981,14,7,5,False,False,True,False,False,True,False,False,308
0,0,39.36,42.425,26,0.0,15,7,5,False,False,True,False,True,False,False,False,306
0,0,41.0,43.18,19,11.0014,16,7,5,False,False,True,False,True,False,False,False,294
0,0,39.36,42.425,26,8.9981,17,7,5,False,False,True,False,True,False,False,False,279
0,0,38.54,41.665,29,6.0032,18,7,5,False,False,True,False,True,False,False,False,277
0,0,37.72,41.665,33,8.9981,19,7,5,False,False,True,False,True,False,False,False,287
0,0,36.9,40.91,37,11.0014,20,7,5,False,False,True,False,True,False,False,False,276
0,0,36.08,39.395,37,12.998,21,7,5,False,False,True,False,True,False,False,False,201
0,0,34.44,41.665,59,12.998,22,7,5,False,False,True,False,True,False,False,False,220
0,0,34.44,40.91,56,11.0014,23,7,5,False,False,True,False,True,False,False,False,148
0,0,33.62,39.395,56,8.9981,0,7,6,False,False,True,False,True,False,False,False,147
0,0,33.62,39.395,56,7.0015,1,7,6,False,False,True,False,True,False,False,False,124
0,0,33.62,38.635,52,7.0015,2,7,6,False,False,True,False,True,False,False,False,70
0,0,32.8,38.635,59,7.0015,3,7,6,False,False,True,False,True,False,False,False,35
0,0,31.98,37.88,66,7.0015,4,7,6,False,False,True,False,True,False,False,False,13
0,0,31.98,37.12,62,0.0,5,7,6,False,False,True,False,True,False,False,False,6
0,0,31.98,38.635,70,8.9981,6,7,6,False,False,True,False,True,False,False,False,21
0,0,32.8,40.15,66,0.0,7,7,6,False,False,True,False,True,False,False,False,52
0,0,34.44,40.15,53,8.9981,8,7,6,False,False,True,False,True,False,False,False,130
0,0,35.26,40.91,50,7.0015,9,7,6,False,False,True,False,True,False,False,False,242
0,0,36.9,43.18,45,0.0,10,7,6,False,False,True,False,True,False,False,False,319
0,0,37.72,44.695,42,19.9995,11,7,6,False,False,True,False,True,False,False,False,389
0,0,37.72,44.695,42,12.998,12,7,6,False,False,True,False,True,False,False,False,376
0,0,38.54,43.94,38,16.9979,13,7,6,False,False,True,False,True,False,False,False,337
0,0,39.36,45.455,36,11.0014,14,7,6,False,False,True,False,True,False,False,False,312
0,0,37.72,44.695,42,19.0012,15,7,6,False,False,True,False,False,False,True,False,298
0,0,32.8,40.15,66,15.0013,16,7,6,False,False,True,False,False,True,False,False,291
0,0,31.98,37.12,59,0.0,17,7,6,False,False,True,False,True,False,False,False,270
0,0,31.98,37.12,62,7.0015,18,7,6,False,False,True,False,True,False,False,False,253
0,0,31.98,37.12,62,11.0014,19,7,6,False,False,True,False,True,False,False,False,250
0,0,31.16,36.365,70,6.0032,20,7,6,False,False,True,False,True,False,False,False,285
0,0,31.16,36.365,70,8.9981,21,7,6,False,False,True,False,True,False,False,False,207
0,0,30.34,34.85,70,6.0032,22,7,6,False,False,True,False,False,False,True,False,122
0,0,27.88,31.82,83,6.0032,23,7,6,False,False,True,False,False,False,True,False,123
0,1,27.88,31.82,89,6.0032,0,7,0,False,False,True,False,False,True,False,False,39
0,1,28.7,33.335,89,7.0015,1,7,0,False,False,True,False,False,False,True,False,18
0,1,28.7,33.335,89,12.998,2,7,0,False,False,True,False,False,False,True,False,5
0,1,28.7,33.335,89,12.998,3,7,0,False,False,True,False,False,False,True,False,5
0,1,27.06,29.545,89,26.0027,4,7,0,False,False,True,False,False,False,True,False,2
0,1,27.06,30.305,83,15.0013,5,7,0,False,False,True,False,False,True,False,False,28
0,1,26.24,28.79,89,16.9979,6,7,0,False,False,True,False,False,False,True,False,92
0,1,27.06,30.305,83,15.0013,7,7,0,False,False,True,False,False,False,True,False,230
0,1,27.06,30.305,83,11.0014,8,7,0,False,False,True,False,False,True,False,False,455
0,1,27.06,30.305,83,11.0014,9,7,0,False,False,True,False,False,True,False,False,363
0,1,27.06,30.305,83,12.998,10,7,0,False,False,True,False,False,True,False,False,175
0,1,29.52,34.09,62,8.9981,11,7,0,False,False,True,False,False,True,False,False,216
0,1,30.34,34.09,58,8.9981,12,7,0,False,False,True,False,False,True,False,False,266
0,1,31.16,34.85,55,16.9979,13,7,0,False,False,True,False,False,True,False,False,255
0,1,30.34,34.09,55,16.9979,14,7,0,False,False,True,False,False,True,False,False,242
0,1,31.16,34.09,45,15.0013,15,7,0,False,False,True,False,False,True,False,False,280
0,1,31.98,34.85,40,19.0012,16,7,0,False,False,True,False,True,False,False,False,413
0,1,31.98,34.85,40,11.0014,17,7,0,False,False,True,False,True,False,False,False,849
0,1,31.16,34.09,48,8.9981,18,7,0,False,False,True,False,True,False,False,False,872
0,1,30.34,34.09,55,11.0014,19,7,0,False,False,True,False,True,False,False,False,631
0,1,30.34,34.09,55,7.0015,20,7,0,False,False,True,False,False,True,False,False,447
0,1,30.34,34.09,55,6.0032,21,7,0,False,False,True,False,False,True,False,False,331
0,1,29.52,33.335,58,7.0015,22,7,0,False,False,True,False,False,True,False,False,224
0,1,28.7,32.575,65,7.0015,23,7,0,False,False,True,False,False,True,False,False,131
0,1,28.7,32.575,70,6.0032,0,7,1,False,False,True,False,True,False,False,False,69
0,1,28.7,33.335,74,8.9981,1,7,1,False,False,True,False,True,False,False,False,15
0,1,28.7,33.335,74,8.9981,2,7,1,False,False,True,False,True,False,False,False,16
0,1,27.88,31.82,79,0.0,3,7,1,False,False,True,False,True,False,False,False,3
0,1,27.88,31.82,79,8.9981,4,7,1,False,False,True,False,True,False,False,False,4
0,1,27.06,30.305,83,8.9981,5,7,1,False,False,True,False,True,False,False,False,42
0,1,27.88,31.82,79,7.0015,6,7,1,False,False,True,False,False,True,False,False,187
0,1,28.7,33.335,74,7.0015,7,7,1,False,False,True,False,False,True,False,False,520
0,1,29.52,34.85,74,8.9981,8,7,1,False,False,True,False,True,False,False,False,649
0,1,30.34,34.85,66,8.9981,9,7,1,False,False,True,False,True,False,False,False,331
0,1,31.16,35.605,62,12.998,10,7,1,False,False,True,False,True,False,False,False,190
0,1,32.8,36.365,46,12.998,11,7,1,False,False,True,False,True,False,False,False,249
0,1,32.8,35.605,41,8.9981,12,7,1,False,False,True,False,True,False,False,False,272
0,1,33.62,36.365,38,12.998,13,7,1,False,False,True,False,True,False,False,False,280
0,1,33.62,36.365,38,11.0014,14,7,1,False,False,True,False,True,False,False,False,242
0,1,32.8,35.605,41,15.0013,15,7,1,False,False,True,False,True,False,False,False,265
0,1,32.8,36.365,43,15.0013,16,7,1,False,False,True,False,True,False,False,False,435
0,1,31.98,35.605,49,12.998,17,7,1,False,False,True,False,True,False,False,False,872
0,1,28.7,33.335,74,15.0013,18,7,1,False,False,True,False,False,False,True,False,819
0,1,28.7,33.335,74,15.0013,19,7,1,False,False,True,False,False,False,True,False,414
0,1,26.24,28.79,83,15.0013,20,7,1,False,False,True,False,False,False,True,False,84
0,1,26.24,28.79,89,7.0015,21,7,1,False,False,True,False,False,False,True,False,90
0,1,26.24,28.79,83,8.9981,22,7,1,False,False,True,False,False,True,False,False,139
0,1,26.24,28.79,89,7.0015,23,7,1,False,False,True,False,False,True,False,False,103
0,1,27.06,30.305,83,8.9981,0,7,2,False,False,True,False,False,True,False,False,44
0,1,26.24,28.79,89,0.0,1,7,2,False,False,True,False,True,False,False,False,14
0,1,26.24,28.79,89,0.0,2,7,2,False,False,True,False,True,False,False,False,5
0,1,26.24,28.79,89,8.9981,3,7,2,False,False,True,False,True,False,False,False,5
0,1,26.24,28.79,89,8.9981,4,7,2,False,False,True,False,True,False,False,False,7
0,1,26.24,28.79,89,0.0,5,7,2,False,False,True,False,True,False,False,False,41
0,1,26.24,28.79,89,8.9981,6,7,2,False,False,True,False,True,False,False,False,185
0,1,27.06,30.305,83,7.0015,7,7,2,False,False,True,False,False,True,False,False,497
0,1,27.88,31.82,79,11.0014,8,7,2,False,False,True,False,False,True,False,False,674
0,1,28.7,33.335,74,8.9981,9,7,2,False,False,True,False,False,True,False,False,328
0,1,29.52,34.09,62,8.9981,10,7,2,False,False,True,False,False,True,False,False,195
0,1,31.16,35.605,58,8.9981,11,7,2,False,False,True,False,False,True,False,False,229
0,1,31.98,34.85,43,0.0,12,7,2,False,False,True,False,False,True,False,False,292
0,1,32.8,35.605,42,11.0014,13,7,2,False,False,True,False,False,True,False,False,273
0,1,32.8,35.605,41,15.0013,14,7,2,False,False,True,False,True,False,False,False,241
0,1,32.8,35.605,41,16.9979,15,7,2,False,False,True,False,True,False,False,False,276
0,1,32.8,35.605,38,12.998,16,7,2,False,False,True,False,True,False,False,False,411
0,1,32.8,34.85,31,15.0013,17,7,2,False,False,True,False,True,False,False,False,830
0,1,31.98,34.09,38,16.9979,18,7,2,False,False,True,False,True,False,False,False,814
0,1,30.34,33.335,48,15.0013,19,7,2,False,False,True,False,True,False,False,False,633
0,1,30.34,33.335,51,11.0014,20,7,2,False,False,True,False,True,False,False,False,483
0,1,29.52,33.335,58,15.0013,21,7,2,False,False,True,False,True,False,False,False,391
0,1,29.52,33.335,58,16.9979,22,7,2,False,False,True,False,True,False,False,False,244
0,1,28.7,32.575,58,16.9979,23,7,2,False,False,True,False,False,True,False,False,152
0,1,27.88,31.82,61,0.0,0,7,3,False,False,True,False,False,True,False,False,56
0,1,27.06,31.06,61,0.0,1,7,3,False,False,True,False,False,True,False,False,21
0,1,27.06,31.06,65,6.0032,2,7,3,False,False,True,False,False,True,False,False,9
0,1,26.24,30.305,69,7.0015,3,7,3,False,False,True,False,True,False,False,False,10
0,1,26.24,30.305,73,7.0015,4,7,3,False,False,True,False,True,False,False,False,5
0,1,25.42,29.545,73,7.0015,5,7,3,False,False,True,False,True,False,False,False,44
0,1,26.24,30.305,73,6.0032,6,7,3,False,False,True,False,True,False,False,False,178
0,1,26.24,30.305,73,8.9981,7,7,3,False,False,True,False,True,False,False,False,512
0,1,27.88,31.82,65,8.9981,8,7,3,False,False,True,False,True,False,False,False,702
0,1,29.52,33.335,58,7.0015,9,7,3,False,False,True,False,True,False,False,False,327
0,1,30.34,33.335,48,11.0014,10,7,3,False,False,True,False,True,False,False,False,214
0,1,31.16,34.09,45,7.0015,11,7,3,False,False,True,False,True,False,False,False,215
0,1,31.98,34.09,35,8.9981,12,7,3,False,False,True,False,True,False,False,False,292
0,1,32.8,34.85,33,15.0013,13,7,3,False,False,True,False,True,False,False,False,277
0,1,31.98,34.09,33,15.0013,14,7,3,False,False,True,False,True,False,False,False,209
0,1,32.8,35.605,36,12.998,15,7,3,False,False,True,False,True,False,False,False,271
0,1,32.8,35.605,36,12.998,16,7,3,False,False,True,False,True,False,False,False,439
0,1,31.16,34.09,43,15.0013,17,7,3,False,False,True,False,True,False,False,False,795
0,1,31.16,34.09,45,8.9981,18,7,3,False,False,True,False,True,False,False,False,825
0,1,30.34,33.335,48,15.0013,19,7,3,False,False,True,False,True,False,False,False,629
0,1,30.34,33.335,48,15.0013,20,7,3,False,False,True,False,True,False,False,False,514
0,1,29.52,33.335,48,15.0013,21,7,3,False,False,True,False,True,False,False,False,373
0,1,29.52,33.335,51,11.0014,22,7,3,False,False,True,False,True,False,False,False,318
0,1,28.7,32.575,51,15.0013,23,7,3,False,False,True,False,False,True,False,False,211
0,1,28.7,32.575,54,11.0014,0,7,4,False,False,True,False,False,True,False,False,95
0,1,27.88,31.82,54,7.0015,1,7,4,False,False,True,False,False,True,False,False,59
0,1,27.06,31.06,61,6.0032,2,7,4,False,False,True,False,False,True,False,False,17
0,1,27.88,31.82,61,0.0,3,7,4,False,False,True,False,False,True,False,False,9
0,1,27.06,31.06,61,0.0,4,7,4,False,False,True,False,False,True,False,False,11
0,1,27.06,31.82,56,6.0032,5,7,4,False,False,True,False,False,True,False,False,34
0,1,28.7,32.575,54,0.0,6,7,4,False,False,True,False,False,True,False,False,127
0,1,28.7,32.575,54,0.0,7,7,4,False,False,True,False,False,True,False,False,380
0,1,28.7,32.575,54,0.0,8,7,4,False,False,True,False,False,True,False,False,713
0,1,29.52,33.335,51,0.0,9,7,4,False,False,True,False,False,True,False,False,414
0,1,30.34,33.335,48,0.0,10,7,4,False,False,True,False,False,True,False,False,268
0,1,31.16,34.09,45,8.9981,11,7,4,False,False,True,False,False,True,False,False,288
0,1,31.16,34.09,40,7.0015,12,7,4,False,False,True,False,False,True,False,False,379
0,1,32.8,35.605,38,8.9981,13,7,4,False,False,True,False,False,True,False,False,374
0,1,32.8,35.605,38,0.0,14,7,4,False,False,True,False,False,True,False,False,369
0,1,32.8,35.605,36,7.0015,15,7,4,False,False,True,False,False,True,False,False,353
0,1,32.8,35.605,36,15.0013,16,7,4,False,False,True,False,False,True,False,False,492
0,1,32.8,35.605,36,11.0014,17,7,4,False,False,True,False,False,True,False,False,835
0,1,31.98,34.85,46,12.998,18,7,4,False,False,True,False,True,False,False,False,631
0,1,30.34,33.335,51,11.0014,19,7,4,False,False,True,False,True,False,False,False,488
0,1,30.34,33.335,48,8.9981,20,7,4,False,False,True,False,True,False,False,False,389
0,1,29.52,33.335,54,0.0,21,7,4,False,False,True,False,True,False,False,False,299
0,1,30.34,33.335,45,0.0,22,7,4,False,False,True,False,True,False,False,False,263
0,1,29.52,32.575,45,8.9981,23,7,4,False,False,True,False,False,True,False,False,212
0,0,29.52,33.335,48,6.0032,0,7,5,False,False,True,False,False,True,False,False,191
0,0,28.7,32.575,51,7.0015,1,7,5,False,False,True,False,False,True,False,False,118
0,0,28.7,32.575,54,7.0015,2,7,5,False,False,True,False,False,True,False,False,101
0,0,28.7,32.575,54,7.0015,3,7,5,False,False,True,False,False,True,False,False,40
0,0,27.06,31.06,61,7.0015,4,7,5,False,False,True,False,False,False,True,False,9
0,0,26.24,30.305,73,7.0015,5,7,5,False,False,True,False,False,True,False,False,5
0,0,26.24,29.545,78,6.0032,6,7,5,False,False,True,False,False,True,False,False,35
0,0,26.24,29.545,78,19.0012,7,7,5,False,False,True,False,True,False,False,False,48
0,0,25.42,29.545,78,19.0012,8,7,5,False,False,True,False,True,False,False,False,151
0,0,27.06,31.06,74,12.998,9,7,5,False,False,True,False,True,False,False,False,282
0,0,29.52,34.09,70,6.0032,10,7,5,False,False,True,False,False,True,False,False,401
0,0,29.52,34.09,70,7.0015,11,7,5,False,False,True,False,False,True,False,False,439
0,0,30.34,34.85,66,6.0032,12,7,5,False,False,True,False,False,True,False,False,499
0,0,31.16,35.605,62,6.0032,13,7,5,False,False,True,False,False,True,False,False,591
0,0,32.8,37.88,55,7.0015,14,7,5,False,False,True,False,True,False,False,False,632
0,0,32.8,37.88,55,11.0014,15,7,5,False,False,True,False,True,False,False,False,560
0,0,29.52,34.85,79,23.9994,16,7,5,False,False,True,False,False,True,False,False,566
0,0,28.7,33.335,79,11.0014,17,7,5,False,False,True,False,False,False,True,False,458
0,0,29.52,34.85,79,8.9981,18,7,5,False,False,True,False,True,False,False,False,351
0,0,29.52,35.605,84,6.0032,19,7,5,False,False,True,False,True,False,False,False,431
0,0,29.52,35.605,84,6.0032,20,7,5,False,False,True,False,True,False,False,False,356
0,0,28.7,33.335,84,15.0013,21,7,5,False,False,True,False,True,False,False,False,269
0,0,28.7,33.335,79,12.998,22,7,5,False,False,True,False,True,False,False,False,225
0,0,27.88,31.82,83,6.0032,23,7,5,False,False,True,False,False,True,False,False,211
0,0,27.88,31.82,89,11.0014,0,7,6,False,False,True,False,True,False,False,False,187
0,0,27.88,31.82,89,8.9981,1,7,6,False,False,True,False,False,True,False,False,168
0,0,27.88,31.82,89,11.0014,2,7,6,False,False,True,False,False,True,False,False,115
0,0,27.88,31.82,89,11.0014,3,7,6,False,False,True,False,False,True,False,False,57
0,0,27.88,31.82,89,7.0015,4,7,6,False,False,True,False,False,True,False,False,19
0,0,27.88,31.82,89,8.9981,5,7,6,False,False,True,False,True,False,False,False,9
0,0,27.88,31.82,83,8.9981,6,7,6,False,False,True,False,True,False,False,False,15
0,0,28.7,33.335,79,6.0032,7,7,6,False,False,True,False,True,False,False,False,47
0,0,28.7,33.335,84,8.9981,8,7,6,False,False,True,False,False,True,False,False,133
0,0,29.52,34.85,79,0.0,9,7,6,False,False,True,False,False,True,False,False,221
0,0,31.16,36.365,66,8.9981,10,7,6,False,False,True,False,True,False,False,False,382
0,0,33.62,38.635,52,11.0014,11,7,6,False,False,True,False,True,False,False,False,451
0,0,34.44,38.635,47,7.0015,12,7,6,False,False,True,False,True,False,False,False,489
0,0,35.26,39.395,41,7.0015,13,7,6,False,False,True,False,True,False,False,False,480
0,0,36.9,40.91,37,16.9979,14,7,6,False,False,True,False,True,False,False,False,476
0,0,35.26,40.15,47,8.9981,15,7,6,False,False,True,False,True,False,False,False,489
0,0,35.26,39.395,41,15.0013,16,7,6,False,False,True,False,True,False,False,False,495
0,0,32.8,38.635,59,32.9975,17,7,6,False,False,True,False,True,False,False,False,436
0,0,29.52,34.85,79,23.9994,18,7,6,False,False,True,False,False,False,True,False,312
0,0,29.52,35.605,84,15.0013,19,7,6,False,False,True,False,True,False,False,False,312
0,0,29.52,34.85,79,16.9979,20,7,6,False,False,True,False,True,False,False,False,294
0,0,29.52,34.85,79,6.0032,21,7,6,False,False,True,False,True,False,False,False,223
0,0,29.52,34.85,74,7.0015,22,7,6,False,False,True,False,True,False,False,False,130
0,0,29.52,34.85,79,8.9981,23,7,6,False,False,True,False,True,False,False,False,91
0,1,29.52,34.85,79,7.0015,0,7,0,False,False,True,False,False,False,True,False,43
0,1,28.7,33.335,74,12.998,1,7,0,False,False,True,False,False,True,False,False,11
0,1,28.7,33.335,74,7.0015,2,7,0,False,False,True,False,True,False,False,False,15
0,1,27.88,31.82,79,6.0032,3,7,0,False,False,True,False,True,False,False,False,6
0,1,27.88,31.82,79,7.0015,4,7,0,False,False,True,False,True,False,False,False,12
0,1,27.06,30.305,78,7.0015,5,7,0,False,False,True,False,True,False,False,False,50
0,1,27.88,31.82,79,8.9981,6,7,0,False,False,True,False,True,False,False,False,140
0,1,29.52,34.09,70,6.0032,7,7,0,False,False,True,False,True,False,False,False,483
0,1,30.34,34.85,66,7.0015,8,7,0,False,False,True,False,True,False,False,False,667
0,1,31.16,35.605,62,11.0014,9,7,0,False,False,True,False,True,False,False,False,348
0,1,32.8,38.635,59,0.0,10,7,0,False,False,True,False,True,False,False,False,186
0,1,34.44,40.15,53,15.0013,11,7,0,False,False,True,False,True,False,False,False,182
0,1,34.44,39.395,49,8.9981,12,7,0,False,False,True,False,True,False,False,False,237
0,1,34.44,39.395,49,19.0012,13,7,0,False,False,True,False,True,False,False,False,239
0,1,36.08,40.91,42,7.0015,14,7,0,False,False,True,False,True,False,False,False,212
0,1,35.26,40.15,47,16.9979,15,7,0,False,False,True,False,True,False,False,False,237
0,1,31.16,36.365,66,39.0007,16,7,0,False,False,True,False,False,False,True,False,386
0,1,31.16,36.365,66,39.0007,17,7,0,False,False,True,False,False,False,True,False,755
0,1,34.44,40.15,53,0.0,18,7,0,False,False,True,False,True,False,False,False,794
0,1,32.8,39.395,63,8.9981,19,7,0,False,False,True,False,True,False,False,False,595
0,1,32.8,38.635,59,8.9981,20,7,0,False,False,True,False,True,False,False,False,454
0,1,31.16,36.365,66,8.9981,21,7,0,False,False,True,False,True,False,False,False,328
0,1,31.16,35.605,62,6.0032,22,7,0,False,False,True,False,True,False,False,False,284
0,1,30.34,35.605,74,6.0032,23,7,0,False,False,True,False,True,False,False,False,166
0,1,29.52,35.605,84,7.0015,0,7,1,False,False,True,False,True,False,False,False,53
0,1,30.34,34.85,70,0.0,1,7,1,False,False,True,False,True,False,False,False,25
0,1,29.52,34.09,70,6.0032,2,7,1,False,False,True,False,True,False,False,False,7
0,1,29.52,34.09,66,0.0,3,7,1,False,False,True,False,True,False,False,False,3
0,1,29.52,34.09,62,0.0,4,7,1,False,False,True,False,True,False,False,False,7
0,1,27.88,31.82,74,6.0032,5,7,1,False,False,True,False,True,False,False,False,38
0,1,29.52,34.09,66,7.0015,6,7,1,False,False,True,False,True,False,False,False,213
0,1,30.34,34.85,70,0.0,7,7,1,False,False,True,False,False,True,False,False,526
0,1,32.8,37.88,55,0.0,8,7,1,False,False,True,False,False,True,False,False,661
0,1,33.62,38.635,49,15.0013,9,7,1,False,False,True,False,False,True,False,False,320
0,1,34.44,39.395,49,12.998,10,7,1,False,False,True,False,False,True,False,False,159
0,1,35.26,40.15,47,0.0,11,7,1,False,False,True,False,False,True,False,False,206
0,1,36.9,40.91,35,0.0,12,7,1,False,False,True,False,False,True,False,False,254
0,1,37.72,40.91,31,12.998,13,7,1,False,False,True,False,True,False,False,False,221
0,1,38.54,41.665,29,16.9979,14,7,1,False,False,True,False,True,False,False,False,214
0,1,37.72,40.91,31,11.0014,15,7,1,False,False,True,False,True,False,False,False,244
0,1,37.72,40.91,29,11.0014,16,7,1,False,False,True,False,True,False,False,False,381
0,1,37.72,40.91,29,0.0,17,7,1,False,False,True,False,True,False,False,False,770
0,1,36.9,40.15,33,12.998,18,7,1,False,False,True,False,True,False,False,False,772
0,1,36.08,39.395,35,16.9979,19,7,1,False,False,True,False,True,False,False,False,547
0,1,35.26,37.88,34,11.0014,20,7,1,False,False,True,False,True,False,False,False,427
0,1,33.62,38.635,52,8.9981,21,7,1,False,False,True,False,True,False,False,False,333
0,1,32.8,37.88,55,15.0013,22,7,1,False,False,True,False,True,False,False,False,244
0,1,31.98,37.12,59,12.998,23,7,1,False,False,True,False,True,False,False,False,161
0,1,31.16,36.365,66,11.0014,0,7,2,False,False,True,False,True,False,False,False,53
0,1,31.16,36.365,66,7.0015,1,7,2,False,False,True,False,True,False,False,False,16
0,1,30.34,34.85,66,8.9981,2,7,2,False,False,True,False,True,False,False,False,8
0,1,30.34,34.85,66,8.9981,3,7,2,False,False,True,False,True,False,False,False,4
0,1,29.52,34.09,70,8.9981,4,7,2,False,False,True,False,True,False,False,False,6
0,1,29.52,34.09,70,11.0014,5,7,2,False,False,True,False,True,False,False,False,46
0,1,29.52,34.09,70,11.0014,6,7,2,False,False,True,False,True,False,False,False,162
0,1,30.34,34.85,66,11.0014,7,7,2,False,False,True,False,True,False,False,False,495
0,1,31.98,37.12,62,7.0015,8,7,2,False,False,True,False,True,False,False,False,679
0,1,33.62,39.395,56,0.0,9,7,2,False,False,True,False,True,False,False,False,297
0,1,36.9,42.425,42,12.998,10,7,2,False,False,True,False,True,False,False,False,138
0,1,36.9,42.425,42,0.0,11,7,2,False,False,True,False,True,False,False,False,183
0,1,37.72,43.18,37,8.9981,12,7,2,False,False,True,False,True,False,False,False,202
0,1,38.54,42.425,33,0.0,13,7,2,False,False,True,False,True,False,False,False,203
0,1,38.54,43.94,38,22.0028,14,7,2,False,False,True,False,True,False,False,False,170
0,1,37.72,42.425,35,23.9994,15,7,2,False,False,True,False,False,False,True,False,194
0,1,30.34,34.85,66,16.9979,16,7,2,False,False,True,False,True,False,False,False,224
0,1,30.34,34.85,70,16.9979,17,7,2,False,False,True,False,True,False,False,False,370
0,1,31.16,35.605,62,8.9981,18,7,2,False,False,True,False,False,True,False,False,643
0,1,31.16,35.605,62,7.0015,19,7,2,False,False,True,False,False,True,False,False,516
0,1,30.34,34.09,62,6.0032,20,7,2,False,False,True,False,True,False,False,False,366
0,1,31.16,35.605,62,0.0,21,7,2,False,False,True,False,True,False,False,False,319
0,1,31.16,35.605,58,6.0032,22,7,2,False,False,True,False,True,False,False,False,288
0,1,31.16,35.605,58,6.0032,23,7,2,False,False,True,False,True,False,False,False,131
0,1,30.34,34.85,66,6.0032,0,7,3,False,False,True,False,True,False,False,False,66
0,1,30.34,34.85,66,6.0032,1,7,3,False,False,True,False,True,False,False,False,25
0,1,29.52,34.09,70,12.998,2,7,3,False,False,True,False,True,False,False,False,7
0,1,29.52,34.09,70,7.0015,3,7,3,False,False,True,False,True,False,False,False,5
0,1,29.52,34.09,70,7.0015,4,7,3,False,False,True,False,True,False,False,False,8
0,1,29.52,34.09,70,7.0015,5,7,3,False,False,True,False,False,True,False,False,40
0,1,29.52,34.09,66,8.9981,6,7,3,False,False,True,False,True,False,False,False,152
0,1,30.34,34.09,58,19.0012,7,7,3,False,False,True,False,True,False,False,False,473
0,1,31.16,35.605,58,16.9979,8,7,3,False,False,True,False,True,False,False,False,657
0,1,31.16,35.605,58,19.0012,9,7,3,False,False,True,False,False,True,False,False,318
0,1,31.16,35.605,58,12.998,10,7,3,False,False,True,False,True,False,False,False,198
0,1,32.8,37.88,55,7.0015,11,7,3,False,False,True,False,True,False,False,False,216
0,1,34.44,39.395,49,19.0012,12,7,3,False,False,True,False,True,False,False,False,274
0,1,34.44,38.635,47,8.9981,13,7,3,False,False,True,False,True,False,False,False,254
0,1,35.26,39.395,44,6.0032,14,7,3,False,False,True,False,True,False,False,False,197
0,1,34.44,38.635,47,6.0032,15,7,3,False,False,True,False,True,False,False,False,292
0,1,34.44,38.635,47,6.0032,16,7,3,False,False,True,False,True,False,False,False,358
0,1,35.26,39.395,41,0.0,17,7,3,False,False,True,False,True,False,False,False,771
0,1,35.26,39.395,41,12.998,18,7,3,False,False,True,False,True,False,False,False,777
0,1,34.44,37.88,44,16.9979,19,7,3,False,False,True,False,True,False,False,False,533
0,1,33.62,38.635,49,11.0014,20,7,3,False,False,True,False,True,False,False,False,505
0,1,27.06,29.545,89,16.9979,21,7,3,False,False,True,False,False,False,True,False,332
0,1,27.06,29.545,89,16.9979,22,7,3,False,False,True,False,False,False,True,False,68
0,1,27.06,29.545,89,15.0013,23,7,3,False,False,True,False,False,False,True,False,65
0,1,27.88,31.82,79,11.0014,0,8,2,False,False,True,False,True,False,False,False,47
0,1,27.06,30.305,83,6.0032,1,8,2,False,False,True,False,True,False,False,False,33
0,1,26.24,28.79,83,7.0015,2,8,2,False,False,True,False,True,False,False,False,13
0,1,26.24,28.79,83,7.0015,3,8,2,False,False,True,False,True,False,False,False,7
0,1,26.24,29.545,78,8.9981,4,8,2,False,False,True,False,False,True,False,False,4
0,1,26.24,29.545,78,8.9981,5,8,2,False,False,True,False,False,True,False,False,49
0,1,26.24,29.545,78,8.9981,6,8,2,False,False,True,False,True,False,False,False,185
0,1,26.24,28.79,83,8.9981,7,8,2,False,False,True,False,False,True,False,False,487
0,1,27.06,30.305,78,12.998,8,8,2,False,False,True,False,False,True,False,False,681
0,1,27.88,31.82,74,6.0032,9,8,2,False,False,True,False,False,True,False,False,350
0,1,29.52,34.09,66,6.0032,10,8,2,False,False,True,False,True,False,False,False,236
0,1,31.16,35.605,58,6.0032,11,8,2,False,False,True,False,True,False,False,False,234
0,1,32.8,37.12,49,7.0015,12,8,2,False,False,True,False,True,False,False,False,284
0,1,32.8,37.12,52,11.0014,13,8,2,False,False,True,False,True,False,False,False,280
0,1,33.62,37.88,46,11.0014,14,8,2,False,False,True,False,True,False,False,False,263
0,1,33.62,37.88,46,11.0014,15,8,2,False,False,True,False,True,False,False,False,295
0,1,32.8,37.88,55,19.0012,16,8,2,False,False,True,False,True,False,False,False,479
0,1,32.8,37.12,49,11.0014,17,8,2,False,False,True,False,True,False,False,False,837
0,1,31.16,35.605,62,15.0013,18,8,2,False,False,True,False,False,False,True,False,891
0,1,30.34,34.85,66,16.9979,19,8,2,False,False,True,False,True,False,False,False,652
0,1,30.34,34.85,66,11.0014,20,8,2,False,False,True,False,True,False,False,False,513
0,1,29.52,34.09,70,8.9981,21,8,2,False,False,True,False,True,False,False,False,320
0,1,29.52,34.09,70,7.0015,22,8,2,False,False,True,False,True,False,False,False,288
0,1,28.7,33.335,74,0.0,23,8,2,False,False,True,False,True,False,False,False,152
0,1,28.7,33.335,74,0.0,0,8,3,False,False,True,False,True,False,False,False,63
0,1,27.88,31.82,79,7.0015,1,8,3,False,False,True,False,True,False,False,False,42
0,1,27.06,30.305,83,6.0032,2,8,3,False,False,True,False,True,False,False,False,11
0,1,27.06,30.305,83,0.0,3,8,3,False,False,True,False,True,False,False,False,6
0,1,27.06,30.305,83,0.0,4,8,3,False,False,True,False,True,False,False,False,9
0,1,27.06,29.545,89,8.9981,5,8,3,False,False,True,False,True,False,False,False,41
0,1,27.06,30.305,83,0.0,6,8,3,False,False,True,False,True,False,False,False,183
0,1,28.7,33.335,79,0.0,7,8,3,False,False,True,False,True,False,False,False,473
0,1,29.52,34.85,74,7.0015,8,8,3,False,False,True,False,True,False,False,False,739
0,1,31.16,36.365,66,7.0015,9,8,3,False,False,True,False,True,False,False,False,343
0,1,32.8,37.88,55,0.0,10,8,3,False,False,True,False,True,False,False,False,181
0,1,33.62,38.635,52,7.0015,11,8,3,False,False,True,False,True,False,False,False,226
0,1,34.44,37.88,44,8.9981,12,8,3,False,False,True,False,True,False,False,False,286
0,1,35.26,39.395,44,15.0013,13,8,3,False,False,True,False,True,False,False,False,310
0,1,35.26,39.395,41,8.9981,14,8,3,False,False,True,False,True,False,False,False,225
0,1,31.98,37.12,62,31.0009,15,8,3,False,False,True,False,True,False,False,False,270
0,1,33.62,37.88,46,12.998,16,8,3,False,False,True,False,True,False,False,False,406
0,1,33.62,38.635,52,16.9979,17,8,3,False,False,True,False,True,False,False,False,865
0,1,32.8,38.635,59,15.0013,18,8,3,False,False,True,False,True,False,False,False,767
0,1,32.8,39.395,63,11.0014,19,8,3,False,False,True,False,True,False,False,False,607
0,1,31.98,37.88,66,0.0,20,8,3,False,False,True,False,True,False,False,False,427
0,1,31.16,36.365,66,15.0013,21,8,3,False,False,True,False,True,False,False,False,342
0,1,30.34,34.85,70,12.998,22,8,3,False,False,True,False,True,False,False,False,262
0,1,29.52,34.09,70,16.9979,23,8,3,False,False,True,False,True,False,False,False,177
0,1,29.52,34.09,70,12.998,0,8,4,False,False,True,False,True,False,False,False,71
0,1,28.7,33.335,74,12.998,1,8,4,False,False,True,False,True,False,False,False,43
0,1,27.88,31.82,79,15.0013,2,8,4,False,False,True,False,True,False,False,False,14
0,1,27.88,31.82,79,15.0013,3,8,4,False,False,True,False,True,False,False,False,6
0,1,27.06,30.305,83,16.9979,4,8,4,False,False,True,False,True,False,False,False,12
0,1,27.06,30.305,83,11.0014,5,8,4,False,False,True,False,True,False,False,False,37
0,1,27.06,30.305,83,15.0013,6,8,4,False,False,True,False,True,False,False,False,163
0,1,28.7,33.335,74,7.0015,7,8,4,False,False,True,False,True,False,False,False,421
0,1,29.52,34.09,70,8.9981,8,8,4,False,False,True,False,True,False,False,False,668
0,1,30.34,34.85,66,7.0015,9,8,4,False,False,True,False,False,True,False,False,396
0,1,32.8,37.12,52,12.998,10,8,4,False,False,True,False,False,True,False,False,249
0,1,34.44,39.395,49,19.0012,11,8,4,False,False,True,False,False,True,False,False,263
0,1,35.26,40.91,50,19.9995,12,8,4,False,False,True,False,False,True,False,False,338
0,1,35.26,40.15,47,19.0012,13,8,4,False,False,True,False,False,True,False,False,345
0,1,35.26,39.395,44,16.9979,14,8,4,False,False,True,False,False,True,False,False,331
0,1,36.08,40.91,42,16.9979,15,8,4,False,False,True,False,True,False,False,False,380
0,1,35.26,39.395,41,15.0013,16,8,4,False,False,True,False,False,True,False,False,492
0,1,34.44,40.15,53,19.0012,17,8,4,False,False,True,False,False,True,False,False,741
0,1,33.62,40.15,59,16.9979,18,8,4,False,False,True,False,False,True,False,False,671
0,1,32.8,39.395,63,15.0013,19,8,4,False,False,True,False,False,True,False,False,469
0,1,31.98,37.88,66,15.0013,20,8,4,False,False,True,False,False,True,False,False,389
0,1,31.16,36.365,66,12.998,21,8,4,False,False,True,False,False,True,False,False,278
0,1,31.16,36.365,70,16.9979,22,8,4,False,False,True,False,True,False,False,False,202
0,1,30.34,35.605,79,8.9981,23,8,4,False,False,True,False,True,False,False,False,196
0,0,30.34,35.605,79,11.0014,0,8,5,False,False,True,False,True,False,False,False,161
0,0,29.52,35.605,84,12.998,1,8,5,False,False,True,False,True,False,False,False,122
0,0,29.52,35.605,84,8.9981,2,8,5,False,False,True,False,True,False,False,False,84
0,0,29.52,35.605,84,8.9981,3,8,5,False,False,True,False,True,False,False,False,30
0,0,29.52,34.85,79,12.998,4,8,5,False,False,True,False,True,False,False,False,13
0,0,28.7,33.335,84,15.0013,5,8,5,False,False,True,False,True,False,False,False,17
0,0,28.7,33.335,84,15.0013,6,8,5,False,False,True,False,True,False,False,False,49
0,0,29.52,34.85,77,11.0014,7,8,5,False,False,True,False,True,False,False,False,67
0,0,30.34,36.365,72,12.998,8,8,5,False,False,True,False,True,False,False,False,181
0,0,31.98,37.88,65,15.0013,9,8,5,False,False,True,False,True,False,False,False,278
0,0,33.62,38.635,57,12.998,10,8,5,False,False,True,False,True,False,False,False,396
0,0,35.26,40.15,47,16.9979,11,8,5,False,False,True,False,True,False,False,False,470
0,0,35.26,39.395,40,23.9994,12,8,5,False,False,True,False,True,False,False,False,547
0,0,36.08,40.91,42,19.9995,13,8,5,False,False,True,False,True,False,False,False,527
0,0,36.08,40.15,40,26.0027,14,8,5,False,False,True,False,True,False,False,False,472
0,0,36.08,40.91,42,27.9993,15,8,5,False,False,True,False,True,False,False,False,489
0,0,36.9,40.91,39,19.9995,16,8,5,False,False,True,False,True,False,False,False,450
0,0,36.08,39.395,37,19.9995,17,8,5,False,False,True,False,True,False,False,False,492
0,0,35.26,39.395,41,22.0028,18,8,5,False,False,True,False,True,False,False,False,490
0,0,33.62,38.635,52,23.9994,19,8,5,False,False,True,False,True,False,False,False,397
0,0,33.62,38.635,52,19.9995,20,8,5,False,False,True,False,True,False,False,False,312
0,0,32.8,38.635,59,16.9979,21,8,5,False,False,True,False,True,False,False,False,289
0,0,31.16,36.365,66,19.0012,22,8,5,False,False,True,False,True,False,False,False,269
0,0,31.16,36.365,66,19.9995,23,8,5,False,False,True,False,True,False,False,False,222
0,0,30.34,34.85,70,19.0012,0,8,6,False,False,True,False,True,False,False,False,153
0,0,30.34,34.85,70,16.9979,1,8,6,False,False,True,False,True,False,False,False,87
0,0,30.34,34.85,70,19.9995,2,8,6,False,False,True,False,True,False,False,False,73
0,0,29.52,34.85,74,16.9979,3,8,6,False,False,True,False,True,False,False,False,41
0,0,29.52,34.85,74,16.9979,4,8,6,False,False,True,False,True,False,False,False,14
0,0,29.52,34.85,74,16.9979,5,8,6,False,False,True,False,True,False,False,False,19
0,0,29.52,34.85,79,16.9979,6,8,6,False,False,True,False,True,False,False,False,19
0,0,30.34,35.605,74,19.9995,7,8,6,False,False,True,False,True,False,False,False,68
0,0,31.16,36.365,66,22.0028,8,8,6,False,False,True,False,True,False,False,False,108
0,0,32.8,38.635,59,23.9994,9,8,6,False,False,True,False,True,False,False,False,229
0,0,32.8,38.635,59,27.9993,10,8,6,False,False,True,False,True,False,False,False,364
0,0,33.62,39.395,56,27.9993,11,8,6,False,False,True,False,True,False,False,False,437
0,0,35.26,40.15,47,35.0008,12,8,6,False,False,True,False,True,False,False,False,491
0,0,36.08,40.91,44,31.0009,13,8,6,False,False,True,False,True,False,False,False,523
0,0,36.9,42.425,42,31.0009,14,8,6,False,False,True,False,True,False,False,False,526
0,0,36.9,40.91,37,35.0008,15,8,6,False,False,True,False,True,False,False,False,450
0,0,33.62,37.88,46,16.9979,16,8,6,False,False,True,False,True,False,False,False,421
0,0,33.62,37.88,46,16.9979,17,8,6,False,False,True,False,True,False,False,False,382
0,0,28.7,33.335,74,8.9981,18,8,6,False,False,True,False,False,False,True,False,229
0,0,28.7,33.335,84,15.0013,19,8,6,False,False,True,False,True,False,False,False,185
0,0,28.7,33.335,84,7.0015,20,8,6,False,False,True,False,True,False,False,False,193
0,0,29.52,34.85,79,7.0015,21,8,6,False,False,True,False,True,False,False,False,208
0,0,29.52,34.85,79,6.0032,22,8,6,False,False,True,False,True,False,False,False,157
0,0,29.52,34.85,79,11.0014,23,8,6,False,False,True,False,False,True,False,False,87
0,1,29.52,34.85,79,0.0,0,8,0,False,False,True,False,False,True,False,False,33
0,1,29.52,34.85,79,6.0032,1,8,0,False,False,True,False,True,False,False,False,11
0,1,29.52,34.85,79,8.9981,2,8,0,False,False,True,False,False,True,False,False,5
0,1,29.52,34.85,79,6.0032,3,8,0,False,False,True,False,False,False,True,False,5
0,1,29.52,34.85,74,8.9981,4,8,0,False,False,True,False,False,True,False,False,11
0,1,28.7,33.335,79,12.998,5,8,0,False,False,True,False,True,False,False,False,25
0,1,28.7,33.335,79,15.0013,6,8,0,False,False,True,False,False,True,False,False,141
0,1,29.52,34.09,70,12.998,7,8,0,False,False,True,False,False,False,True,False,407
0,1,28.7,33.335,79,0.0,8,8,0,False,False,True,False,False,True,False,False,605
0,1,28.7,33.335,79,11.0014,9,8,0,False,False,True,False,False,False,True,False,276
0,1,30.34,34.85,70,15.0013,10,8,0,False,False,True,False,True,False,False,False,213
0,1,31.16,36.365,66,8.9981,11,8,0,False,False,True,False,True,False,False,False,260
0,1,31.98,36.365,55,6.0032,12,8,0,False,False,True,False,False,True,False,False,285
0,1,32.8,37.12,49,15.0013,13,8,0,False,False,True,False,True,False,False,False,289
0,1,33.62,37.88,46,0.0,14,8,0,False,False,True,False,True,False,False,False,287
0,1,33.62,37.88,46,8.9981,15,8,0,False,False,True,False,True,False,False,False,274
0,1,34.44,37.88,41,7.0015,16,8,0,False,False,True,False,True,False,False,False,451
0,1,33.62,37.12,41,0.0,17,8,0,False,False,True,False,True,False,False,False,858
0,1,33.62,37.12,41,8.9981,18,8,0,False,False,True,False,True,False,False,False,843
0,1,31.98,37.12,59,12.998,19,8,0,False,False,True,False,True,False,False,False,640
0,1,31.16,36.365,66,11.0014,20,8,0,False,False,True,False,True,False,False,False,457
0,1,30.34,34.85,70,12.998,21,8,0,False,False,True,False,True,False,False,False,317
0,1,30.34,34.85,70,6.0032,22,8,0,False,False,True,False,True,False,False,False,207
0,1,29.52,34.85,74,12.998,23,8,0,False,False,True,False,True,False,False,False,113
0,1,28.7,33.335,84,12.998,0,8,1,False,False,True,False,True,False,False,False,47
0,1,28.7,33.335,84,8.9981,1,8,1,False,False,True,False,True,False,False,False,18
0,1,28.7,33.335,84,8.9981,2,8,1,False,False,True,False,True,False,False,False,13
0,1,28.7,33.335,84,0.0,3,8,1,False,False,True,False,True,False,False,False,6
0,1,27.88,31.82,83,8.9981,4,8,1,False,False,True,False,True,False,False,False,9
0,1,28.7,33.335,79,7.0015,5,8,1,False,False,True,False,True,False,False,False,36
0,1,28.7,33.335,79,12.998,6,8,1,False,False,True,False,False,True,False,False,179
0,1,28.7,33.335,74,8.9981,7,8,1,False,False,True,False,False,True,False,False,502
0,1,28.7,32.575,70,11.0014,8,8,1,False,False,True,False,False,True,False,False,705
0,1,28.7,33.335,74,8.9981,9,8,1,False,False,True,False,False,True,False,False,327
0,1,30.34,34.85,70,8.9981,10,8,1,False,False,True,False,False,True,False,False,250
0,1,31.16,36.365,66,6.0032,11,8,1,False,False,True,False,False,True,False,False,214
0,1,32.8,37.88,55,8.9981,12,8,1,False,False,True,False,False,True,False,False,283
0,1,32.8,37.12,52,12.998,13,8,1,False,False,True,False,False,True,False,False,253
0,1,33.62,37.88,46,0.0,14,8,1,False,False,True,False,False,True,False,False,261
0,1,32.8,37.12,52,0.0,15,8,1,False,False,True,False,True,False,False,False,306
0,1,31.16,36.365,66,19.0012,16,8,1,False,False,True,False,False,False,True,False,445
0,1,31.98,37.12,62,8.9981,17,8,1,False,False,True,False,False,True,False,False,868
0,1,31.16,35.605,62,11.0014,18,8,1,False,False,True,False,False,True,False,False,814
0,1,31.16,36.365,66,7.0015,19,8,1,False,False,True,False,False,True,False,False,610
0,1,30.34,34.85,70,8.9981,20,8,1,False,False,True,False,False,True,False,False,448
0,1,29.52,34.85,74,0.0,21,8,1,False,False,True,False,False,True,False,False,317
0,1,29.52,34.85,74,7.0015,22,8,1,False,False,True,False,True,False,False,False,224
0,1,29.52,34.85,79,0.0,23,8,1,False,False,True,False,True,False,False,False,138
0,1,28.7,33.335,84,0.0,0,8,2,False,False,True,False,True,False,False,False,58
0,1,29.52,34.85,79,0.0,1,8,2,False,False,True,False,True,False,False,False,23
0,1,28.7,33.335,84,0.0,2,8,2,False,False,True,False,True,False,False,False,6
0,1,28.7,33.335,84,0.0,3,8,2,False,False,True,False,True,False,False,False,7
0,1,28.7,33.335,84,0.0,4,8,2,False,False,True,False,True,False,False,False,7
0,1,27.88,31.82,89,11.0014,5,8,2,False,False,True,False,False,True,False,False,43
0,1,28.7,33.335,84,11.0014,6,8,2,False,False,True,False,False,True,False,False,173
0,1,28.7,33.335,84,11.0014,7,8,2,False,False,True,False,False,True,False,False,482
0,1,30.34,36.365,72,6.0032,8,8,2,False,False,True,False,False,True,False,False,737
0,1,31.16,36.365,66,0.0,9,8,2,False,False,True,False,False,True,False,False,341
0,1,32.8,37.12,52,8.9981,10,8,2,False,False,True,False,False,True,False,False,214
0,1,32.8,37.12,52,0.0,11,8,2,False,False,True,False,False,True,False,False,239
0,1,32.8,37.12,52,0.0,12,8,2,False,False,True,False,False,True,False,False,280
0,1,32.8,37.12,52,0.0,13,8,2,False,False,True,False,False,True,False,False,313
0,1,32.8,37.12,52,16.9979,14,8,2,False,False,True,False,False,True,False,False,236
0,1,34.44,37.88,44,12.998,15,8,2,False,False,True,False,False,True,False,False,278
0,1,32.8,37.12,49,19.0012,16,8,2,False,False,True,False,False,True,False,False,441
0,1,32.8,37.88,55,19.0012,17,8,2,False,False,True,False,False,True,False,False,858
0,1,31.98,36.365,55,11.0014,18,8,2,False,False,True,False,False,True,False,False,862
0,1,31.16,36.365,66,15.0013,19,8,2,False,False,True,False,True,False,False,False,686
0,1,30.34,34.85,66,12.998,20,8,2,False,False,True,False,True,False,False,False,500
0,1,30.34,34.85,66,7.0015,21,8,2,False,False,True,False,True,False,False,False,381
0,1,29.52,34.85,74,7.0015,22,8,2,False,False,True,False,True,False,False,False,233
0,1,29.52,34.09,70,8.9981,23,8,2,False,False,True,False,True,False,False,False,136
0,1,29.52,34.85,74,12.998,0,8,3,False,False,True,False,True,False,False,False,67
0,1,28.7,33.335,79,8.9981,1,8,3,False,False,True,False,True,False,False,False,28
0,1,28.7,33.335,84,6.0032,2,8,3,False,False,True,False,True,False,False,False,14
0,1,27.88,31.82,83,6.0032,3,8,3,False,False,True,False,True,False,False,False,6
0,1,27.88,31.82,89,8.9981,4,8,3,False,False,True,False,False,True,False,False,10
0,1,27.06,29.545,94,0.0,5,8,3,False,False,True,False,False,True,False,False,41
0,1,27.06,30.305,83,11.0014,6,8,3,False,False,True,False,True,False,False,False,167
0,1,28.7,33.335,84,11.0014,7,8,3,False,False,True,False,False,True,False,False,475
0,1,29.52,34.85,74,7.0015,8,8,3,False,False,True,False,True,False,False,False,698
0,1,31.16,36.365,66,11.0014,9,8,3,False,False,True,False,True,False,False,False,353
0,1,32.8,37.88,55,15.0013,10,8,3,False,False,True,False,True,False,False,False,205
0,1,34.44,37.88,44,0.0,11,8,3,False,False,True,False,True,False,False,False,260
0,1,34.44,37.88,44,7.0015,12,8,3,False,False,True,False,True,False,False,False,277
0,1,35.26,39.395,41,7.0015,13,8,3,False,False,True,False,True,False,False,False,281
0,1,36.08,38.635,32,15.0013,14,8,3,False,False,True,False,True,False,False,False,247
0,1,36.08,38.635,32,15.0013,15,8,3,False,False,True,False,True,False,False,False,267
0,1,35.26,38.635,39,16.9979,16,8,3,False,False,True,False,True,False,False,False,417
0,1,35.26,37.88,36,16.9979,17,8,3,False,False,True,False,True,False,False,False,810
0,1,33.62,37.88,46,16.9979,18,8,3,False,False,True,False,False,True,False,False,811
0,1,32.8,37.88,55,12.998,19,8,3,False,False,True,False,True,False,False,False,623
0,1,28.7,32.575,54,19.0012,20,8,3,False,False,True,False,True,False,False,False,478
0,1,28.7,32.575,58,11.0014,21,8,3,False,False,True,False,False,True,False,False,336
0,1,27.06,31.06,69,15.0013,22,8,3,False,False,True,False,False,True,False,False,259
0,1,27.06,31.06,74,0.0,23,8,3,False,False,True,False,True,False,False,False,156
0,1,28.7,32.575,65,6.0032,0,8,4,False,False,True,False,True,False,False,False,85
0,1,28.7,32.575,65,7.0015,1,8,4,False,False,True,False,True,False,False,False,41
0,1,28.7,33.335,74,11.0014,2,8,4,False,False,True,False,True,False,False,False,20
0,1,29.52,34.85,79,12.998,3,8,4,False,False,True,False,False,True,False,False,9
0,1,28.7,33.335,84,19.0012,4,8,4,False,False,True,False,False,False,True,False,7
0,1,28.7,33.335,84,19.0012,5,8,4,False,False,True,False,False,False,True,False,33
0,1,26.24,28.79,89,19.9995,6,8,4,False,False,True,False,False,False,True,False,44
0,1,26.24,28.79,89,7.0015,7,8,4,False,False,True,False,False,False,True,False,133
0,1,25.42,27.275,91,11.0014,8,8,4,False,False,True,False,False,False,True,False,119
0,1,26.24,28.79,89,0.0,9,8,4,False,False,True,False,False,True,False,False,220
0,1,27.06,29.545,89,7.0015,10,8,4,False,False,True,False,True,False,False,False,193
0,1,27.88,31.82,79,8.9981,11,8,4,False,False,True,False,False,False,True,False,251
0,1,30.34,34.85,66,23.9994,12,8,4,False,False,True,False,False,True,False,False,315
0,1,31.16,35.605,58,23.9994,13,8,4,False,False,True,False,False,True,False,False,290
0,1,31.16,35.605,58,23.9994,14,8,4,False,False,True,False,True,False,False,False,307
0,1,32.8,37.12,52,30.0026,15,8,4,False,False,True,False,True,False,False,False,324
0,1,31.98,36.365,55,19.9995,16,8,4,False,False,True,False,True,False,False,False,467
0,1,32.8,37.12,52,19.0012,17,8,4,False,False,True,False,True,False,False,False,730
0,1,31.16,35.605,62,19.9995,18,8,4,False,False,True,False,True,False,False,False,640
0,1,31.16,35.605,62,19.0012,19,8,4,False,False,True,False,True,False,False,False,492
0,1,30.34,34.85,66,19.9995,20,8,4,False,False,True,False,True,False,False,False,370
0,1,30.34,34.85,66,16.9979,21,8,4,False,False,True,False,True,False,False,False,286
0,1,29.52,34.85,74,19.0012,22,8,4,False,False,True,False,True,False,False,False,218
0,1,29.52,34.09,70,19.0012,23,8,4,False,False,True,False,True,False,False,False,192
0,0,28.7,32.575,70,19.0012,0,8,5,False,False,True,False,True,False,False,False,180
0,0,27.06,31.06,74,15.0013,1,8,5,False,False,True,False,True,False,False,False,116
0,0,26.24,29.545,78,12.998,2,8,5,False,False,True,False,False,False,True,False,85
0,0,25.42,28.79,83,11.0014,3,8,5,False,False,True,False,False,False,True,False,21
0,0,25.42,28.79,83,7.0015,4,8,5,False,False,True,False,True,False,False,False,10
0,0,25.42,28.03,88,7.0015,5,8,5,False,False,True,False,True,False,False,False,11
0,0,25.42,28.03,88,7.0015,6,8,5,False,False,True,False,False,True,False,False,23
0,0,26.24,28.79,83,6.0032,7,8,5,False,False,True,False,True,False,False,False,62
0,0,27.06,30.305,83,7.0015,8,8,5,False,False,True,False,True,False,False,False,162
0,0,27.88,31.82,79,12.998,9,8,5,False,False,True,False,True,False,False,False,271
0,0,29.52,34.09,62,6.0032,10,8,5,False,False,True,False,True,False,False,False,407
0,0,30.34,34.85,66,11.0014,11,8,5,False,False,True,False,True,False,False,False,499
0,0,31.16,35.605,58,15.0013,12,8,5,False,False,True,False,True,False,False,False,546
0,0,32.8,37.12,49,23.9994,13,8,5,False,False,True,False,True,False,False,False,569
0,0,32.8,37.12,49,19.9995,14,8,5,False,False,True,False,True,False,False,False,538
0,0,32.8,36.365,46,19.0012,15,8,5,False,False,True,False,True,False,False,False,562
0,0,32.8,36.365,46,19.9995,16,8,5,False,False,True,False,True,False,False,False,531
0,0,30.34,34.85,66,23.9994,17,8,5,False,False,True,False,False,False,True,False,512
0,0,28.7,33.335,74,19.9995,18,8,5,False,False,True,False,False,True,False,False,300
0,0,27.06,29.545,89,7.0015,19,8,5,False,False,True,False,False,True,False,False,275
0,0,27.06,29.545,89,27.9993,20,8,5,False,False,True,False,False,False,True,False,160
0,0,27.06,29.545,89,11.0014,21,8,5,False,False,True,False,False,True,False,False,128
0,0,27.06,29.545,89,11.0014,22,8,5,False,False,True,False,False,True,False,False,168
0,0,27.06,30.305,78,11.0014,23,8,5,False,False,True,False,False,False,True,False,163
0,0,26.24,30.305,73,8.9981,0,8,6,False,False,True,False,False,True,False,False,120
0,0,25.42,29.545,78,8.9981,1,8,6,False,False,True,False,True,False,False,False,113
0,0,26.24,30.305,69,8.9981,2,8,6,False,False,True,False,True,False,False,False,86
0,0,25.42,29.545,73,6.0032,3,8,6,False,False,True,False,True,False,False,False,48
0,0,26.24,30.305,69,6.0032,4,8,6,False,False,True,False,True,False,False,False,10
0,0,26.24,31.06,61,12.998,5,8,6,False,False,True,False,True,False,False,False,10
0,0,26.24,30.305,65,11.0014,6,8,6,False,False,True,False,True,False,False,False,16
0,0,26.24,30.305,65,8.9981,7,8,6,False,False,True,False,True,False,False,False,39
0,0,27.06,31.06,54,15.0013,8,8,6,False,False,True,False,True,False,False,False,119
0,0,28.7,32.575,48,15.0013,9,8,6,False,False,True,False,True,False,False,False,217
0,0,28.7,32.575,51,11.0014,10,8,6,False,False,True,False,True,False,False,False,328
0,0,30.34,33.335,42,11.0014,11,8,6,False,False,True,False,True,False,False,False,449
0,0,30.34,33.335,42,12.998,12,8,6,False,False,True,False,True,False,False,False,505
0,0,31.98,34.85,40,0.0,13,8,6,False,False,True,False,True,False,False,False,543
0,0,31.16,34.09,40,12.998,14,8,6,False,False,True,False,True,False,False,False,579
0,0,31.16,34.09,40,8.9981,15,8,6,False,False,True,False,True,False,False,False,577
0,0,31.16,34.09,40,7.0015,16,8,6,False,False,True,False,True,False,False,False,513
0,0,32.8,34.85,33,0.0,17,8,6,False,False,True,False,True,False,False,False,505
0,0,31.98,34.09,35,7.0015,18,8,6,False,False,True,False,True,False,False,False,491
0,0,30.34,32.575,40,8.9981,19,8,6,False,False,True,False,True,False,False,False,465
0,0,29.52,32.575,45,0.0,20,8,6,False,False,True,False,True,False,False,False,300
0,0,29.52,33.335,51,6.0032,21,8,6,False,False,True,False,True,False,False,False,220
0,0,28.7,32.575,58,8.9981,22,8,6,False,False,True,False,True,False,False,False,181
0,0,27.88,31.82,61,0.0,23,8,6,False,False,True,False,True,False,False,False,110
0,1,27.06,31.06,65,7.0015,0,8,0,False,False,True,False,True,False,False,False,47
0,1,27.06,31.06,65,6.0032,1,8,0,False,False,True,False,True,False,False,False,14
0,1,26.24,30.305,69,7.0015,2,8,0,False,False,True,False,True,False,False,False,9
0,1,26.24,30.305,69,0.0,3,8,0,False,False,True,False,True,False,False,False,6
0,1,26.24,30.305,69,7.0015,4,8,0,False,False,True,False,True,False,False,False,11
0,1,26.24,30.305,69,7.0015,5,8,0,False,False,True,False,True,False,False,False,36
0,1,25.42,29.545,73,6.0032,6,8,0,False,False,True,False,True,False,False,False,159
0,1,27.06,31.06,65,8.9981,7,8,0,False,False,True,False,True,False,False,False,436
0,1,29.52,33.335,51,6.0032,8,8,0,False,False,True,False,False,True,False,False,673
0,1,30.34,33.335,45,0.0,9,8,0,False,False,True,False,False,True,False,False,305
0,1,31.16,34.09,40,0.0,10,8,0,False,False,True,False,False,True,False,False,199
0,1,31.16,34.09,40,6.0032,11,8,0,False,False,True,False,True,False,False,False,245
0,1,31.98,34.85,40,12.998,12,8,0,False,False,True,False,True,False,False,False,276
0,1,31.98,34.85,40,11.0014,13,8,0,False,False,True,False,True,False,False,False,254
0,1,32.8,34.85,33,7.0015,14,8,0,False,False,True,False,True,False,False,False,248
0,1,33.62,36.365,34,15.0013,15,8,0,False,False,True,False,True,False,False,False,274
0,1,32.8,35.605,36,6.0032,16,8,0,False,False,True,False,True,False,False,False,464
0,1,32.8,35.605,36,11.0014,17,8,0,False,False,True,False,True,False,False,False,818
0,1,31.16,34.85,52,19.0012,18,8,0,False,False,True,False,True,False,False,False,812
0,1,30.34,34.09,58,11.0014,19,8,0,False,False,True,False,True,False,False,False,555
0,1,30.34,34.09,62,15.0013,20,8,0,False,False,True,False,True,False,False,False,432
0,1,29.52,34.09,66,12.998,21,8,0,False,False,True,False,True,False,False,False,290
0,1,29.52,34.09,62,22.0028,22,8,0,False,False,True,False,True,False,False,False,192
0,1,28.7,32.575,70,15.0013,23,8,0,False,False,True,False,True,False,False,False,128
0,1,28.7,33.335,74,15.0013,0,8,1,False,False,True,False,True,False,False,False,60
0,1,27.88,31.82,79,16.9979,1,8,1,False,False,True,False,True,False,False,False,27
0,1,27.88,31.82,83,12.998,2,8,1,False,False,True,False,False,True,False,False,11
0,1,27.88,31.82,83,12.998,3,8,1,False,False,True,False,False,True,False,False,3
0,1,27.88,31.82,83,12.998,4,8,1,False,False,True,False,False,True,False,False,5
0,1,27.88,31.82,89,12.998,5,8,1,False,False,True,False,False,True,False,False,36
0,1,26.24,28.79,83,12.998,6,8,1,False,False,True,False,False,False,True,False,64
0,1,27.06,30.305,83,6.0032,7,8,1,False,False,True,False,False,True,False,False,179
0,1,27.06,29.545,89,6.0032,8,8,1,False,False,True,False,False,True,False,False,618
0,1,28.7,33.335,74,0.0,9,8,1,False,False,True,False,False,True,False,False,402
0,1,28.7,33.335,79,7.0015,10,8,1,False,False,True,False,True,False,False,False,208
0,1,30.34,34.09,62,0.0,11,8,1,False,False,True,False,True,False,False,False,196
0,1,31.98,35.605,49,8.9981,12,8,1,False,False,True,False,True,False,False,False,300
0,1,32.8,36.365,46,6.0032,13,8,1,False,False,True,False,True,False,False,False,286
0,1,33.62,37.12,41,15.0013,14,8,1,False,False,True,False,True,False,False,False,255
0,1,33.62,37.88,46,15.0013,15,8,1,False,False,True,False,True,False,False,False,283
0,1,33.62,37.12,43,15.0013,16,8,1,False,False,True,False,True,False,False,False,458
0,1,31.16,36.365,66,16.9979,17,8,1,False,False,True,False,False,False,True,False,812
0,1,31.16,35.605,62,19.0012,18,8,1,False,False,True,False,True,False,False,False,854
0,1,31.16,36.365,66,12.998,19,8,1,False,False,True,False,True,False,False,False,627
0,1,30.34,35.605,74,15.0013,20,8,1,False,False,True,False,True,False,False,False,436
0,1,30.34,34.09,62,15.0013,21,8,1,False,False,True,False,True,False,False,False,308
0,1,29.52,34.09,66,6.0032,22,8,1,False,False,True,False,True,False,False,False,189
0,1,29.52,34.09,66,11.0014,23,8,1,False,False,True,False,True,False,False,False,167
0,1,28.7,32.575,61,12.998,0,8,2,False,False,True,False,True,False,False,False,60
0,1,28.7,32.575,61,0.0,1,8,2,False,False,True,False,True,False,False,False,37
0,1,27.88,31.82,65,0.0,2,8,2,False,False,True,False,True,False,False,False,8
0,1,27.06,31.06,74,7.0015,3,8,2,False,False,True,False,True,False,False,False,11
0,1,26.24,28.79,83,7.0015,4,8,2,False,False,True,False,True,False,False,False,4
0,1,26.24,29.545,78,7.0015,5,8,2,False,False,True,False,True,False,False,False,39
0,1,26.24,29.545,78,7.0015,6,8,2,False,False,True,False,True,False,False,False,172
0,1,27.06,31.06,69,12.998,7,8,2,False,False,True,False,False,True,False,False,492
0,1,28.7,32.575,65,19.0012,8,8,2,False,False,True,False,False,True,False,False,682
0,1,29.52,34.09,62,12.998,9,8,2,False,False,True,False,False,True,False,False,367
0,1,29.52,34.09,62,12.998,10,8,2,False,False,True,False,False,True,False,False,233
0,1,30.34,34.09,58,12.998,11,8,2,False,False,True,False,False,True,False,False,235
0,1,30.34,34.09,55,15.0013,12,8,2,False,False,True,False,True,False,False,False,307
0,1,31.98,35.605,49,12.998,13,8,2,False,False,True,False,False,True,False,False,294
0,1,31.16,34.85,52,19.9995,14,8,2,False,False,True,False,False,True,False,False,255
0,1,31.16,34.85,52,16.9979,15,8,2,False,False,True,False,True,False,False,False,266
0,1,31.16,34.09,48,12.998,16,8,2,False,False,True,False,True,False,False,False,431
0,1,30.34,34.09,55,19.0012,17,8,2,False,False,True,False,True,False,False,False,851
0,1,30.34,33.335,51,15.0013,18,8,2,False,False,True,False,True,False,False,False,848
0,1,28.7,32.575,61,8.9981,19,8,2,False,False,True,False,True,False,False,False,649
0,1,28.7,32.575,61,8.9981,20,8,2,False,False,True,False,True,False,False,False,427
0,1,28.7,32.575,61,12.998,21,8,2,False,False,True,False,True,False,False,False,315
0,1,28.7,32.575,61,11.0014,22,8,2,False,False,True,False,True,False,False,False,226
0,1,27.88,31.82,65,7.0015,23,8,2,False,False,True,False,True,False,False,False,138
0,1,27.06,31.06,69,0.0,0,8,3,False,False,True,False,True,False,False,False,76
0,1,26.24,30.305,73,0.0,1,8,3,False,False,True,False,True,False,False,False,21
0,1,26.24,30.305,69,12.998,2,8,3,False,False,True,False,True,False,False,False,15
0,1,25.42,29.545,73,16.9979,3,8,3,False,False,True,False,True,False,False,False,4
0,1,25.42,29.545,73,15.0013,4,8,3,False,False,True,False,True,False,False,False,5
0,1,24.6,28.79,78,11.0014,5,8,3,False,False,True,False,True,False,False,False,37
0,1,24.6,28.79,78,11.0014,6,8,3,False,False,True,False,True,False,False,False,165
0,1,26.24,30.305,69,15.0013,7,8,3,False,False,True,False,True,False,False,False,464
0,1,27.88,31.82,61,12.998,8,8,3,False,False,True,False,True,False,False,False,682
0,1,29.52,33.335,54,7.0015,9,8,3,False,False,True,False,True,False,False,False,337
0,1,30.34,33.335,48,8.9981,10,8,3,False,False,True,False,True,False,False,False,199
0,1,31.16,33.335,37,6.0032,11,8,3,False,False,True,False,True,False,False,False,274
0,1,32.8,34.85,33,7.0015,12,8,3,False,False,True,False,True,False,False,False,343
0,1,32.8,34.85,31,15.0013,13,8,3,False,False,True,False,True,False,False,False,300
0,1,33.62,35.605,32,0.0,14,8,3,False,False,True,False,True,False,False,False,248
0,1,32.8,34.85,33,16.9979,15,8,3,False,False,True,False,True,False,False,False,260
0,1,33.62,35.605,32,15.0013,16,8,3,False,False,True,False,True,False,False,False,419
0,1,33.62,36.365,34,12.998,17,8,3,False,False,True,False,True,False,False,False,897
0,1,32.8,35.605,36,0.0,18,8,3,False,False,True,False,True,False,False,False,832
0,1,31.16,34.09,40,7.0015,19,8,3,False,False,True,False,True,False,False,False,677
0,1,31.16,34.09,40,6.0032,20,8,3,False,False,True,False,True,False,False,False,514
0,1,30.34,33.335,48,12.998,21,8,3,False,False,True,False,True,False,False,False,356
0,1,29.52,33.335,51,11.0014,22,8,3,False,False,True,False,True,False,False,False,254
0,1,28.7,32.575,54,7.0015,23,8,3,False,False,True,False,True,False,False,False,226
0,1,27.88,12.12,57,11.0014,0,8,4,False,False,True,False,True,False,False,False,88
0,1,27.06,12.12,65,7.0015,1,8,4,False,False,True,False,True,False,False,False,54
0,1,27.06,12.12,61,8.9981,2,8,4,False,False,True,False,True,False,False,False,19
0,1,26.24,12.12,65,7.0015,3,8,4,False,False,True,False,True,False,False,False,6
0,1,26.24,12.12,73,11.0014,4,8,4,False,False,True,False,True,False,False,False,9
0,1,26.24,12.12,73,7.0015,5,8,4,False,False,True,False,True,False,False,False,36
0,1,25.42,12.12,78,8.9981,6,8,4,False,False,True,False,True,False,False,False,157
0,1,26.24,12.12,73,7.0015,7,8,4,False,False,True,False,True,False,False,False,379
0,1,27.88,12.12,65,8.9981,8,8,4,False,False,True,False,True,False,False,False,668
0,1,28.7,12.12,58,7.0015,9,8,4,False,False,True,False,True,False,False,False,378
0,1,30.34,12.12,55,11.0014,10,8,4,False,False,True,False,True,False,False,False,231
0,1,31.16,12.12,52,19.0012,11,8,4,False,False,True,False,True,False,False,False,303
0,1,33.62,12.12,41,15.0013,12,8,4,False,False,True,False,True,False,False,False,365
0,1,34.44,12.12,36,26.0027,13,8,4,False,False,True,False,True,False,False,False,357
0,1,35.26,12.12,34,27.9993,14,8,4,False,False,True,False,True,False,False,False,328
0,1,35.26,12.12,30,31.0009,15,8,4,False,False,True,False,True,False,False,False,383
0,1,34.44,12.12,32,30.0026,16,8,4,False,False,True,False,False,True,False,False,488
0,1,33.62,12.12,36,22.0028,17,8,4,False,False,True,False,True,False,False,False,791
0,1,33.62,12.12,38,16.9979,18,8,4,False,False,True,False,False,True,False,False,669
0,1,30.34,12.12,55,26.0027,19,8,4,False,False,True,False,False,True,False,False,491
0,1,29.52,12.12,58,15.0013,20,8,4,False,False,True,False,False,True,False,False,359
0,1,27.88,12.12,69,19.9995,21,8,4,False,False,True,False,False,True,False,False,255
0,1,27.06,12.12,83,12.998,22,8,4,False,False,True,False,False,False,True,False,213
0,1,26.24,12.12,83,15.0013,23,8,4,False,False,True,False,False,False,True,False,121
0,0,26.24,28.79,83,15.0013,0,8,5,False,False,True,False,False,True,False,False,105
0,0,25.42,27.275,94,11.0014,1,8,5,False,False,True,False,False,False,True,False,92
0,0,25.42,28.03,88,11.0014,2,8,5,False,False,True,False,False,False,True,False,43
0,0,25.42,28.03,88,12.998,3,8,5,False,False,True,False,True,False,False,False,30
0,0,25.42,29.545,73,15.0013,4,8,5,False,False,True,False,True,False,False,False,13
0,0,24.6,28.79,78,16.9979,5,8,5,False,False,True,False,True,False,False,False,9
0,0,24.6,28.03,83,15.0013,6,8,5,False,False,True,False,True,False,False,False,27
0,0,24.6,28.03,83,15.0013,7,8,5,False,False,True,False,True,False,False,False,64
0,0,26.24,30.305,69,16.9979,8,8,5,False,False,True,False,True,False,False,False,189
0,0,27.06,31.06,65,19.0012,9,8,5,False,False,True,False,True,False,False,False,292
0,0,28.7,32.575,54,11.0014,10,8,5,False,False,True,False,True,False,False,False,480
0,0,29.52,33.335,51,0.0,11,8,5,False,False,True,False,True,False,False,False,536
0,0,31.16,33.335,37,12.998,12,8,5,False,False,True,False,True,False,False,False,654
0,0,30.34,32.575,40,12.998,13,8,5,False,False,True,False,True,False,False,False,644
0,0,31.16,33.335,37,19.0012,14,8,5,False,False,True,False,True,False,False,False,598
0,0,31.16,33.335,37,15.0013,15,8,5,False,False,True,False,True,False,False,False,596
0,0,31.16,33.335,37,16.9979,16,8,5,False,False,True,False,True,False,False,False,641
0,0,31.16,33.335,37,15.0013,17,8,5,False,False,True,False,True,False,False,False,635
0,0,30.34,32.575,37,11.0014,18,8,5,False,False,True,False,True,False,False,False,554
0,0,28.7,31.82,45,11.0014,19,8,5,False,False,True,False,True,False,False,False,488
0,0,28.7,31.82,45,7.0015,20,8,5,False,False,True,False,True,False,False,False,341
0,0,27.06,31.06,61,0.0,21,8,5,False,False,True,False,True,False,False,False,338
0,0,27.06,31.06,61,0.0,22,8,5,False,False,True,False,True,False,False,False,261
0,0,26.24,30.305,65,6.0032,23,8,5,False,False,True,False,True,False,False,False,235
0,0,27.06,31.06,57,6.0032,0,8,6,False,False,True,False,True,False,False,False,187
0,0,26.24,30.305,65,0.0,1,8,6,False,False,True,False,True,False,False,False,131
0,0,25.42,30.305,69,6.0032,2,8,6,False,False,True,False,False,True,False,False,119
0,0,25.42,30.305,61,11.0014,3,8,6,False,False,True,False,False,True,False,False,55
0,0,25.42,30.305,65,11.0014,4,8,6,False,False,True,False,False,True,False,False,26
0,0,24.6,29.545,73,8.9981,5,8,6,False,False,True,False,False,True,False,False,11
0,0,25.42,30.305,69,7.0015,6,8,6,False,False,True,False,False,True,False,False,20
0,0,25.42,30.305,69,8.9981,7,8,6,False,False,True,False,False,True,False,False,41
0,0,26.24,30.305,69,7.0015,8,8,6,False,False,True,False,False,True,False,False,124
0,0,27.06,31.06,74,0.0,9,8,6,False,False,True,False,False,True,False,False,270
0,0,27.88,31.82,69,0.0,10,8,6,False,False,True,False,False,True,False,False,425
0,0,26.24,29.545,78,11.0014,11,8,6,False,False,True,False,False,False,True,False,272
0,0,26.24,30.305,73,0.0,12,8,6,False,False,True,False,False,False,True,False,298
0,0,26.24,28.79,83,8.9981,13,8,6,False,False,True,False,False,False,True,False,162
0,0,26.24,30.305,73,0.0,14,8,6,False,False,True,False,False,False,True,False,149
0,0,26.24,30.305,65,0.0,15,8,6,False,False,True,False,False,True,False,False,276
0,0,27.06,31.06,65,0.0,16,8,6,False,False,True,False,False,True,False,False,356
0,0,26.24,29.545,78,7.0015,17,8,6,False,False,True,False,False,True,False,False,343
0,0,26.24,29.545,78,7.0015,18,8,6,False,False,True,False,False,True,False,False,377
0,0,26.24,30.305,73,8.9981,19,8,6,False,False,True,False,False,True,False,False,341
0,0,26.24,30.305,73,12.998,20,8,6,False,False,True,False,False,True,False,False,274
0,0,25.42,29.545,78,6.0032,21,8,6,False,False,True,False,False,False,True,False,190
0,0,25.42,29.545,78,11.0014,22,8,6,False,False,True,False,False,True,False,False,56
0,0,25.42,29.545,73,0.0,23,8,6,False,False,True,False,False,True,False,False,46
0,0,30.34,34.09,62,7.0015,0,9,5,False,False,True,False,True,False,False,False,168
0,0,29.52,34.85,74,8.9981,1,9,5,False,False,True,False,True,False,False,False,79
0,0,28.7,32.575,70,11.0014,2,9,5,False,False,True,False,True,False,False,False,69
0,0,28.7,32.575,70,7.0015,3,9,5,False,False,True,False,True,False,False,False,35
0,0,28.7,32.575,70,0.0,4,9,5,False,False,True,False,True,False,False,False,12
0,0,27.88,31.82,79,0.0,5,9,5,False,False,True,False,True,False,False,False,22
0,0,27.88,31.82,79,0.0,6,9,5,False,False,True,False,True,False,False,False,36
0,0,30.34,34.09,58,8.9981,7,9,5,False,False,True,False,False,True,False,False,66
0,0,31.16,35.605,58,16.9979,8,9,5,False,False,True,False,False,True,False,False,162
0,0,31.16,35.605,58,12.998,9,9,5,False,False,True,False,False,True,False,False,237
0,0,31.98,36.365,55,12.998,10,9,5,False,False,True,False,False,True,False,False,417
0,0,32.8,37.88,55,15.0013,11,9,5,False,False,True,False,False,True,False,False,492
0,0,32.8,37.88,55,11.0014,12,9,5,False,False,True,False,False,True,False,False,471
0,0,33.62,38.635,52,6.0032,13,9,5,False,False,True,False,False,True,False,False,504
0,0,35.26,39.395,44,11.0014,14,9,5,False,False,True,False,False,True,False,False,514
0,0,35.26,39.395,44,19.0012,15,9,5,False,False,True,False,False,True,False,False,563
0,0,34.44,39.395,49,11.0014,16,9,5,False,False,True,False,False,True,False,False,462
0,0,33.62,38.635,52,0.0,17,9,5,False,False,True,False,False,True,False,False,463
0,0,33.62,38.635,52,0.0,18,9,5,False,False,True,False,False,True,False,False,442
0,0,31.98,37.12,62,0.0,19,9,5,False,False,True,False,False,False,True,False,392
0,0,31.16,36.365,67,16.9979,20,9,5,False,False,True,False,False,False,True,False,207
0,0,26.24,28.79,89,0.0,21,9,5,False,False,True,False,False,False,True,False,104
0,0,27.06,29.545,89,0.0,22,9,5,False,False,True,False,False,True,False,False,78
0,0,27.06,29.545,89,6.0032,23,9,5,False,False,True,False,True,False,False,False,145
0,0,27.06,29.545,89,6.0032,0,9,6,False,False,True,False,False,True,False,False,99
0,0,27.06,29.545,89,0.0,1,9,6,False,False,True,False,True,False,False,False,73
0,0,27.06,29.545,89,0.0,2,9,6,False,False,True,False,True,False,False,False,84
0,0,27.06,29.545,89,6.0032,3,9,6,False,False,True,False,True,False,False,False,42
0,0,27.06,29.545,89,0.0,4,9,6,False,False,True,False,True,False,False,False,22
0,0,27.06,29.545,89,0.0,5,9,6,False,False,True,False,True,False,False,False,12
0,0,27.06,29.545,89,0.0,6,9,6,False,False,True,False,False,True,False,False,15
0,0,27.06,29.545,94,6.0032,7,9,6,False,False,True,False,True,False,False,False,42
0,0,27.88,31.82,89,6.0032,8,9,6,False,False,True,False,True,False,False,False,129
0,0,28.7,33.335,84,0.0,9,9,6,False,False,True,False,False,True,False,False,232
0,0,29.52,34.85,79,0.0,10,9,6,False,False,True,False,False,True,False,False,388
0,0,30.34,34.85,70,0.0,11,9,6,False,False,True,False,False,True,False,False,489
0,0,30.34,34.85,70,0.0,12,9,6,False,False,True,False,False,False,True,False,545
0,0,29.52,34.85,74,6.0032,13,9,6,False,False,True,False,False,False,True,False,493
0,0,29.52,34.85,79,6.0032,14,9,6,False,False,True,False,False,False,True,False,457
0,0,30.34,35.605,74,8.9981,15,9,6,False,False,True,False,False,False,True,False,355
0,0,30.34,34.85,70,0.0,16,9,6,False,False,True,False,True,False,False,False,474
0,0,31.16,36.365,66,6.0032,17,9,6,False,False,True,False,True,False,False,False,503
0,0,30.34,35.605,74,0.0,18,9,6,False,False,True,False,True,False,False,False,500
0,0,28.7,33.335,84,15.0013,19,9,6,False,False,True,False,False,True,False,False,292
0,0,28.7,33.335,84,11.0014,20,9,6,False,False,True,False,False,True,False,False,104
0,0,28.7,32.575,70,11.0014,21,9,6,False,False,True,False,True,False,False,False,171
0,0,27.88,31.82,83,8.9981,22,9,6,False,False,True,False,False,False,True,False,166
0,0,27.06,29.545,89,6.0032,23,9,6,False,False,True,False,False,False,True,False,123
1,0,27.06,29.545,94,0.0,0,9,0,False,False,True,False,False,True,False,False,104
1,0,27.88,31.82,89,11.0014,1,9,0,False,False,True,False,False,True,False,False,55
1,0,27.06,29.545,89,7.0015,2,9,0,False,False,True,False,True,False,False,False,40
1,0,27.06,29.545,89,8.9981,3,9,0,False,False,True,False,True,False,False,False,28
1,0,27.06,29.545,89,6.0032,4,9,0,False,False,True,False,True,False,False,False,11
1,0,27.06,29.545,89,0.0,5,9,0,False,False,True,False,True,False,False,False,4
1,0,27.06,29.545,94,0.0,6,9,0,False,False,True,False,True,False,False,False,15
1,0,27.88,31.82,85,0.0,7,9,0,False,False,True,False,True,False,False,False,43
1,0,28.7,33.335,84,7.0015,8,9,0,False,False,True,False,False,True,False,False,127
1,0,28.7,33.335,84,8.9981,9,9,0,False,False,True,False,False,True,False,False,229
1,0,30.34,35.605,74,15.0013,10,9,0,False,False,True,False,False,True,False,False,359
1,0,30.34,34.85,70,19.0012,11,9,0,False,False,True,False,False,True,False,False,459
1,0,31.16,35.605,62,19.9995,12,9,0,False,False,True,False,False,True,False,False,543
1,0,31.16,36.365,66,16.9979,13,9,0,False,False,True,False,False,True,False,False,566
1,0,30.34,34.85,70,19.9995,14,9,0,False,False,True,False,True,False,False,False,512
1,0,30.34,34.85,70,15.0013,15,9,0,False,False,True,False,True,False,False,False,449
1,0,30.34,34.85,70,15.0013,16,9,0,False,False,True,False,True,False,False,False,500
1,0,30.34,34.85,70,8.9981,17,9,0,False,False,True,False,True,False,False,False,498
1,0,30.34,34.85,66,11.0014,18,9,0,False,False,True,False,True,False,False,False,482
1,0,29.52,34.85,74,12.998,19,9,0,False,False,True,False,True,False,False,False,374
1,0,29.52,34.09,76,7.0015,20,9,0,False,False,True,False,True,False,False,False,261
1,0,29.52,34.09,76,7.0015,21,9,0,False,False,True,False,True,False,False,False,184
1,0,28.7,33.335,84,8.9981,22,9,0,False,False,True,False,False,True,False,False,121
1,0,28.7,33.335,84,16.9979,23,9,0,False,False,True,False,False,True,False,False,70
0,1,28.7,33.335,84,16.9979,0,9,1,False,False,True,False,False,True,False,False,29
0,1,27.88,31.82,82,8.9981,1,9,1,False,False,True,False,True,False,False,False,24
0,1,27.88,31.82,82,8.9981,2,9,1,False,False,True,False,True,False,False,False,5
0,1,27.06,29.545,89,6.0032,3,9,1,False,False,True,False,False,True,False,False,10
0,1,27.06,29.545,89,0.0,4,9,1,False,False,True,False,False,True,False,False,8
0,1,27.06,29.545,89,0.0,5,9,1,False,False,True,False,False,True,False,False,38
0,1,27.88,31.82,89,7.0015,6,9,1,False,False,True,False,False,True,False,False,172
0,1,27.88,31.82,89,7.0015,7,9,1,False,False,True,False,False,True,False,False,493
0,1,28.7,33.335,84,11.0014,8,9,1,False,False,True,False,True,False,False,False,632
0,1,29.52,34.85,79,15.0013,9,9,1,False,False,True,False,False,True,False,False,323
0,1,29.52,34.85,74,16.9979,10,9,1,False,False,True,False,False,True,False,False,172
0,1,30.34,34.85,70,19.0012,11,9,1,False,False,True,False,False,True,False,False,198
0,1,31.16,36.365,70,19.0012,12,9,1,False,False,True,False,True,False,False,False,287
0,1,32.8,37.88,55,30.0026,13,9,1,False,False,True,False,True,False,False,False,275
0,1,32.8,37.88,55,27.9993,14,9,1,False,False,True,False,True,False,False,False,274
0,1,32.8,38.635,59,31.0009,15,9,1,False,False,True,False,True,False,False,False,292
0,1,31.16,36.365,70,27.9993,16,9,1,False,False,True,False,True,False,False,False,458
0,1,31.16,36.365,70,23.9994,17,9,1,False,False,True,False,True,False,False,False,856
0,1,31.16,37.12,75,15.0013,18,9,1,False,False,True,False,True,False,False,False,839
0,1,31.16,36.365,70,15.0013,19,9,1,False,False,True,False,True,False,False,False,552
0,1,30.34,34.85,70,16.9979,20,9,1,False,False,True,False,True,False,False,False,385
0,1,30.34,35.605,74,16.9979,21,9,1,False,False,True,False,True,False,False,False,268
0,1,30.34,34.85,70,19.0012,22,9,1,False,False,True,False,True,False,False,False,179
0,1,29.52,34.85,74,19.9995,23,9,1,False,False,True,False,True,False,False,False,95
0,1,29.52,34.85,74,16.9979,0,9,2,False,False,True,False,True,False,False,False,37
0,1,28.7,33.335,84,12.998,1,9,2,False,False,True,False,True,False,False,False,13
0,1,28.7,33.335,84,12.998,2,9,2,False,False,True,False,True,False,False,False,9
0,1,28.7,33.335,79,19.0012,3,9,2,False,False,True,False,True,False,False,False,4
0,1,28.7,33.335,79,19.0012,4,9,2,False,False,True,False,True,False,False,False,5
0,1,28.7,33.335,79,19.9995,5,9,2,False,False,True,False,False,True,False,False,40
0,1,28.7,33.335,79,19.0012,6,9,2,False,False,True,False,True,False,False,False,210
0,1,28.7,33.335,79,16.9979,7,9,2,False,False,True,False,False,True,False,False,500
0,1,29.52,34.85,74,12.998,8,9,2,False,False,True,False,True,False,False,False,725
0,1,30.34,34.85,70,16.9979,9,9,2,False,False,True,False,True,False,False,False,290
0,1,31.16,36.365,70,11.0014,10,9,2,False,False,True,False,False,True,False,False,235
0,1,31.98,37.12,62,11.0014,11,9,2,False,False,True,False,False,True,False,False,217
0,1,31.98,38.635,70,7.0015,12,9,2,False,False,True,False,True,False,False,False,266
0,1,32.8,39.395,63,11.0014,13,9,2,False,False,True,False,True,False,False,False,234
0,1,33.62,39.395,56,7.0015,14,9,2,False,False,True,False,True,False,False,False,211
0,1,31.98,38.635,70,12.998,15,9,2,False,False,True,False,True,False,False,False,245
0,1,31.16,36.365,70,16.9979,16,9,2,False,False,True,False,True,False,False,False,430
0,1,31.16,36.365,66,16.9979,17,9,2,False,False,True,False,True,False,False,False,863
0,1,31.16,37.12,75,12.998,18,9,2,False,False,True,False,True,False,False,False,839
0,1,30.34,34.85,70,11.0014,19,9,2,False,False,True,False,True,False,False,False,662
0,1,29.52,35.605,84,11.0014,20,9,2,False,False,True,False,True,False,False,False,412
0,1,29.52,34.85,79,0.0,21,9,2,False,False,True,False,True,False,False,False,296
0,1,29.52,34.85,79,0.0,22,9,2,False,False,True,False,True,False,False,False,219
0,1,28.7,33.335,84,6.0032,23,9,2,False,False,True,False,True,False,False,False,150
0,1,28.7,33.335,84,6.0032,0,9,3,False,False,True,False,False,True,False,False,65
0,1,28.7,33.335,84,0.0,1,9,3,False,False,True,False,False,True,False,False,18
0,1,29.52,34.85,79,0.0,2,9,3,False,False,True,False,True,False,False,False,8
0,1,28.7,33.335,84,7.0015,3,9,3,False,False,True,False,True,False,False,False,9
0,1,28.7,33.335,84,6.0032,4,9,3,False,False,True,False,False,True,False,False,8
0,1,28.7,33.335,84,12.998,5,9,3,False,False,True,False,False,True,False,False,38
0,1,28.7,33.335,84,6.0032,6,9,3,False,False,True,False,False,True,False,False,200
0,1,28.7,33.335,84,7.0015,7,9,3,False,False,True,False,False,True,False,False,482
0,1,28.7,33.335,79,0.0,8,9,3,False,False,True,False,False,False,True,False,646
0,1,27.06,29.545,94,8.9981,9,9,3,False,False,True,False,False,False,True,False,123
0,1,27.06,29.545,94,8.9981,10,9,3,False,False,True,False,False,False,True,False,49
0,1,28.7,33.335,84,11.0014,11,9,3,False,False,True,False,False,False,True,False,62
0,1,29.52,34.85,79,15.0013,12,9,3,False,False,True,False,False,True,False,False,137
0,1,29.52,34.85,79,7.0015,13,9,3,False,False,True,False,False,True,False,False,191
0,1,30.34,35.605,74,6.0032,14,9,3,False,False,True,False,True,False,False,False,216
0,1,30.34,34.85,66,12.998,15,9,3,False,False,True,False,True,False,False,False,270
0,1,30.34,34.85,70,15.0013,16,9,3,False,False,True,False,True,False,False,False,416
0,1,30.34,34.85,70,16.9979,17,9,3,False,False,True,False,True,False,False,False,808
0,1,29.52,34.09,70,16.9979,18,9,3,False,False,True,False,True,False,False,False,835
0,1,27.88,31.82,74,16.9979,19,9,3,False,False,True,False,True,False,False,False,558
0,1,27.06,30.305,78,15.0013,20,9,3,False,False,True,False,True,False,False,False,406
0,1,26.24,28.79,89,11.0014,21,9,3,False,False,True,False,True,False,False,False,272
0,1,26.24,28.79,89,11.0014,22,9,3,False,False,True,False,True,False,False,False,217
0,1,26.24,28.79,89,11.0014,23,9,3,False,False,True,False,True,False,False,False,169
0,1,26.24,28.79,89,8.9981,0,9,4,False,False,True,False,True,False,False,False,96
0,1,25.42,28.03,88,7.0015,1,9,4,False,False,True,False,True,False,False,False,29
0,1,25.42,28.79,83,6.0032,2,9,4,False,False,True,False,True,False,False,False,11
0,1,25.42,28.79,83,6.0032,3,9,4,False,False,True,False,True,False,False,False,9
0,1,25.42,28.03,88,0.0,4,9,4,False,False,True,False,True,False,False,False,8
0,1,25.42,28.03,88,0.0,5,9,4,False,False,True,False,True,False,False,False,40
0,1,25.42,28.03,88,7.0015,6,9,4,False,False,True,False,True,False,False,False,140
0,1,26.24,28.79,89,7.0015,7,9,4,False,False,True,False,True,False,False,False,486
0,1,27.06,30.305,83,7.0015,8,9,4,False,False,True,False,True,False,False,False,719
0,1,28.7,33.335,79,8.9981,9,9,4,False,False,True,False,True,False,False,False,344
0,1,29.52,34.85,74,8.9981,10,9,4,False,False,True,False,True,False,False,False,224
0,1,31.16,35.605,62,8.9981,11,9,4,False,False,True,False,True,False,False,False,296
0,1,31.98,37.12,59,11.0014,12,9,4,False,False,True,False,True,False,False,False,323
0,1,32.8,38.635,59,16.9979,13,9,4,False,False,True,False,True,False,False,False,354
0,1,32.8,38.635,59,16.9979,14,9,4,False,False,True,False,True,False,False,False,253
0,1,32.8,37.88,55,16.9979,15,9,4,False,False,True,False,True,False,False,False,331
0,1,32.8,37.88,55,19.0012,16,9,4,False,False,True,False,True,False,False,False,470
0,1,31.98,37.12,59,22.0028,17,9,4,False,False,True,False,True,False,False,False,772
0,1,31.16,35.605,62,19.9995,18,9,4,False,False,True,False,True,False,False,False,792
0,1,30.34,34.09,62,19.0012,19,9,4,False,False,True,False,True,False,False,False,568
0,1,29.52,34.09,66,15.0013,20,9,4,False,False,True,False,True,False,False,False,391
0,1,28.7,33.335,74,11.0014,21,9,4,False,False,True,False,True,False,False,False,301
0,1,28.7,33.335,74,15.0013,22,9,4,False,False,True,False,True,False,False,False,299
0,1,27.06,29.545,89,16.9979,23,9,4,False,False,True,False,True,False,False,False,248
0,0,27.06,29.545,89,16.9979,0,9,5,False,False,True,False,True,False,False,False,150
0,0,27.06,29.545,89,19.0012,1,9,5,False,False,True,False,False,True,False,False,117
0,0,27.06,29.545,89,22.0028,2,9,5,False,False,True,False,True,False,False,False,77
0,0,27.06,29.545,89,15.0013,3,9,5,False,False,True,False,False,True,False,False,43
0,0,27.06,29.545,94,15.0013,4,9,5,False,False,True,False,False,True,False,False,11
0,0,27.06,29.545,94,16.9979,5,9,5,False,False,True,False,False,True,False,False,15
0,0,27.06,29.545,89,19.0012,6,9,5,False,False,True,False,False,True,False,False,34
0,0,27.06,29.545,89,19.0012,7,9,5,False,False,True,False,True,False,False,False,82
0,0,28.7,33.335,79,22.0028,8,9,5,False,False,True,False,True,False,False,False,230
0,0,28.7,33.335,74,26.0027,9,9,5,False,False,True,False,True,False,False,False,348
0,0,30.34,34.85,70,26.0027,10,9,5,False,False,True,False,True,False,False,False,422
0,0,31.16,35.605,62,30.0026,11,9,5,False,False,True,False,True,False,False,False,578
0,0,32.8,37.88,55,32.9975,12,9,5,False,False,True,False,True,False,False,False,694
0,0,33.62,38.635,52,35.0008,13,9,5,False,False,True,False,True,False,False,False,668
0,0,33.62,38.635,52,30.0026,14,9,5,False,False,True,False,True,False,False,False,626
0,0,22.96,26.515,88,16.9979,15,9,5,False,False,True,False,False,False,True,False,512
0,0,22.96,26.515,88,12.998,16,9,5,False,False,True,False,False,False,True,False,114
0,0,23.78,27.275,83,12.998,17,9,5,False,False,True,False,False,False,True,False,171
0,0,23.78,27.275,83,8.9981,18,9,5,False,False,True,False,False,False,True,False,167
0,0,23.78,27.275,88,7.0015,19,9,5,False,False,True,False,False,False,True,False,215
0,0,23.78,27.275,88,6.0032,20,9,5,False,False,True,False,False,True,False,False,194
0,0,24.6,28.03,83,11.0014,21,9,5,False,False,True,False,False,True,False,False,181
0,0,23.78,27.275,78,19.9995,22,9,5,False,False,True,False,False,True,False,False,194
0,0,23.78,27.275,73,11.0014,23,9,5,False,False,True,False,False,True,False,False,133
0,0,22.96,26.515,73,12.998,0,9,6,False,False,True,False,False,True,False,False,124
0,0,22.96,26.515,73,15.0013,1,9,6,False,False,True,False,True,False,False,False,124
0,0,22.14,25.76,77,19.0012,2,9,6,False,False,True,False,True,False,False,False,96
0,0,22.14,25.76,73,15.0013,3,9,6,False,False,True,False,True,False,False,False,46
0,0,21.32,25.0,77,16.9979,4,9,6,False,False,True,False,True,False,False,False,28
0,0,21.32,25.0,77,12.998,5,9,6,False,False,True,False,True,False,False,False,55
0,0,21.32,25.0,77,12.998,6,9,6,False,False,True,False,True,False,False,False,35
0,0,22.14,25.76,73,11.0014,7,9,6,False,False,True,False,True,False,False,False,70
0,0,23.78,27.275,68,15.0013,8,9,6,False,False,True,False,True,False,False,False,170
0,0,25.42,30.305,61,16.9979,9,9,6,False,False,True,False,True,False,False,False,299
0,0,26.24,31.06,57,19.9995,10,9,6,False,False,True,False,True,False,False,False,495
0,0,27.06,31.06,47,16.9979,11,9,6,False,False,True,False,True,False,False,False,585
0,0,27.06,31.06,47,0.0,12,9,6,False,False,True,False,True,False,False,False,757
0,0,27.88,31.82,39,0.0,13,9,6,False,False,True,False,True,False,False,False,729
0,0,29.52,32.575,30,19.0012,14,9,6,False,False,True,False,True,False,False,False,647
0,0,29.52,32.575,32,16.9979,15,9,6,False,False,True,False,True,False,False,False,696
0,0,27.88,31.82,36,19.0012,16,9,6,False,False,True,False,True,False,False,False,701
0,0,28.7,31.82,37,16.9979,17,9,6,False,False,True,False,True,False,False,False,671
0,0,27.06,31.06,36,16.9979,18,9,6,False,False,True,False,True,False,False,False,560
0,0,27.06,31.06,36,16.9979,19,9,6,False,False,True,False,True,False,False,False,496
0,0,25.42,31.06,41,19.0012,20,9,6,False,False,True,False,True,False,False,False,356
0,0,24.6,31.06,46,15.0013,21,9,6,False,False,True,False,True,False,False,False,206
0,0,23.78,27.275,49,16.9979,22,9,6,False,False,True,False,True,False,False,False,189
0,0,22.96,26.515,52,19.0012,23,9,6,False,False,True,False,True,False,False,False,92
0,1,22.96,26.515,52,19.0012,0,9,0,False,False,True,False,True,False,False,False,41
0,1,22.14,25.76,60,12.998,1,9,0,False,False,True,False,True,False,False,False,18
0,1,22.14,25.76,60,23.9994,2,9,0,False,False,True,False,True,False,False,False,17
0,1,21.32,25.0,68,19.0012,3,9,0,False,False,True,False,True,False,False,False,12
0,1,21.32,25.0,68,19.0012,4,9,0,False,False,True,False,True,False,False,False,5
0,1,20.5,24.24,72,16.9979,5,9,0,False,False,True,False,True,False,False,False,40
0,1,20.5,24.24,72,8.9981,6,9,0,False,False,True,False,True,False,False,False,180
0,1,21.32,25.0,68,15.0013,7,9,0,False,False,True,False,True,False,False,False,447
0,1,22.96,26.515,60,19.0012,8,9,0,False,False,True,False,True,False,False,False,730
0,1,24.6,31.06,53,19.9995,9,9,0,False,False,True,False,True,False,False,False,361
0,1,25.42,31.06,50,19.0012,10,9,0,False,False,True,False,True,False,False,False,210
0,1,25.42,31.06,43,19.9995,11,9,0,False,False,True,False,True,False,False,False,236
0,1,26.24,31.06,44,26.0027,12,9,0,False,False,True,False,True,False,False,False,332
0,1,26.24,31.06,38,15.0013,13,9,0,False,False,True,False,True,False,False,False,323
0,1,27.06,31.06,36,19.0012,14,9,0,False,False,True,False,True,False,False,False,340
0,1,27.06,31.06,31,26.0027,15,9,0,False,False,True,False,True,False,False,False,346
0,1,27.06,31.06,34,22.0028,16,9,0,False,False,True,False,True,False,False,False,488
0,1,27.06,31.06,34,22.0028,17,9,0,False,False,True,False,True,False,False,False,871
0,1,25.42,31.06,35,19.9995,18,9,0,False,False,True,False,True,False,False,False,968
0,1,25.42,31.06,38,19.9995,19,9,0,False,False,True,False,True,False,False,False,633
0,1,24.6,31.06,40,12.998,20,9,0,False,False,True,False,True,False,False,False,390
0,1,22.96,26.515,49,11.0014,21,9,0,False,False,True,False,True,False,False,False,285
0,1,22.14,25.76,52,8.9981,22,9,0,False,False,True,False,True,False,False,False,159
0,1,22.14,25.76,52,0.0,23,9,0,False,False,True,False,True,False,False,False,93
0,1,21.32,25.0,59,7.0015,0,9,1,False,False,True,False,True,False,False,False,32
0,1,20.5,24.24,63,0.0,1,9,1,False,False,True,False,True,False,False,False,10
0,1,19.68,23.485,77,11.0014,2,9,1,False,False,True,False,True,False,False,False,6
0,1,19.68,23.485,67,8.9981,3,9,1,False,False,True,False,True,False,False,False,8
0,1,19.68,23.485,72,7.0015,4,9,1,False,False,True,False,True,False,False,False,9
0,1,18.86,22.725,72,6.0032,5,9,1,False,False,True,False,True,False,False,False,44
0,1,18.86,22.725,77,7.0015,6,9,1,False,False,True,False,True,False,False,False,211
0,1,20.5,24.24,72,7.0015,7,9,1,False,False,True,False,True,False,False,False,596
0,1,22.14,25.76,68,6.0032,8,9,1,False,False,True,False,True,False,False,False,750
0,1,24.6,31.06,49,0.0,9,9,1,False,False,True,False,True,False,False,False,358
0,1,25.42,31.06,38,0.0,10,9,1,False,False,True,False,True,False,False,False,196
0,1,26.24,31.06,33,6.0032,11,9,1,False,False,True,False,True,False,False,False,247
0,1,26.24,31.06,33,0.0,12,9,1,False,False,True,False,True,False,False,False,316
0,1,27.06,31.06,29,6.0032,13,9,1,False,False,True,False,True,False,False,False,328
0,1,27.88,31.06,30,6.0032,14,9,1,False,False,True,False,True,False,False,False,255
0,1,28.7,31.82,28,7.0015,15,9,1,False,False,True,False,True,False,False,False,326
0,1,28.7,31.82,28,8.9981,16,9,1,False,False,True,False,True,False,False,False,536
0,1,28.7,31.82,28,0.0,17,9,1,False,False,True,False,True,False,False,False,970
0,1,26.24,31.06,36,11.0014,18,9,1,False,False,True,False,True,False,False,False,877
0,1,25.42,31.06,41,12.998,19,9,1,False,False,True,False,True,False,False,False,596
0,1,23.78,27.275,56,8.9981,20,9,1,False,False,True,False,True,False,False,False,461
0,1,22.96,26.515,60,7.0015,21,9,1,False,False,True,False,True,False,False,False,310
0,1,22.96,26.515,64,7.0015,22,9,1,False,False,True,False,True,False,False,False,216
0,1,22.14,25.76,68,7.0015,23,9,1,False,False,True,False,True,False,False,False,109
0,1,21.32,25.0,72,7.0015,0,9,2,False,False,True,False,True,False,False,False,49
0,1,21.32,25.0,72,7.0015,1,9,2,False,False,True,False,True,False,False,False,21
0,1,21.32,25.0,72,6.0032,2,9,2,False,False,True,False,True,False,False,False,11
0,1,20.5,24.24,77,6.0032,3,9,2,False,False,True,False,True,False,False,False,7
0,1,20.5,24.24,72,6.0032,4,9,2,False,False,True,False,True,False,False,False,5
0,1,20.5,24.24,72,6.0032,5,9,2,False,False,True,False,True,False,False,False,48
0,1,20.5,24.24,72,6.0032,6,9,2,False,False,True,False,True,False,False,False,205
0,1,21.32,25.0,72,0.0,7,9,2,False,False,True,False,True,False,False,False,557
0,1,22.96,26.515,64,7.0015,8,9,2,False,False,True,False,True,False,False,False,770
0,1,24.6,30.305,64,8.9981,9,9,2,False,False,True,False,True,False,False,False,328
0,1,25.42,30.305,61,8.9981,10,9,2,False,False,True,False,True,False,False,False,205
0,1,27.06,31.06,50,12.998,11,9,2,False,False,True,False,True,False,False,False,232
0,1,27.88,31.82,36,8.9981,12,9,2,False,False,True,False,True,False,False,False,352
0,1,28.7,31.82,34,8.9981,13,9,2,False,False,True,False,True,False,False,False,323
0,1,28.7,31.82,37,11.0014,14,9,2,False,False,True,False,True,False,False,False,278
0,1,29.52,32.575,37,8.9981,15,9,2,False,False,True,False,True,False,False,False,318
0,1,29.52,32.575,37,11.0014,16,9,2,False,False,True,False,True,False,False,False,509
0,1,28.7,31.82,41,19.9995,17,9,2,False,False,True,False,True,False,False,False,925
0,1,27.06,31.06,44,16.9979,18,9,2,False,False,True,False,True,False,False,False,977
0,1,26.24,31.06,50,12.998,19,9,2,False,False,True,False,True,False,False,False,635
0,1,25.42,31.06,57,8.9981,20,9,2,False,False,True,False,True,False,False,False,470
0,1,24.6,30.305,60,8.9981,21,9,2,False,False,True,False,True,False,False,False,306
0,1,22.96,26.515,64,6.0032,22,9,2,False,False,True,False,True,False,False,False,212
0,1,22.96,26.515,68,7.0015,23,9,2,False,False,True,False,True,False,False,False,127
0,1,22.96,26.515,73,6.0032,0,9,3,False,False,True,False,True,False,False,False,57
0,1,22.14,25.76,77,6.0032,1,9,3,False,False,True,False,True,False,False,False,28
0,1,22.14,25.76,77,0.0,2,9,3,False,False,True,False,True,False,False,False,9
0,1,21.32,25.0,83,0.0,3,9,3,False,False,True,False,True,False,False,False,11
0,1,21.32,25.0,83,0.0,4,9,3,False,False,True,False,True,False,False,False,6
0,1,21.32,25.0,83,0.0,5,9,3,False,False,True,False,True,False,False,False,57
0,1,20.5,24.24,82,0.0,6,9,3,False,False,True,False,True,False,False,False,195
0,1,22.14,25.76,77,0.0,7,9,3,False,False,True,False,True,False,False,False,571
0,1,22.96,26.515,73,0.0,8,9,3,False,False,True,False,True,False,False,False,758
0,1,24.6,30.305,64,6.0032,9,9,3,False,False,True,False,True,False,False,False,338
0,1,26.24,31.06,61,6.0032,10,9,3,False,False,True,False,True,False,False,False,212
0,1,27.06,31.06,50,11.0014,11,9,3,False,False,True,False,True,False,False,False,254
0,1,27.88,31.82,44,7.0015,12,9,3,False,False,True,False,True,False,False,False,297
0,1,28.7,31.82,42,0.0,13,9,3,False,False,True,False,True,False,False,False,283
0,1,29.52,32.575,39,8.9981,14,9,3,False,False,True,False,True,False,False,False,274
0,1,29.52,32.575,42,7.0015,15,9,3,False,False,True,False,True,False,False,False,352
0,1,29.52,32.575,39,6.0032,16,9,3,False,False,True,False,True,False,False,False,491
0,1,29.52,32.575,42,12.998,17,9,3,False,False,True,False,True,False,False,False,884
0,1,27.88,31.82,57,16.9979,18,9,3,False,False,True,False,True,False,False,False,852
0,1,26.24,30.305,65,8.9981,19,9,3,False,False,True,False,True,False,False,False,674
0,1,25.42,30.305,69,7.0015,20,9,3,False,False,True,False,True,False,False,False,463
0,1,25.42,30.305,65,7.0015,21,9,3,False,False,True,False,True,False,False,False,317
0,1,24.6,29.545,69,8.9981,22,9,3,False,False,True,False,True,False,False,False,251
0,1,23.78,27.275,73,7.0015,23,9,3,False,False,True,False,True,False,False,False,170
0,1,22.96,26.515,73,6.0032,0,9,4,False,False,True,False,True,False,False,False,87
0,1,22.96,26.515,73,6.0032,1,9,4,False,False,True,False,True,False,False,False,41
0,1,22.96,26.515,73,0.0,2,9,4,False,False,True,False,True,False,False,False,30
0,1,22.14,25.76,77,0.0,3,9,4,False,False,True,False,True,False,False,False,14
0,1,22.14,25.76,77,0.0,4,9,4,False,False,True,False,True,False,False,False,12
0,1,22.14,25.76,83,0.0,5,9,4,False,False,True,False,True,False,False,False,41
0,1,22.14,25.76,88,0.0,6,9,4,False,False,True,False,True,False,False,False,152
0,1,22.96,26.515,88,0.0,7,9,4,False,False,True,False,False,True,False,False,454
0,1,24.6,28.79,78,11.0014,8,9,4,False,False,True,False,False,True,False,False,766
0,1,25.42,29.545,78,11.0014,9,9,4,False,False,True,False,False,True,False,False,347
0,1,27.88,31.82,65,0.0,10,9,4,False,False,True,False,False,True,False,False,246
0,1,27.88,31.82,61,7.0015,11,9,4,False,False,True,False,False,True,False,False,280
0,1,28.7,32.575,54,12.998,12,9,4,False,False,True,False,False,True,False,False,409
0,1,28.7,32.575,54,12.998,13,9,4,False,False,True,False,False,True,False,False,408
0,1,29.52,32.575,45,11.0014,14,9,4,False,False,True,False,False,True,False,False,371
0,1,29.52,33.335,48,8.9981,15,9,4,False,False,True,False,False,True,False,False,367
0,1,29.52,33.335,51,0.0,16,9,4,False,False,True,False,False,True,False,False,563
0,1,29.52,33.335,51,12.998,17,9,4,False,False,True,False,True,False,False,False,894
0,1,29.52,32.575,45,15.0013,18,9,4,False,False,True,False,True,False,False,False,808
0,1,27.88,31.82,57,11.0014,19,9,4,False,False,True,False,True,False,False,False,579
0,1,27.06,31.06,61,7.0015,20,9,4,False,False,True,False,True,False,False,False,404
0,1,26.24,30.305,73,15.0013,21,9,4,False,False,True,False,True,False,False,False,312
0,1,25.42,28.79,83,12.998,22,9,4,False,False,True,False,True,False,False,False,229
0,1,25.42,29.545,78,6.0032,23,9,4,False,False,True,False,True,False,False,False,195
0,0,24.6,28.03,83,7.0015,0,9,5,False,False,True,False,True,False,False,False,207
0,0,24.6,29.545,73,0.0,1,9,5,False,False,True,False,True,False,False,False,109
0,0,23.78,27.275,78,7.0015,2,9,5,False,False,True,False,True,False,False,False,93
0,0,24.6,29.545,73,16.9979,3,9,5,False,False,True,False,True,False,False,False,37
0,0,24.6,29.545,69,23.9994,4,9,5,False,False,True,False,False,True,False,False,6
0,0,23.78,27.275,60,35.0008,5,9,5,False,False,True,False,True,False,False,False,16
0,0,22.14,25.76,49,27.9993,6,9,5,False,False,True,False,True,False,False,False,33
0,0,22.14,25.76,52,19.0012,7,9,5,False,False,True,False,True,False,False,False,73
0,0,22.96,26.515,49,27.9993,8,9,5,False,False,True,False,True,False,False,False,212
0,0,24.6,31.06,43,27.9993,9,9,5,False,False,True,False,True,False,False,False,342
0,0,25.42,31.06,41,26.0027,10,9,5,False,False,True,False,True,False,False,False,442
0,0,26.24,31.06,38,26.0027,11,9,5,False,False,True,False,True,False,False,False,627
0,0,27.06,31.06,36,23.9994,12,9,5,False,False,True,False,True,False,False,False,706
0,0,27.88,31.82,36,12.998,13,9,5,False,False,True,False,True,False,False,False,704
0,0,27.88,31.82,34,22.0028,14,9,5,False,False,True,False,True,False,False,False,715
0,0,27.88,31.82,34,19.0012,15,9,5,False,False,True,False,False,True,False,False,654
0,0,27.06,31.06,36,15.0013,16,9,5,False,False,True,False,False,True,False,False,783
0,0,27.06,31.06,36,16.9979,17,9,5,False,False,True,False,False,True,False,False,729
0,0,26.24,31.06,36,19.0012,18,9,5,False,False,True,False,False,True,False,False,614
0,0,25.42,31.06,41,11.0014,19,9,5,False,False,True,False,True,False,False,False,478
0,0,24.6,31.06,43,6.0032,20,9,5,False,False,True,False,True,False,False,False,330
0,0,22.96,26.515,52,7.0015,21,9,5,False,False,True,False,True,False,False,False,296
0,0,22.96,26.515,52,0.0,22,9,5,False,False,True,False,True,False,False,False,279
0,0,22.14,25.76,60,0.0,23,9,5,False,False,True,False,True,False,False,False,229
0,0,22.14,25.76,64,0.0,0,9,6,False,False,True,False,True,False,False,False,151
0,0,22.14,25.76,64,0.0,1,9,6,False,False,True,False,True,False,False,False,117
0,0,21.32,25.0,63,0.0,2,9,6,False,False,True,False,True,False,False,False,89
0,0,20.5,24.24,68,0.0,3,9,6,False,False,True,False,True,False,False,False,48
0,0,20.5,24.24,72,0.0,4,9,6,False,False,True,False,True,False,False,False,8
0,0,20.5,24.24,72,0.0,5,9,6,False,False,True,False,True,False,False,False,13
0,0,20.5,24.24,72,0.0,6,9,6,False,False,True,False,True,False,False,False,35
0,0,20.5,24.24,77,7.0015,7,9,6,False,False,True,False,True,False,False,False,71
0,0,22.14,25.76,64,11.0014,8,9,6,False,False,True,False,True,False,False,False,128
0,0,23.78,27.275,60,8.9981,9,9,6,False,False,True,False,True,False,False,False,296
0,0,25.42,31.06,50,7.0015,10,9,6,False,False,True,False,True,False,False,False,490
0,0,26.24,31.06,47,11.0014,11,9,6,False,False,True,False,True,False,False,False,559
0,0,27.06,31.06,44,11.0014,12,9,6,False,False,True,False,True,False,False,False,656
0,0,26.24,31.06,41,11.0014,13,9,6,False,False,True,False,True,False,False,False,694
0,0,27.06,31.06,39,8.9981,14,9,6,False,False,True,False,True,False,False,False,635
0,0,26.24,31.06,41,11.0014,15,9,6,False,False,True,False,True,False,False,False,557
0,0,26.24,31.06,44,11.0014,16,9,6,False,False,True,False,True,False,False,False,596
0,0,27.06,31.06,41,0.0,17,9,6,False,False,True,False,True,False,False,False,570
0,0,25.42,31.06,50,11.0014,18,9,6,False,False,True,False,True,False,False,False,481
0,0,25.42,31.06,50,8.9981,19,9,6,False,False,True,False,True,False,False,False,403
0,0,24.6,31.06,53,7.0015,20,9,6,False,False,True,False,True,False,False,False,324
0,0,24.6,31.06,56,7.0015,21,9,6,False,False,True,False,True,False,False,False,191
0,0,22.96,26.515,68,6.0032,22,9,6,False,False,True,False,True,False,False,False,127
0,0,22.14,25.76,68,7.0015,23,9,6,False,False,True,False,True,False,False,False,94
0,1,22.14,25.76,68,11.0014,0,9,0,False,False,True,False,True,False,False,False,45
0,1,21.32,25.0,72,6.0032,1,9,0,False,False,True,False,True,False,False,False,21
0,1,21.32,25.0,72,0.0,2,9,0,False,False,True,False,True,False,False,False,13
0,1,20.5,24.24,77,6.0032,3,9,0,False,False,True,False,True,False,False,False,7
0,1,20.5,24.24,77,0.0,4,9,0,False,False,True,False,True,False,False,False,11
0,1,19.68,23.485,82,6.0032,5,9,0,False,False,True,False,True,False,False,False,45
0,1,19.68,23.485,82,0.0,6,9,0,False,False,True,False,True,False,False,False,164
0,1,21.32,25.0,77,0.0,7,9,0,False,False,True,False,True,False,False,False,492
0,1,22.14,25.76,77,6.0032,8,9,0,False,False,True,False,True,False,False,False,683
0,1,23.78,27.275,68,8.9981,9,9,0,False,False,True,False,True,False,False,False,299
0,1,25.42,30.305,65,12.998,10,9,0,False,False,True,False,False,True,False,False,202
0,1,25.42,30.305,69,15.0013,11,9,0,False,False,True,False,False,True,False,False,252
0,1,25.42,30.305,69,12.998,12,9,0,False,False,True,False,False,True,False,False,295
0,1,26.24,30.305,65,16.9979,13,9,0,False,False,True,False,True,False,False,False,343
0,1,26.24,30.305,65,16.9979,14,9,0,False,False,True,False,False,True,False,False,332
0,1,26.24,30.305,65,16.9979,15,9,0,False,False,True,False,False,True,False,False,338
0,1,26.24,30.305,69,16.9979,16,9,0,False,False,True,False,False,True,False,False,453
0,1,26.24,30.305,65,15.0013,17,9,0,False,False,True,False,False,True,False,False,842
0,1,25.42,29.545,73,11.0014,18,9,0,False,False,True,False,False,True,False,False,774
0,1,25.42,29.545,73,7.0015,19,9,0,False,False,True,False,False,True,False,False,486
0,1,25.42,29.545,73,8.9981,20,9,0,False,False,True,False,False,True,False,False,340
0,1,25.42,28.79,83,15.0013,21,9,0,False,False,True,False,False,False,True,False,233
0,1,25.42,28.79,83,16.9979,22,9,0,False,False,True,False,False,False,True,False,129
0,1,24.6,25.76,94,16.9979,23,9,0,False,False,True,False,False,False,True,False,70
0,1,24.6,25.76,94,16.9979,0,9,1,False,False,True,False,False,False,True,False,13
0,1,24.6,25.76,94,12.998,1,9,1,False,False,True,False,False,False,True,False,5
0,1,24.6,25.76,94,12.998,2,9,1,False,False,True,False,False,False,True,False,4
0,1,25.42,27.275,94,19.0012,3,9,1,False,False,True,False,False,True,False,False,6
0,1,25.42,27.275,94,23.9994,4,9,1,False,False,True,False,False,True,False,False,7
0,1,26.24,28.79,89,22.0028,5,9,1,False,False,True,False,False,True,False,False,48
0,1,26.24,28.79,89,22.0028,6,9,1,False,False,True,False,False,True,False,False,167
0,1,26.24,28.79,89,30.0026,7,9,1,False,False,True,False,False,True,False,False,356
0,1,27.06,30.305,83,36.9974,8,9,1,False,False,True,False,False,True,False,False,672
0,1,27.06,30.305,83,39.0007,9,9,1,False,False,True,False,False,True,False,False,293
0,1,27.88,31.82,79,43.0006,10,9,1,False,False,True,False,False,False,True,False,160
0,1,27.88,31.82,79,43.0006,11,9,1,False,False,True,False,False,True,False,False,151
0,1,27.88,31.82,83,30.0026,12,9,1,False,False,True,False,False,False,True,False,88
0,1,28.7,33.335,74,39.0007,13,9,1,False,False,True,False,False,True,False,False,114
0,1,24.6,25.76,94,31.0009,14,9,1,False,False,True,False,False,False,True,False,143
0,1,24.6,27.275,88,16.9979,15,9,1,False,False,True,False,False,False,True,False,36
0,1,24.6,27.275,88,19.9995,16,9,1,False,False,True,False,False,False,True,False,141
0,1,24.6,27.275,88,12.998,17,9,1,False,False,True,False,False,False,True,False,338
0,1,24.6,27.275,88,11.0014,18,9,1,False,False,True,False,False,True,False,False,281
0,1,24.6,27.275,88,19.9995,19,9,1,False,False,True,False,False,True,False,False,324
0,1,24.6,27.275,88,12.998,20,9,1,False,False,True,False,False,True,False,False,290
0,1,24.6,27.275,88,12.998,21,9,1,False,False,True,False,False,True,False,False,207
0,1,23.78,27.275,83,31.0009,22,9,1,False,False,True,False,False,False,True,False,151
0,1,22.96,26.515,83,15.0013,23,9,1,False,False,True,False,False,True,False,False,78
0,1,22.96,26.515,68,19.0012,0,9,2,False,False,True,False,False,True,False,False,26
0,1,22.14,25.76,68,16.9979,1,9,2,False,False,True,False,False,True,False,False,12
0,1,22.14,25.76,64,22.0028,2,9,2,False,False,True,False,False,True,False,False,3
0,1,21.32,25.0,63,16.9979,3,9,2,False,False,True,False,False,True,False,False,5
0,1,21.32,25.0,68,23.9994,4,9,2,False,False,True,False,False,True,False,False,10
0,1,21.32,25.0,68,19.0012,5,9,2,False,False,True,False,False,True,False,False,56
0,1,21.32,25.0,63,16.9979,6,9,2,False,False,True,False,True,False,False,False,172
0,1,21.32,25.0,63,15.0013,7,9,2,False,False,True,False,True,False,False,False,545
0,1,21.32,25.0,59,15.0013,8,9,2,False,False,True,False,True,False,False,False,797
0,1,22.14,25.76,60,16.9979,9,9,2,False,False,True,False,True,False,False,False,362
0,1,22.96,26.515,52,12.998,10,9,2,False,False,True,False,True,False,False,False,192
0,1,24.6,31.06,43,16.9979,11,9,2,False,False,True,False,True,False,False,False,247
0,1,24.6,31.06,43,16.9979,12,9,2,False,False,True,False,True,False,False,False,313
0,1,24.6,31.06,40,16.9979,13,9,2,False,False,True,False,True,False,False,False,289
0,1,25.42,31.06,38,16.9979,14,9,2,False,False,True,False,True,False,False,False,286
0,1,25.42,31.06,35,0.0,15,9,2,False,False,True,False,True,False,False,False,311
0,1,25.42,31.06,35,0.0,16,9,2,False,False,True,False,True,False,False,False,466
0,1,24.6,31.06,38,15.0013,17,9,2,False,False,True,False,True,False,False,False,886
0,1,23.78,27.275,40,19.0012,18,9,2,False,False,True,False,True,False,False,False,892
0,1,22.96,26.515,43,15.0013,19,9,2,False,False,True,False,True,False,False,False,611
0,1,21.32,25.0,48,11.0014,20,9,2,False,False,True,False,True,False,False,False,409
0,1,20.5,24.24,59,11.0014,21,9,2,False,False,True,False,True,False,False,False,349
0,1,20.5,24.24,63,6.0032,22,9,2,False,False,True,False,True,False,False,False,229
0,1,19.68,23.485,67,6.0032,23,9,2,False,False,True,False,True,False,False,False,123
0,1,18.86,22.725,72,7.0015,0,10,0,False,False,False,True,True,False,False,False,45
0,1,18.04,21.97,77,6.0032,1,10,0,False,False,False,True,True,False,False,False,18
0,1,18.86,22.725,72,0.0,2,10,0,False,False,False,True,True,False,False,False,12
0,1,18.04,21.97,77,0.0,3,10,0,False,False,False,True,True,False,False,False,7
0,1,17.22,21.21,82,7.0015,4,10,0,False,False,False,True,True,False,False,False,10
0,1,18.04,21.97,77,0.0,5,10,0,False,False,False,True,True,False,False,False,36
0,1,18.04,21.97,77,7.0015,6,10,0,False,False,False,True,True,False,False,False,155
0,1,18.04,21.97,77,11.0014,7,10,0,False,False,False,True,True,False,False,False,483
0,1,18.86,22.725,77,7.0015,8,10,0,False,False,False,True,False,True,False,False,784
0,1,21.32,25.0,63,0.0,9,10,0,False,False,False,True,False,True,False,False,340
0,1,22.14,25.76,56,0.0,10,10,0,False,False,False,True,True,False,False,False,179
0,1,23.78,27.275,46,0.0,11,10,0,False,False,False,True,True,False,False,False,272
0,1,24.6,31.06,43,11.0014,12,10,0,False,False,False,True,False,True,False,False,323
0,1,24.6,31.06,43,11.0014,13,10,0,False,False,False,True,False,True,False,False,305
0,1,24.6,31.06,43,7.0015,14,10,0,False,False,False,True,False,True,False,False,244
0,1,25.42,31.06,43,8.9981,15,10,0,False,False,False,True,False,True,False,False,329
0,1,25.42,31.06,46,16.9979,16,10,0,False,False,False,True,False,True,False,False,459
0,1,22.96,26.515,60,16.9979,17,10,0,False,False,False,True,False,False,True,False,856
0,1,22.96,26.515,64,7.0015,18,10,0,False,False,False,True,False,False,True,False,613
0,1,22.14,25.76,68,7.0015,19,10,0,False,False,False,True,False,True,False,False,516
0,1,22.14,25.76,68,0.0,20,10,0,False,False,False,True,False,False,True,False,262
0,1,22.14,25.76,73,8.9981,21,10,0,False,False,False,True,False,True,False,False,218
0,1,22.14,25.76,77,6.0032,22,10,0,False,False,False,True,False,False,True,False,207
0,1,22.14,25.76,77,0.0,23,10,0,False,False,False,True,False,False,True,False,105
0,1,22.96,26.515,73,0.0,0,10,1,False,False,False,True,False,True,False,False,31
0,1,22.14,25.76,77,7.0015,1,10,1,False,False,False,True,False,True,False,False,11
0,1,22.14,25.76,77,7.0015,2,10,1,False,False,False,True,False,True,False,False,2
0,1,22.14,25.76,88,12.998,3,10,1,False,False,False,True,False,True,False,False,5
0,1,22.96,26.515,83,6.0032,4,10,1,False,False,False,True,False,True,False,False,10
0,1,22.96,26.515,83,8.9981,5,10,1,False,False,False,True,False,True,False,False,43
0,1,23.78,27.275,83,7.0015,6,10,1,False,False,False,True,False,False,True,False,179
0,1,23.78,27.275,83,7.0015,7,10,1,False,False,False,True,False,False,True,False,260
0,1,24.6,27.275,88,0.0,8,10,1,False,False,False,True,False,False,True,False,134
0,1,23.78,27.275,88,8.9981,9,10,1,False,False,False,True,False,False,True,False,86
0,1,23.78,27.275,88,8.9981,10,10,1,False,False,False,True,False,False,True,False,45
0,1,23.78,27.275,94,8.9981,11,10,1,False,False,False,True,False,False,True,False,99
0,1,24.6,27.275,88,12.998,12,10,1,False,False,False,True,False,True,False,False,104
0,1,24.6,27.275,88,8.9981,13,10,1,False,False,False,True,False,True,False,False,154
0,1,24.6,27.275,88,8.9981,14,10,1,False,False,False,True,False,False,True,False,163
0,1,25.42,28.79,83,8.9981,15,10,1,False,False,False,True,False,False,True,False,209
0,1,25.42,28.03,88,8.9981,16,10,1,False,False,False,True,False,False,True,False,374
0,1,25.42,28.03,88,7.0015,17,10,1,False,False,False,True,False,False,True,False,715
0,1,25.42,27.275,94,6.0032,18,10,1,False,False,False,True,False,False,True,False,687
0,1,25.42,27.275,94,0.0,19,10,1,False,False,False,True,False,False,True,False,395
0,1,25.42,27.275,94,8.9981,20,10,1,False,False,False,True,False,False,True,False,306
0,1,25.42,27.275,94,7.0015,21,10,1,False,False,False,True,False,False,True,False,289
0,1,25.42,27.275,94,7.0015,22,10,1,False,False,False,True,False,True,False,False,240
0,1,25.42,27.275,94,0.0,23,10,1,False,False,False,True,False,True,False,False,98
0,1,25.42,27.275,94,0.0,0,10,2,False,False,False,True,False,False,True,False,52
0,1,25.42,27.275,94,0.0,1,10,2,False,False,False,True,False,True,False,False,19
0,1,25.42,27.275,94,0.0,2,10,2,False,False,False,True,False,True,False,False,9
0,1,24.6,25.76,94,0.0,3,10,2,False,False,False,True,False,True,False,False,7
0,1,24.6,25.0,100,0.0,4,10,2,False,False,False,True,False,True,False,False,11
0,1,25.42,27.275,94,7.0015,5,10,2,False,False,False,True,False,True,False,False,34
0,1,24.6,25.76,94,8.9981,6,10,2,False,False,False,True,False,True,False,False,177
0,1,24.6,25.76,94,12.998,7,10,2,False,False,False,True,False,True,False,False,515
0,1,25.42,28.03,88,7.0015,8,10,2,False,False,False,True,False,True,False,False,809
0,1,25.42,28.79,83,12.998,9,10,2,False,False,False,True,False,True,False,False,362
0,1,27.06,30.305,78,11.0014,10,10,2,False,False,False,True,True,False,False,False,175
0,1,27.06,30.305,78,11.0014,11,10,2,False,False,False,True,True,False,False,False,230
0,1,28.7,32.575,70,7.0015,12,10,2,False,False,False,True,False,True,False,False,358
0,1,28.7,33.335,74,7.0015,13,10,2,False,False,False,True,False,True,False,False,279
0,1,29.52,34.09,70,11.0014,14,10,2,False,False,False,True,False,True,False,False,251
0,1,29.52,34.09,62,11.0014,15,10,2,False,False,False,True,False,True,False,False,319
0,1,29.52,33.335,58,0.0,16,10,2,False,False,False,True,False,True,False,False,478
0,1,28.7,32.575,65,0.0,17,10,2,False,False,False,True,True,False,False,False,917
0,1,28.7,32.575,65,0.0,18,10,2,False,False,False,True,True,False,False,False,810
0,1,28.7,32.575,65,0.0,19,10,2,False,False,False,True,True,False,False,False,593
0,1,28.7,32.575,65,0.0,20,10,2,False,False,False,True,True,False,False,False,497
0,1,27.06,31.06,74,0.0,21,10,2,False,False,False,True,False,True,False,False,209
0,1,27.06,31.06,74,0.0,22,10,2,False,False,False,True,True,False,False,False,241
0,1,27.06,30.305,78,0.0,23,10,2,False,False,False,True,False,True,False,False,220
0,1,26.24,28.79,89,0.0,0,10,3,False,False,False,True,False,False,True,False,76
0,1,25.42,27.275,94,0.0,1,10,3,False,False,False,True,False,True,False,False,25
0,1,26.24,28.79,89,0.0,2,10,3,False,False,False,True,True,False,False,False,13
0,1,25.42,28.03,88,0.0,3,10,3,False,False,False,True,False,True,False,False,11
0,1,26.24,28.79,89,0.0,4,10,3,False,False,False,True,False,True,False,False,10
0,1,26.24,28.79,89,7.0015,5,10,3,False,False,False,True,False,False,True,False,39
0,1,25.42,27.275,94,6.0032,6,10,3,False,False,False,True,False,False,True,False,133
0,1,26.24,28.79,89,6.0032,7,10,3,False,False,False,True,False,True,False,False,391
0,1,26.24,28.79,89,0.0,8,10,3,False,False,False,True,True,False,False,False,738
0,1,26.24,28.79,89,12.998,9,10,3,False,False,False,True,False,True,False,False,359
0,1,27.06,30.305,83,8.9981,10,10,3,False,False,False,True,False,True,False,False,177
0,1,28.7,32.575,70,7.0015,11,10,3,False,False,False,True,False,True,False,False,214
0,1,29.52,33.335,54,12.998,12,10,3,False,False,False,True,False,True,False,False,288
0,1,29.52,33.335,58,22.0028,13,10,3,False,False,False,True,False,True,False,False,294
0,1,28.7,32.575,61,16.9979,14,10,3,False,False,False,True,True,False,False,False,267
0,1,29.52,33.335,54,19.0012,15,10,3,False,False,False,True,True,False,False,False,325
0,1,28.7,32.575,54,19.0012,16,10,3,False,False,False,True,True,False,False,False,497
0,1,28.7,32.575,51,15.0013,17,10,3,False,False,False,True,True,False,False,False,901
0,1,27.06,31.06,57,7.0015,18,10,3,False,False,False,True,True,False,False,False,887
0,1,27.06,31.06,57,7.0015,19,10,3,False,False,False,True,True,False,False,False,534
0,1,26.24,30.305,65,7.0015,20,10,3,False,False,False,True,True,False,False,False,441
0,1,25.42,30.305,69,0.0,21,10,3,False,False,False,True,True,False,False,False,321
0,1,26.24,31.06,47,8.9981,22,10,3,False,False,False,True,True,False,False,False,232
0,1,24.6,31.06,56,6.0032,23,10,3,False,False,False,True,True,False,False,False,155
0,1,22.96,26.515,73,0.0,0,10,4,False,False,False,True,True,False,False,False,102
0,1,22.14,25.76,68,7.0015,1,10,4,False,False,False,True,True,False,False,False,46
0,1,22.14,25.76,73,6.0032,2,10,4,False,False,False,True,True,False,False,False,11
0,1,22.14,25.76,73,0.0,3,10,4,False,False,False,True,True,False,False,False,16
0,1,22.14,25.76,77,0.0,4,10,4,False,False,False,True,True,False,False,False,11
0,1,21.32,25.0,77,0.0,5,10,4,False,False,False,True,True,False,False,False,41
0,1,21.32,25.0,83,0.0,6,10,4,False,False,False,True,True,False,False,False,137
0,1,21.32,25.0,83,7.0015,7,10,4,False,False,False,True,True,False,False,False,428
0,1,23.78,27.275,64,0.0,8,10,4,False,False,False,True,True,False,False,False,785
0,1,24.6,30.305,60,6.0032,9,10,4,False,False,False,True,True,False,False,False,384
0,1,27.06,31.06,54,0.0,10,10,4,False,False,False,True,True,False,False,False,260
0,1,28.7,32.575,48,12.998,11,10,4,False,False,False,True,True,False,False,False,304
0,1,29.52,32.575,42,11.0014,12,10,4,False,False,False,True,True,False,False,False,468
0,1,28.7,32.575,48,0.0,13,10,4,False,False,False,True,True,False,False,False,424
0,1,30.34,32.575,37,15.0013,14,10,4,False,False,False,True,True,False,False,False,400
0,1,29.52,32.575,39,16.9979,15,10,4,False,False,False,True,True,False,False,False,470
0,1,29.52,32.575,37,0.0,16,10,4,False,False,False,True,True,False,False,False,634
0,1,28.7,31.82,42,11.0014,17,10,4,False,False,False,True,True,False,False,False,900
0,1,26.24,31.06,57,8.9981,18,10,4,False,False,False,True,True,False,False,False,761
0,1,25.42,29.545,73,11.0014,19,10,4,False,False,False,True,True,False,False,False,500
0,1,24.6,28.79,78,8.9981,20,10,4,False,False,False,True,True,False,False,False,372
0,1,24.6,29.545,69,15.0013,21,10,4,False,False,False,True,True,False,False,False,267
0,1,24.6,29.545,73,19.0012,22,10,4,False,False,False,True,True,False,False,False,264
0,1,23.78,27.275,78,15.0013,23,10,4,False,False,False,True,True,False,False,False,171
0,0,22.96,26.515,83,11.0014,0,10,5,False,False,False,True,True,False,False,False,191
0,0,22.96,26.515,83,16.9979,1,10,5,False,False,False,True,True,False,False,False,141
0,0,22.96,26.515,78,12.998,2,10,5,False,False,False,True,True,False,False,False,75
0,0,22.14,25.76,77,15.0013,3,10,5,False,False,False,True,True,False,False,False,56
0,0,22.14,25.76,83,16.9979,4,10,5,False,False,False,True,True,False,False,False,11
0,0,22.14,25.76,83,12.998,5,10,5,False,False,False,True,True,False,False,False,10
0,0,22.14,25.76,88,16.9979,6,10,5,False,False,False,True,True,False,False,False,30
0,0,22.14,25.76,83,19.9995,7,10,5,False,False,False,True,True,False,False,False,84
0,0,22.96,26.515,83,12.998,8,10,5,False,False,False,True,True,False,False,False,206
0,0,24.6,29.545,73,12.998,9,10,5,False,False,False,True,True,False,False,False,395
0,0,25.42,30.305,69,19.0012,10,10,5,False,False,False,True,True,False,False,False,539
0,0,26.24,30.305,65,16.9979,11,10,5,False,False,False,True,True,False,False,False,647
0,0,28.7,32.575,54,7.0015,12,10,5,False,False,False,True,True,False,False,False,743
0,0,26.24,31.06,57,35.0008,13,10,5,False,False,False,True,False,True,False,False,710
0,0,24.6,31.06,56,27.9993,14,10,5,False,False,False,True,False,True,False,False,576
0,0,24.6,31.06,46,27.9993,15,10,5,False,False,False,True,True,False,False,False,620
0,0,24.6,31.06,43,35.0008,16,10,5,False,False,False,True,True,False,False,False,659
0,0,22.14,25.76,49,26.0027,17,10,5,False,False,False,True,True,False,False,False,610
0,0,21.32,25.0,48,27.9993,18,10,5,False,False,False,True,True,False,False,False,495
0,0,19.68,23.485,55,15.0013,19,10,5,False,False,False,True,True,False,False,False,341
0,0,19.68,23.485,55,16.9979,20,10,5,False,False,False,True,True,False,False,False,247
0,0,18.86,22.725,59,8.9981,21,10,5,False,False,False,True,True,False,False,False,215
0,0,18.04,21.97,62,8.9981,22,10,5,False,False,False,True,True,False,False,False,185
0,0,18.04,21.97,62,8.9981,23,10,5,False,False,False,True,True,False,False,False,179
0,0,18.04,21.97,62,11.0014,0,10,6,False,False,False,True,True,False,False,False,127
0,0,18.04,21.97,54,15.0013,1,10,6,False,False,False,True,True,False,False,False,109
0,0,17.22,21.21,62,8.9981,2,10,6,False,False,False,True,True,False,False,False,74
0,0,18.04,21.97,62,8.9981,3,10,6,False,False,False,True,False,True,False,False,22
0,0,18.04,21.97,54,16.9979,4,10,6,False,False,False,True,False,True,False,False,11
0,0,18.04,21.97,54,8.9981,5,10,6,False,False,False,True,False,True,False,False,10
0,0,18.04,21.97,54,12.998,6,10,6,False,False,False,True,False,True,False,False,23
0,0,17.22,21.21,58,11.0014,7,10,6,False,False,False,True,False,False,True,False,35
0,0,17.22,21.21,67,8.9981,8,10,6,False,False,False,True,False,False,True,False,62
0,0,16.4,20.455,71,8.9981,9,10,6,False,False,False,True,False,False,True,False,86
0,0,17.22,21.21,67,12.998,10,10,6,False,False,False,True,False,True,False,False,185
0,0,17.22,21.21,71,7.0015,11,10,6,False,False,False,True,False,True,False,False,336
0,0,17.22,21.21,71,0.0,12,10,6,False,False,False,True,False,True,False,False,392
0,0,18.04,21.97,72,6.0032,13,10,6,False,False,False,True,False,True,False,False,320
0,0,18.04,21.97,67,0.0,14,10,6,False,False,False,True,False,True,False,False,314
0,0,17.22,21.21,77,8.9981,15,10,6,False,False,False,True,False,False,True,False,306
0,0,16.4,20.455,82,11.0014,16,10,6,False,False,False,True,False,False,True,False,333
0,0,16.4,20.455,82,15.0013,17,10,6,False,False,False,True,False,False,True,False,157
0,0,16.4,20.455,82,12.998,18,10,6,False,False,False,True,False,False,True,False,106
0,0,16.4,20.455,82,7.0015,19,10,6,False,False,False,True,False,True,False,False,114
0,0,16.4,20.455,82,8.9981,20,10,6,False,False,False,True,True,False,False,False,116
0,0,15.58,19.695,87,7.0015,21,10,6,False,False,False,True,True,False,False,False,113
0,0,15.58,19.695,87,8.9981,22,10,6,False,False,False,True,True,False,False,False,79
0,0,14.76,17.425,93,8.9981,23,10,6,False,False,False,True,True,False,False,False,80
1,0,15.58,19.695,76,19.0012,0,10,0,False,False,False,True,True,False,False,False,51
1,0,13.94,16.665,87,11.0014,1,10,0,False,False,False,True,True,False,False,False,37
1,0,13.94,16.665,81,12.998,2,10,0,False,False,False,True,True,False,False,False,15
1,0,13.94,17.425,81,7.0015,3,10,0,False,False,False,True,True,False,False,False,10
1,0,13.12,16.665,87,8.9981,4,10,0,False,False,False,True,True,False,False,False,7
1,0,13.94,15.91,76,15.0013,5,10,0,False,False,False,True,True,False,False,False,19
1,0,13.94,17.425,76,7.0015,6,10,0,False,False,False,True,True,False,False,False,59
1,0,13.94,16.665,76,11.0014,7,10,0,False,False,False,True,False,True,False,False,154
1,0,14.76,17.425,71,15.0013,8,10,0,False,False,False,True,False,True,False,False,397
1,0,15.58,19.695,66,11.0014,9,10,0,False,False,False,True,False,True,False,False,332
1,0,15.58,19.695,68,8.9981,10,10,0,False,False,False,True,False,True,False,False,298
1,0,16.4,20.455,62,6.0032,11,10,0,False,False,False,True,False,True,False,False,308
1,0,17.22,21.21,63,11.0014,12,10,0,False,False,False,True,False,True,False,False,341
1,0,17.22,21.21,62,12.998,13,10,0,False,False,False,True,False,True,False,False,405
1,0,17.22,21.21,58,7.0015,14,10,0,False,False,False,True,False,True,False,False,420
1,0,17.22,21.21,58,12.998,15,10,0,False,False,False,True,False,False,True,False,370
1,0,17.22,21.21,58,12.998,16,10,0,False,False,False,True,False,False,True,False,377
1,0,17.22,21.21,66,16.9979,17,10,0,False,False,False,True,False,True,False,False,497
1,0,17.22,21.21,66,19.0012,18,10,0,False,False,False,True,False,True,False,False,456
1,0,16.4,20.455,71,16.9979,19,10,0,False,False,False,True,False,True,False,False,371
1,0,16.4,20.455,71,15.0013,20,10,0,False,False,False,True,False,False,True,False,227
1,0,16.4,20.455,76,15.0013,21,10,0,False,False,False,True,False,True,False,False,151
1,0,16.4,20.455,76,16.9979,22,10,0,False,False,False,True,False,False,True,False,107
1,0,16.4,20.455,71,15.0013,23,10,0,False,False,False,True,False,True,False,False,69
0,1,15.58,19.695,82,15.0013,0,10,1,False,False,False,True,False,True,False,False,31
0,1,14.76,17.425,87,15.0013,1,10,1,False,False,False,True,False,False,True,False,13
0,1,14.76,16.665,87,16.9979,2,10,1,False,False,False,True,False,False,True,False,7
0,1,14.76,16.665,87,19.0012,3,10,1,False,False,False,True,False,False,True,False,3
0,1,14.76,17.425,87,11.0014,4,10,1,False,False,False,True,False,False,True,False,7
0,1,15.58,19.695,82,12.998,5,10,1,False,False,False,True,False,True,False,False,19
0,1,15.58,19.695,82,16.9979,6,10,1,False,False,False,True,False,True,False,False,143
0,1,15.58,19.695,83,16.9979,7,10,1,False,False,False,True,True,False,False,False,362
0,1,17.22,21.21,80,12.998,8,10,1,False,False,False,True,False,True,False,False,713
0,1,17.22,21.21,77,15.0013,9,10,1,False,False,False,True,False,True,False,False,382
0,1,18.04,21.97,75,15.0013,10,10,1,False,False,False,True,False,True,False,False,164
0,1,19.68,23.485,69,12.998,11,10,1,False,False,False,True,False,True,False,False,193
0,1,19.68,23.485,69,12.998,12,10,1,False,False,False,True,False,True,False,False,260
0,1,20.5,24.24,67,8.9981,13,10,1,False,False,False,True,False,True,False,False,238
0,1,22.14,25.76,64,12.998,14,10,1,False,False,False,True,False,True,False,False,244
0,1,21.32,25.0,63,11.0014,15,10,1,False,False,False,True,False,True,False,False,254
0,1,20.5,24.24,72,11.0014,16,10,1,False,False,False,True,False,True,False,False,424
0,1,21.32,25.0,68,11.0014,17,10,1,False,False,False,True,False,True,False,False,806
0,1,20.5,24.24,72,15.0013,18,10,1,False,False,False,True,False,True,False,False,784
0,1,20.5,24.24,72,11.0014,19,10,1,False,False,False,True,False,True,False,False,514
0,1,20.5,24.24,72,11.0014,20,10,1,False,False,False,True,False,True,False,False,360
0,1,19.68,23.485,77,8.9981,21,10,1,False,False,False,True,False,True,False,False,225
0,1,19.68,23.485,77,6.0032,22,10,1,False,False,False,True,False,True,False,False,162
0,1,19.68,23.485,77,6.0032,23,10,1,False,False,False,True,False,True,False,False,84
0,1,18.86,22.725,88,6.0032,0,10,2,False,False,False,True,False,True,False,False,33
0,1,18.86,22.725,88,0.0,1,10,2,False,False,False,True,False,True,False,False,8
0,1,18.86,22.725,88,0.0,2,10,2,False,False,False,True,False,True,False,False,8
0,1,18.86,22.725,88,0.0,3,10,2,False,False,False,True,False,True,False,False,6
0,1,18.86,22.725,88,7.0015,4,10,2,False,False,False,True,False,True,False,False,6
0,1,18.86,22.725,88,6.0032,5,10,2,False,False,False,True,False,True,False,False,40
0,1,18.86,22.725,88,6.0032,6,10,2,False,False,False,True,False,True,False,False,175
0,1,18.86,22.725,82,7.0015,7,10,2,False,False,False,True,True,False,False,False,507
0,1,20.5,24.24,77,11.0014,8,10,2,False,False,False,True,True,False,False,False,839
0,1,22.14,25.76,60,19.0012,9,10,2,False,False,False,True,True,False,False,False,366
0,1,22.96,26.515,52,19.9995,10,10,2,False,False,False,True,True,False,False,False,217
0,1,22.14,25.76,52,12.998,11,10,2,False,False,False,True,True,False,False,False,291
0,1,22.14,25.76,56,15.0013,12,10,2,False,False,False,True,True,False,False,False,390
0,1,22.96,26.515,49,0.0,13,10,2,False,False,False,True,True,False,False,False,297
0,1,24.6,31.06,40,11.0014,14,10,2,False,False,False,True,True,False,False,False,271
0,1,24.6,31.06,40,11.0014,15,10,2,False,False,False,True,True,False,False,False,319
0,1,24.6,31.06,40,15.0013,16,10,2,False,False,False,True,True,False,False,False,566
0,1,23.78,27.275,43,15.0013,17,10,2,False,False,False,True,True,False,False,False,948
0,1,22.96,26.515,49,11.0014,18,10,2,False,False,False,True,False,True,False,False,844
0,1,22.96,26.515,46,39.0007,19,10,2,False,False,False,True,False,True,False,False,566
0,1,21.32,25.0,48,32.9975,20,10,2,False,False,False,True,True,False,False,False,392
0,1,20.5,24.24,51,23.9994,21,10,2,False,False,False,True,True,False,False,False,269
0,1,18.86,22.725,55,19.9995,22,10,2,False,False,False,True,True,False,False,False,197
0,1,18.04,21.97,58,12.998,23,10,2,False,False,False,True,True,False,False,False,136
0,1,18.04,21.97,51,8.9981,0,10,3,False,False,False,True,True,False,False,False,42
0,1,18.04,21.97,47,12.998,1,10,3,False,False,False,True,True,False,False,False,11
0,1,17.22,21.21,50,8.9981,2,10,3,False,False,False,True,True,False,False,False,11
0,1,17.22,21.21,47,19.9995,3,10,3,False,False,False,True,True,False,False,False,3
0,1,16.4,20.455,50,16.9979,4,10,3,False,False,False,True,True,False,False,False,10
0,1,14.76,17.425,50,11.0014,5,10,3,False,False,False,True,True,False,False,False,42
0,1,14.76,17.425,50,11.0014,6,10,3,False,False,False,True,True,False,False,False,159
0,1,14.76,16.665,50,16.9979,7,10,3,False,False,False,True,True,False,False,False,478
0,1,15.58,19.695,46,26.0027,8,10,3,False,False,False,True,True,False,False,False,798
0,1,16.4,20.455,43,26.0027,9,10,3,False,False,False,True,True,False,False,False,355
0,1,18.04,21.97,41,23.9994,10,10,3,False,False,False,True,True,False,False,False,204
0,1,18.86,22.725,36,0.0,11,10,3,False,False,False,True,True,False,False,False,251
0,1,18.86,22.725,36,0.0,12,10,3,False,False,False,True,True,False,False,False,326
0,1,20.5,24.24,31,7.0015,13,10,3,False,False,False,True,True,False,False,False,291
0,1,21.32,25.0,32,6.0032,14,10,3,False,False,False,True,True,False,False,False,348
0,1,21.32,25.0,34,11.0014,15,10,3,False,False,False,True,True,False,False,False,460
0,1,20.5,24.24,36,8.9981,16,10,3,False,False,False,True,True,False,False,False,481
0,1,20.5,24.24,39,19.0012,17,10,3,False,False,False,True,True,False,False,False,827
0,1,18.86,22.725,44,11.0014,18,10,3,False,False,False,True,True,False,False,False,692
0,1,18.04,21.97,51,8.9981,19,10,3,False,False,False,True,True,False,False,False,743
0,1,17.22,21.21,62,11.0014,20,10,3,False,False,False,True,True,False,False,False,415
0,1,17.22,21.21,62,8.9981,21,10,3,False,False,False,True,True,False,False,False,260
0,1,16.4,20.455,66,11.0014,22,10,3,False,False,False,True,True,False,False,False,177
0,1,17.22,21.21,58,6.0032,23,10,3,False,False,False,True,True,False,False,False,186
0,1,16.4,20.455,66,7.0015,0,10,4,False,False,False,True,True,False,False,False,68
0,1,16.4,20.455,66,6.0032,1,10,4,False,False,False,True,True,False,False,False,37
0,1,16.4,20.455,66,6.0032,2,10,4,False,False,False,True,True,False,False,False,16
0,1,14.76,18.18,76,6.0032,3,10,4,False,False,False,True,True,False,False,False,6
0,1,14.76,18.18,76,7.0015,4,10,4,False,False,False,True,True,False,False,False,8
0,1,14.76,18.18,81,6.0032,5,10,4,False,False,False,True,True,False,False,False,35
0,1,13.94,17.425,81,6.0032,6,10,4,False,False,False,True,True,False,False,False,143
0,1,14.76,18.18,81,6.0032,7,10,4,False,False,False,True,True,False,False,False,392
0,1,17.22,21.21,71,6.0032,8,10,4,False,False,False,True,True,False,False,False,745
0,1,20.5,24.24,39,19.9995,9,10,4,False,False,False,True,True,False,False,False,400
0,1,21.32,25.0,36,19.9995,10,10,4,False,False,False,True,True,False,False,False,275
0,1,22.14,25.76,37,23.9994,11,10,4,False,False,False,True,True,False,False,False,313
0,1,22.14,25.76,39,31.0009,12,10,4,False,False,False,True,True,False,False,False,387
0,1,22.96,26.515,37,26.0027,13,10,4,False,False,False,True,True,False,False,False,381
0,1,22.96,26.515,37,31.0009,14,10,4,False,False,False,True,True,False,False,False,371
0,1,21.32,25.0,42,30.0026,15,10,4,False,False,False,True,True,False,False,False,455
0,1,18.86,22.725,41,23.9994,16,10,4,False,False,False,True,True,False,False,False,520
0,1,18.86,22.725,38,26.0027,17,10,4,False,False,False,True,True,False,False,False,837
0,1,18.04,21.97,38,19.9995,18,10,4,False,False,False,True,True,False,False,False,642
0,1,17.22,21.21,41,15.0013,19,10,4,False,False,False,True,True,False,False,False,493
0,1,17.22,21.21,47,8.9981,20,10,4,False,False,False,True,True,False,False,False,308
0,1,16.4,20.455,54,12.998,21,10,4,False,False,False,True,True,False,False,False,190
0,1,16.4,20.455,47,19.9995,22,10,4,False,False,False,True,True,False,False,False,160
0,1,14.76,17.425,57,12.998,23,10,4,False,False,False,True,True,False,False,False,100
0,0,14.76,18.18,57,6.0032,0,10,5,False,False,False,True,True,False,False,False,249
0,0,13.94,16.665,53,8.9981,1,10,5,False,False,False,True,True,False,False,False,146
0,0,13.94,16.665,53,12.998,2,10,5,False,False,False,True,True,False,False,False,67
0,0,13.12,15.15,66,15.0013,3,10,5,False,False,False,True,True,False,False,False,15
0,0,12.3,15.15,65,11.0014,4,10,5,False,False,False,True,True,False,False,False,11
0,0,12.3,14.395,61,12.998,5,10,5,False,False,False,True,True,False,False,False,11
0,0,12.3,14.395,61,12.998,6,10,5,False,False,False,True,True,False,False,False,28
0,0,12.3,15.15,61,11.0014,7,10,5,False,False,False,True,True,False,False,False,70
0,0,13.94,17.425,53,7.0015,8,10,5,False,False,False,True,True,False,False,False,174
0,0,14.76,18.18,50,6.0032,9,10,5,False,False,False,True,True,False,False,False,266
0,0,16.4,20.455,43,0.0,10,10,5,False,False,False,True,True,False,False,False,347
0,0,17.22,21.21,35,8.9981,11,10,5,False,False,False,True,True,False,False,False,527
0,0,18.04,21.97,35,0.0,12,10,5,False,False,False,True,True,False,False,False,573
0,0,18.86,22.725,36,12.998,13,10,5,False,False,False,True,True,False,False,False,670
0,0,19.68,23.485,33,12.998,14,10,5,False,False,False,True,True,False,False,False,597
0,0,20.5,24.24,36,12.998,15,10,5,False,False,False,True,True,False,False,False,615
0,0,20.5,24.24,31,12.998,16,10,5,False,False,False,True,True,False,False,False,637
0,0,18.86,22.725,38,11.0014,17,10,5,False,False,False,True,True,False,False,False,528
0,0,18.86,22.725,44,8.9981,18,10,5,False,False,False,True,True,False,False,False,473
0,0,18.04,21.97,44,11.0014,19,10,5,False,False,False,True,True,False,False,False,332
0,0,16.4,20.455,54,6.0032,20,10,5,False,False,False,True,True,False,False,False,255
0,0,16.4,20.455,58,12.998,21,10,5,False,False,False,True,True,False,False,False,204
0,0,16.4,20.455,62,0.0,22,10,5,False,False,False,True,True,False,False,False,189
0,0,17.22,21.21,58,19.9995,23,10,5,False,False,False,True,True,False,False,False,125
0,0,16.4,20.455,71,16.9979,0,10,6,False,False,False,True,True,False,False,False,111
0,0,17.22,21.21,77,19.0012,1,10,6,False,False,False,True,True,False,False,False,112
0,0,16.4,20.455,76,6.0032,2,10,6,False,False,False,True,True,False,False,False,66
0,0,17.22,21.21,77,19.9995,3,10,6,False,False,False,True,True,False,False,False,28
0,0,17.22,21.21,77,19.0012,4,10,6,False,False,False,True,True,False,False,False,12
0,0,16.4,20.455,82,12.998,5,10,6,False,False,False,True,True,False,False,False,11
0,0,16.4,20.455,82,11.0014,6,10,6,False,False,False,True,True,False,False,False,24
0,0,17.22,21.21,82,15.0013,7,10,6,False,False,False,True,True,False,False,False,51
0,0,18.04,21.97,77,12.998,8,10,6,False,False,False,True,True,False,False,False,132
0,0,19.68,23.485,67,19.0012,9,10,6,False,False,False,True,False,True,False,False,223
0,0,22.14,25.76,56,12.998,10,10,6,False,False,False,True,True,False,False,False,428
0,0,22.96,26.515,52,19.9995,11,10,6,False,False,False,True,True,False,False,False,494
0,0,25.42,31.06,46,22.0028,12,10,6,False,False,False,True,True,False,False,False,562
0,0,26.24,31.06,41,30.0026,13,10,6,False,False,False,True,True,False,False,False,619
0,0,27.06,31.06,39,27.9993,14,10,6,False,False,False,True,True,False,False,False,617
0,0,27.06,31.06,39,27.9993,15,10,6,False,False,False,True,True,False,False,False,568
0,0,26.24,31.06,41,19.9995,16,10,6,False,False,False,True,True,False,False,False,581
0,0,26.24,31.06,44,12.998,17,10,6,False,False,False,True,True,False,False,False,539
0,0,23.78,27.275,60,16.9979,18,10,6,False,False,False,True,True,False,False,False,453
0,0,22.96,26.515,64,15.0013,19,10,6,False,False,False,True,True,False,False,False,336
0,0,22.14,25.76,73,15.0013,20,10,6,False,False,False,True,True,False,False,False,246
0,0,22.96,26.515,73,30.0026,21,10,6,False,False,False,True,True,False,False,False,196
0,0,22.96,26.515,73,26.0027,22,10,6,False,False,False,True,True,False,False,False,125
0,0,22.96,26.515,68,19.0012,23,10,6,False,False,False,True,False,True,False,False,105
0,1,22.96,26.515,73,16.9979,0,10,0,False,False,False,True,False,True,False,False,48
0,1,23.78,27.275,64,26.0027,1,10,0,False,False,False,True,False,True,False,False,29
0,1,23.78,27.275,64,23.9994,2,10,0,False,False,False,True,False,True,False,False,6
0,1,22.96,26.515,73,16.9979,3,10,0,False,False,False,True,False,True,False,False,4
0,1,22.96,26.515,68,15.0013,4,10,0,False,False,False,True,False,True,False,False,10
0,1,22.96,26.515,73,19.0012,5,10,0,False,False,False,True,False,True,False,False,40
0,1,22.96,26.515,73,19.9995,6,10,0,False,False,False,True,False,True,False,False,147
0,1,23.78,27.275,68,22.0028,7,10,0,False,False,False,True,False,True,False,False,476
0,1,24.6,30.305,64,26.0027,8,10,0,False,False,False,True,False,True,False,False,737
0,1,24.6,29.545,69,26.0027,9,10,0,False,False,False,True,False,False,True,False,359
0,1,24.6,29.545,73,26.0027,10,10,0,False,False,False,True,False,True,False,False,168
0,1,24.6,29.545,73,26.0027,11,10,0,False,False,False,True,False,True,False,False,263
0,1,24.6,28.79,78,22.0028,12,10,0,False,False,False,True,False,False,True,False,284
0,1,22.96,26.515,88,15.0013,13,10,0,False,False,False,True,False,True,False,False,146
0,1,24.6,28.79,78,19.0012,14,10,0,False,False,False,True,False,True,False,False,185
0,1,24.6,28.79,78,22.0028,15,10,0,False,False,False,True,True,False,False,False,260
0,1,22.96,26.515,64,19.9995,16,10,0,False,False,False,True,True,False,False,False,447
0,1,22.96,26.515,64,16.9979,17,10,0,False,False,False,True,True,False,False,False,766
0,1,22.14,25.76,77,8.9981,18,10,0,False,False,False,True,False,False,True,False,592
0,1,21.32,25.0,83,6.0032,19,10,0,False,False,False,True,False,False,True,False,239
0,1,21.32,25.0,72,26.0027,20,10,0,False,False,False,True,False,True,False,False,256
0,1,21.32,25.0,59,22.0028,21,10,0,False,False,False,True,True,False,False,False,206
0,1,20.5,24.24,59,19.0012,22,10,0,False,False,False,True,True,False,False,False,126
0,1,18.86,22.725,63,15.0013,23,10,0,False,False,False,True,True,False,False,False,81
0,1,18.86,22.725,63,26.0027,0,10,1,False,False,False,True,True,False,False,False,48
0,1,18.04,21.97,67,12.998,1,10,1,False,False,False,True,True,False,False,False,13
0,1,18.04,21.97,67,8.9981,2,10,1,False,False,False,True,True,False,False,False,3
0,1,17.22,21.21,67,7.0015,3,10,1,False,False,False,True,True,False,False,False,2
0,1,17.22,21.21,67,11.0014,4,10,1,False,False,False,True,True,False,False,False,7
0,1,17.22,21.21,67,16.9979,5,10,1,False,False,False,True,True,False,False,False,52
0,1,17.22,21.21,67,11.0014,6,10,1,False,False,False,True,True,False,False,False,172
0,1,17.22,21.21,67,6.0032,7,10,1,False,False,False,True,True,False,False,False,525
0,1,18.04,21.97,62,0.0,8,10,1,False,False,False,True,True,False,False,False,835
0,1,19.68,23.485,55,16.9979,9,10,1,False,False,False,True,True,False,False,False,355
0,1,20.5,24.24,48,19.0012,10,10,1,False,False,False,True,True,False,False,False,222
0,1,20.5,24.24,45,27.9993,11,10,1,False,False,False,True,True,False,False,False,228
0,1,21.32,25.0,45,22.0028,12,10,1,False,False,False,True,False,True,False,False,325
0,1,21.32,25.0,45,19.0012,13,10,1,False,False,False,True,True,False,False,False,328
0,1,22.14,25.76,39,16.9979,14,10,1,False,False,False,True,True,False,False,False,308
0,1,22.14,25.76,41,22.0028,15,10,1,False,False,False,True,True,False,False,False,346
0,1,22.14,25.76,39,19.0012,16,10,1,False,False,False,True,True,False,False,False,446
0,1,21.32,25.0,39,12.998,17,10,1,False,False,False,True,True,False,False,False,943
0,1,20.5,24.24,42,11.0014,18,10,1,False,False,False,True,True,False,False,False,838
0,1,19.68,23.485,48,0.0,19,10,1,False,False,False,True,True,False,False,False,531
0,1,18.86,22.725,55,0.0,20,10,1,False,False,False,True,True,False,False,False,432
0,1,18.86,22.725,63,0.0,21,10,1,False,False,False,True,True,False,False,False,195
0,1,16.4,20.455,71,6.0032,22,10,1,False,False,False,True,True,False,False,False,181
0,1,16.4,20.455,71,0.0,23,10,1,False,False,False,True,True,False,False,False,199
0,1,15.58,19.695,76,0.0,0,10,2,False,False,False,True,True,False,False,False,49
0,1,15.58,19.695,76,0.0,1,10,2,False,False,False,True,True,False,False,False,17
0,1,15.58,19.695,76,0.0,2,10,2,False,False,False,True,True,False,False,False,16
0,1,14.76,18.94,87,0.0,3,10,2,False,False,False,True,True,False,False,False,7
0,1,14.76,18.18,81,6.0032,4,10,2,False,False,False,True,True,False,False,False,4
0,1,14.76,18.94,81,0.0,5,10,2,False,False,False,True,False,True,False,False,41
0,1,15.58,19.695,82,0.0,6,10,2,False,False,False,True,True,False,False,False,178
0,1,14.76,18.18,81,7.0015,7,10,2,False,False,False,True,True,False,False,False,464
0,1,16.4,20.455,76,0.0,8,10,2,False,False,False,True,False,True,False,False,817
0,1,17.22,21.21,77,0.0,9,10,2,False,False,False,True,False,True,False,False,382
0,1,18.86,22.725,67,0.0,10,10,2,False,False,False,True,False,True,False,False,228
0,1,20.5,24.24,51,6.0032,11,10,2,False,False,False,True,False,True,False,False,234
0,1,21.32,25.0,48,11.0014,12,10,2,False,False,False,True,False,True,False,False,332
0,1,22.14,25.76,49,8.9981,13,10,2,False,False,False,True,False,True,False,False,310
0,1,22.96,26.515,43,11.0014,14,10,2,False,False,False,True,False,True,False,False,270
0,1,23.78,27.275,43,15.0013,15,10,2,False,False,False,True,False,True,False,False,301
0,1,22.96,26.515,52,12.998,16,10,2,False,False,False,True,True,False,False,False,466
0,1,22.14,25.76,56,7.0015,17,10,2,False,False,False,True,True,False,False,False,888
0,1,21.32,25.0,59,11.0014,18,10,2,False,False,False,True,True,False,False,False,884
0,1,20.5,24.24,72,12.998,19,10,2,False,False,False,True,True,False,False,False,516
0,1,20.5,24.24,72,8.9981,20,10,2,False,False,False,True,True,False,False,False,414
0,1,18.86,22.725,82,12.998,21,10,2,False,False,False,True,True,False,False,False,329
0,1,18.86,22.725,88,16.9979,22,10,2,False,False,False,True,True,False,False,False,215
0,1,18.86,22.725,88,15.0013,23,10,2,False,False,False,True,True,False,False,False,99
0,1,18.86,22.725,88,12.998,0,10,3,False,False,False,True,True,False,False,False,57
0,1,18.86,22.725,82,15.0013,1,10,3,False,False,False,True,True,False,False,False,14
0,1,18.86,22.725,82,12.998,2,10,3,False,False,False,True,True,False,False,False,14
0,1,18.04,21.97,88,15.0013,3,10,3,False,False,False,True,True,False,False,False,5
0,1,18.04,21.97,88,15.0013,4,10,3,False,False,False,True,True,False,False,False,5
0,1,18.04,21.97,82,15.0013,5,10,3,False,False,False,True,True,False,False,False,42
0,1,18.04,21.97,88,19.9995,6,10,3,False,False,False,True,True,False,False,False,153
0,1,18.04,21.97,88,16.9979,7,10,3,False,False,False,True,True,False,False,False,508
0,1,18.86,22.725,82,16.9979,8,10,3,False,False,False,True,True,False,False,False,834
0,1,20.5,24.24,77,11.0014,9,10,3,False,False,False,True,False,True,False,False,387
0,1,21.32,25.0,68,15.0013,10,10,3,False,False,False,True,False,True,False,False,218
0,1,22.96,26.515,56,15.0013,11,10,3,False,False,False,True,False,True,False,False,268
0,1,24.6,31.06,53,16.9979,12,10,3,False,False,False,True,False,True,False,False,377
0,1,25.42,31.06,53,23.9994,13,10,3,False,False,False,True,True,False,False,False,332
0,1,25.42,31.06,50,19.9995,14,10,3,False,False,False,True,False,True,False,False,285
0,1,24.6,30.305,60,12.998,15,10,3,False,False,False,True,False,True,False,False,353
0,1,24.6,31.06,56,19.0012,16,10,3,False,False,False,True,True,False,False,False,450
0,1,23.78,27.275,64,22.0028,17,10,3,False,False,False,True,False,True,False,False,890
0,1,22.96,26.515,64,22.0028,18,10,3,False,False,False,True,False,True,False,False,788
0,1,22.96,26.515,68,19.9995,19,10,3,False,False,False,True,False,True,False,False,513
0,1,22.96,26.515,68,16.9979,20,10,3,False,False,False,True,False,True,False,False,387
0,1,22.14,25.76,77,12.998,21,10,3,False,False,False,True,False,True,False,False,283
0,1,22.14,25.76,83,12.998,22,10,3,False,False,False,True,False,True,False,False,229
0,1,22.14,25.76,83,0.0,23,10,3,False,False,False,True,False,True,False,False,117
0,1,22.96,26.515,83,7.0015,0,10,4,False,False,False,True,False,True,False,False,56
0,1,22.14,25.76,88,0.0,1,10,4,False,False,False,True,False,False,True,False,16
0,1,22.14,25.76,88,0.0,2,10,4,False,False,False,True,False,True,False,False,10
0,1,22.96,26.515,83,0.0,3,10,4,False,False,False,True,False,True,False,False,5
0,1,22.96,26.515,83,0.0,4,10,4,False,False,False,True,False,True,False,False,6
0,1,22.14,25.76,88,0.0,5,10,4,False,False,False,True,False,True,False,False,36
0,1,22.14,25.76,94,11.0014,6,10,4,False,False,False,True,False,False,True,False,131
0,1,22.14,25.76,94,0.0,7,10,4,False,False,False,True,False,False,True,False,154
0,1,22.14,25.76,94,7.0015,8,10,4,False,False,False,True,False,True,False,False,467
0,1,22.14,25.76,94,7.0015,9,10,4,False,False,False,True,False,True,False,False,389
0,1,23.78,27.275,88,12.998,10,10,4,False,False,False,True,False,True,False,False,224
0,1,24.6,28.03,83,12.998,11,10,4,False,False,False,True,True,False,False,False,252
0,1,26.24,30.305,69,15.0013,12,10,4,False,False,False,True,True,False,False,False,332
0,1,25.42,29.545,73,15.0013,13,10,4,False,False,False,True,True,False,False,False,375
0,1,27.06,31.06,61,16.9979,14,10,4,False,False,False,True,True,False,False,False,365
0,1,26.24,30.305,65,19.9995,15,10,4,False,False,False,True,True,False,False,False,395
0,1,25.42,30.305,69,23.9994,16,10,4,False,False,False,True,False,False,True,False,565
0,1,25.42,30.305,69,23.9994,17,10,4,False,False,False,True,False,False,True,False,425
0,1,22.96,26.515,83,7.0015,18,10,4,False,False,False,True,True,False,False,False,233
0,1,22.14,25.76,88,11.0014,19,10,4,False,False,False,True,True,False,False,False,232
0,1,21.32,25.0,77,12.998,20,10,4,False,False,False,True,True,False,False,False,229
0,1,20.5,24.24,77,0.0,21,10,4,False,False,False,True,True,False,False,False,206
0,1,20.5,24.24,77,6.0032,22,10,4,False,False,False,True,True,False,False,False,190
0,1,18.86,22.725,88,7.0015,23,10,4,False,False,False,True,True,False,False,False,131
0,1,14.76,18.18,57,6.0032,0,11,3,False,False,False,True,True,False,False,False,60
0,1,12.3,15.91,75,7.0015,1,11,3,False,False,False,True,True,False,False,False,30
0,1,13.12,16.665,66,8.9981,2,11,3,False,False,False,True,True,False,False,False,20
0,1,13.94,16.665,61,8.9981,3,11,3,False,False,False,True,True,False,False,False,15
0,1,13.94,17.425,66,7.0015,4,11,3,False,False,False,True,False,True,False,False,10
0,1,13.94,16.665,66,8.9981,5,11,3,False,False,False,True,True,False,False,False,40
0,1,13.94,16.665,61,11.0014,6,11,3,False,False,False,True,True,False,False,False,148
0,1,14.76,17.425,57,11.0014,7,11,3,False,False,False,True,False,True,False,False,420
0,1,14.76,18.94,56,7.0015,8,11,3,False,False,False,True,False,True,False,False,680
0,1,14.76,18.18,57,7.0015,9,11,3,False,False,False,True,False,False,True,False,331
0,1,14.76,17.425,62,12.998,10,11,3,False,False,False,True,False,False,True,False,146
0,1,14.76,17.425,62,12.998,11,11,3,False,False,False,True,False,False,True,False,170
0,1,15.58,19.695,62,11.0014,12,11,3,False,False,False,True,False,False,True,False,221
0,1,16.4,20.455,58,11.0014,13,11,3,False,False,False,True,False,True,False,False,248
0,1,16.4,20.455,50,15.0013,14,11,3,False,False,False,True,False,True,False,False,185
0,1,16.4,20.455,54,11.0014,15,11,3,False,False,False,True,False,True,False,False,214
0,1,16.4,20.455,54,11.0014,16,11,3,False,False,False,True,False,True,False,False,344
0,1,16.4,20.455,50,15.0013,17,11,3,False,False,False,True,False,False,True,False,689
0,1,16.4,20.455,50,11.0014,18,11,3,False,False,False,True,False,True,False,False,678
0,1,16.4,20.455,50,11.0014,19,11,3,False,False,False,True,False,True,False,False,452
0,1,15.58,19.695,54,16.9979,20,11,3,False,False,False,True,False,True,False,False,296
0,1,15.58,19.695,54,8.9981,21,11,3,False,False,False,True,False,True,False,False,267
0,1,14.76,17.425,57,11.0014,22,11,3,False,False,False,True,True,False,False,False,202
0,1,13.94,16.665,57,11.0014,23,11,3,False,False,False,True,True,False,False,False,120
0,1,13.94,16.665,57,11.0014,0,11,4,False,False,False,True,True,False,False,False,50
0,1,13.12,15.91,66,11.0014,1,11,4,False,False,False,True,True,False,False,False,24
0,1,13.12,15.91,66,11.0014,2,11,4,False,False,False,True,True,False,False,False,10
0,1,12.3,15.15,70,11.0014,3,11,4,False,False,False,True,True,False,False,False,3
0,1,12.3,15.91,70,7.0015,4,11,4,False,False,False,True,True,False,False,False,7
0,1,13.12,15.91,66,11.0014,5,11,4,False,False,False,True,False,True,False,False,26
0,1,12.3,15.15,70,11.0014,6,11,4,False,False,False,True,True,False,False,False,122
0,1,12.3,15.15,70,8.9981,7,11,4,False,False,False,True,False,True,False,False,357
0,1,13.12,16.665,57,7.0015,8,11,4,False,False,False,True,True,False,False,False,687
0,1,13.94,17.425,53,7.0015,9,11,4,False,False,False,True,True,False,False,False,382
0,1,15.58,19.695,46,19.9995,10,11,4,False,False,False,True,True,False,False,False,204
0,1,17.22,21.21,41,27.9993,11,11,4,False,False,False,True,True,False,False,False,221
0,1,17.22,21.21,41,23.9994,12,11,4,False,False,False,True,True,False,False,False,292
0,1,16.4,20.455,43,23.9994,13,11,4,False,False,False,True,True,False,False,False,294
0,1,16.4,20.455,40,32.9975,14,11,4,False,False,False,True,False,True,False,False,262
0,1,16.4,20.455,40,27.9993,15,11,4,False,False,False,True,False,True,False,False,306
0,1,15.58,19.695,40,22.0028,16,11,4,False,False,False,True,True,False,False,False,421
0,1,15.58,19.695,40,22.0028,17,11,4,False,False,False,True,True,False,False,False,638
0,1,15.58,19.695,43,22.0028,18,11,4,False,False,False,True,False,True,False,False,522
0,1,15.58,19.695,43,19.9995,19,11,4,False,False,False,True,False,True,False,False,374
0,1,14.76,16.665,46,27.9993,20,11,4,False,False,False,True,False,True,False,False,221
0,1,14.76,16.665,46,23.9994,21,11,4,False,False,False,True,False,True,False,False,156
0,1,14.76,16.665,46,16.9979,22,11,4,False,False,False,True,True,False,False,False,149
0,1,13.94,15.15,53,19.9995,23,11,4,False,False,False,True,True,False,False,False,119
0,0,13.94,16.665,53,11.0014,0,11,5,False,False,False,True,True,False,False,False,108
0,0,13.94,15.15,49,22.0028,1,11,5,False,False,False,True,False,True,False,False,89
0,0,13.94,15.91,49,16.9979,2,11,5,False,False,False,True,False,True,False,False,46
0,0,13.94,15.91,49,16.9979,3,11,5,False,False,False,True,False,True,False,False,28
0,0,13.12,15.15,49,19.9995,4,11,5,False,False,False,True,False,True,False,False,16
0,0,13.12,15.15,49,16.9979,5,11,5,False,False,False,True,False,True,False,False,9
0,0,13.12,15.91,49,12.998,6,11,5,False,False,False,True,False,True,False,False,21
0,0,13.12,15.15,49,16.9979,7,11,5,False,False,False,True,False,True,False,False,59
0,0,13.94,15.15,46,19.9995,8,11,5,False,False,False,True,False,True,False,False,142
0,0,13.94,15.15,49,19.9995,9,11,5,False,False,False,True,False,True,False,False,219
0,0,14.76,16.665,46,26.0027,10,11,5,False,False,False,True,True,False,False,False,328
0,0,14.76,16.665,46,26.0027,11,11,5,False,False,False,True,False,True,False,False,340
0,0,14.76,15.91,46,31.0009,12,11,5,False,False,False,True,False,True,False,False,394
0,0,14.76,16.665,46,23.9994,13,11,5,False,False,False,True,False,True,False,False,449
0,0,14.76,16.665,50,22.0028,14,11,5,False,False,False,True,False,True,False,False,455
0,0,14.76,15.91,46,30.0026,15,11,5,False,False,False,True,False,True,False,False,448
0,0,14.76,16.665,46,22.0028,16,11,5,False,False,False,True,False,True,False,False,400
0,0,14.76,16.665,46,19.9995,17,11,5,False,False,False,True,False,True,False,False,410
0,0,14.76,16.665,46,19.0012,18,11,5,False,False,False,True,False,True,False,False,297
0,0,14.76,17.425,50,11.0014,19,11,5,False,False,False,True,True,False,False,False,239
0,0,13.94,16.665,53,8.9981,20,11,5,False,False,False,True,True,False,False,False,181
0,0,13.94,17.425,53,7.0015,21,11,5,False,False,False,True,True,False,False,False,166
0,0,13.12,16.665,57,7.0015,22,11,5,False,False,False,True,True,False,False,False,146
0,0,13.12,16.665,57,7.0015,23,11,5,False,False,False,True,True,False,False,False,148
0,0,12.3,15.91,61,7.0015,0,11,6,False,False,False,True,True,False,False,False,102
0,0,10.66,14.395,81,6.0032,1,11,6,False,False,False,True,True,False,False,False,165
0,0,12.3,16.665,65,0.0,2,11,6,False,False,False,True,True,False,False,False,37
0,0,11.48,14.395,61,7.0015,3,11,6,False,False,False,True,True,False,False,False,11
0,0,10.66,13.635,65,8.9981,4,11,6,False,False,False,True,True,False,False,False,9
0,0,10.66,13.635,65,7.0015,5,11,6,False,False,False,True,True,False,False,False,5
0,0,11.48,14.395,61,8.9981,6,11,6,False,False,False,True,True,False,False,False,16
0,0,10.66,13.635,65,7.0015,7,11,6,False,False,False,True,True,False,False,False,50
0,0,12.3,15.15,56,8.9981,8,11,6,False,False,False,True,True,False,False,False,149
0,0,13.12,16.665,53,0.0,9,11,6,False,False,False,True,True,False,False,False,217
0,0,13.94,16.665,49,12.998,10,11,6,False,False,False,True,True,False,False,False,360
0,0,15.58,19.695,46,15.0013,11,11,6,False,False,False,True,True,False,False,False,445
0,0,15.58,19.695,46,15.0013,12,11,6,False,False,False,True,True,False,False,False,504
0,0,16.4,20.455,43,15.0013,13,11,6,False,False,False,True,True,False,False,False,493
0,0,16.4,20.455,40,12.998,14,11,6,False,False,False,True,True,False,False,False,509
0,0,16.4,20.455,40,15.0013,15,11,6,False,False,False,True,True,False,False,False,449
0,0,16.4,20.455,40,22.0028,16,11,6,False,False,False,True,True,False,False,False,435
0,0,14.76,17.425,43,12.998,17,11,6,False,False,False,True,True,False,False,False,327
0,0,14.76,17.425,43,15.0013,18,11,6,False,False,False,True,True,False,False,False,237
0,0,14.76,16.665,43,16.9979,19,11,6,False,False,False,True,True,False,False,False,227
0,0,13.12,14.395,53,23.9994,20,11,6,False,False,False,True,True,False,False,False,141
0,0,12.3,13.635,52,19.9995,21,11,6,False,False,False,True,True,False,False,False,87
0,0,12.3,14.395,52,19.0012,22,11,6,False,False,False,True,True,False,False,False,79
0,0,12.3,15.15,56,11.0014,23,11,6,False,False,False,True,False,True,False,False,53
0,1,12.3,14.395,56,12.998,0,11,0,False,False,False,True,False,True,False,False,23
0,1,12.3,15.15,56,11.0014,1,11,0,False,False,False,True,False,True,False,False,8
0,1,12.3,15.15,56,11.0014,2,11,0,False,False,False,True,False,True,False,False,6
0,1,12.3,14.395,56,15.0013,3,11,0,False,False,False,True,False,True,False,False,4
0,1,12.3,14.395,52,16.9979,4,11,0,False,False,False,True,False,True,False,False,16
0,1,12.3,13.635,52,22.0028,5,11,0,False,False,False,True,False,True,False,False,39
0,1,12.3,14.395,49,19.0012,6,11,0,False,False,False,True,False,True,False,False,139
0,1,12.3,14.395,49,16.9979,7,11,0,False,False,False,True,False,True,False,False,461
0,1,12.3,14.395,49,15.0013,8,11,0,False,False,False,True,False,True,False,False,648
0,1,12.3,14.395,52,19.0012,9,11,0,False,False,False,True,False,True,False,False,257
0,1,13.12,15.15,49,19.0012,10,11,0,False,False,False,True,True,False,False,False,142
0,1,13.94,15.91,46,15.0013,11,11,0,False,False,False,True,True,False,False,False,150
0,1,14.76,16.665,43,22.0028,12,11,0,False,False,False,True,True,False,False,False,244
0,1,14.76,16.665,40,16.9979,13,11,0,False,False,False,True,True,False,False,False,222
0,1,15.58,19.695,40,11.0014,14,11,0,False,False,False,True,True,False,False,False,196
0,1,15.58,19.695,40,19.0012,15,11,0,False,False,False,True,True,False,False,False,231
0,1,14.76,16.665,43,19.0012,16,11,0,False,False,False,True,True,False,False,False,360
0,1,13.94,15.91,46,15.0013,17,11,0,False,False,False,True,True,False,False,False,638
0,1,13.94,15.91,46,15.0013,18,11,0,False,False,False,True,True,False,False,False,542
0,1,13.12,15.91,49,11.0014,19,11,0,False,False,False,True,True,False,False,False,372
0,1,13.12,15.15,49,16.9979,20,11,0,False,False,False,True,True,False,False,False,241
0,1,12.3,14.395,52,19.0012,21,11,0,False,False,False,True,True,False,False,False,152
0,1,11.48,13.635,56,12.998,22,11,0,False,False,False,True,True,False,False,False,115
0,1,10.66,13.635,60,8.9981,23,11,0,False,False,False,True,True,False,False,False,53
0,1,9.84,12.88,60,7.0015,0,11,1,False,False,False,True,True,False,False,False,19
0,1,9.84,12.12,60,11.0014,1,11,1,False,False,False,True,True,False,False,False,8
0,1,9.84,12.88,65,6.0032,2,11,1,False,False,False,True,True,False,False,False,2
0,1,9.02,12.12,64,7.0015,3,11,1,False,False,False,True,True,False,False,False,4
0,1,9.02,12.88,69,6.0032,4,11,1,False,False,False,True,True,False,False,False,7
0,1,9.02,11.365,64,12.998,5,11,1,False,False,False,True,False,True,False,False,41
0,1,9.02,11.365,69,8.9981,6,11,1,False,False,False,True,True,False,False,False,149
0,1,8.2,10.605,69,11.0014,7,11,1,False,False,False,True,True,False,False,False,387
0,1,9.02,11.365,69,11.0014,8,11,1,False,False,False,True,True,False,False,False,588
0,1,10.66,12.88,60,11.0014,9,11,1,False,False,False,True,True,False,False,False,363
0,1,12.3,14.395,49,12.998,10,11,1,False,False,False,True,True,False,False,False,230
0,1,13.12,16.665,45,8.9981,11,11,1,False,False,False,True,True,False,False,False,216
0,1,13.12,16.665,45,8.9981,12,11,1,False,False,False,True,True,False,False,False,248
0,1,13.94,16.665,46,8.9981,13,11,1,False,False,False,True,True,False,False,False,278
0,1,14.76,18.18,40,7.0015,14,11,1,False,False,False,True,True,False,False,False,240
0,1,13.94,15.91,46,16.9979,15,11,1,False,False,False,True,True,False,False,False,272
0,1,13.94,16.665,46,11.0014,16,11,1,False,False,False,True,True,False,False,False,402
0,1,13.12,15.15,53,15.0013,17,11,1,False,False,False,True,True,False,False,False,627
0,1,13.12,15.15,57,19.9995,18,11,1,False,False,False,True,True,False,False,False,497
0,1,12.3,14.395,56,15.0013,19,11,1,False,False,False,True,True,False,False,False,371
0,1,12.3,14.395,61,15.0013,20,11,1,False,False,False,True,True,False,False,False,228
0,1,12.3,14.395,56,16.9979,21,11,1,False,False,False,True,False,True,False,False,151
0,1,12.3,14.395,56,15.0013,22,11,1,False,False,False,True,False,True,False,False,153
0,1,12.3,14.395,56,15.0013,23,11,1,False,False,False,True,True,False,False,False,205
0,1,12.3,14.395,56,19.0012,0,11,2,False,False,False,True,False,True,False,False,283
0,1,11.48,13.635,61,16.9979,1,11,2,False,False,False,True,False,True,False,False,92
0,1,11.48,12.88,56,19.9995,2,11,2,False,False,False,True,False,True,False,False,74
0,1,11.48,12.88,52,22.0028,3,11,2,False,False,False,True,False,True,False,False,11
0,1,11.48,12.88,52,19.9995,4,11,2,False,False,False,True,False,True,False,False,9
0,1,11.48,12.88,52,22.0028,5,11,2,False,False,False,True,False,True,False,False,27
0,1,10.66,12.12,56,19.0012,6,11,2,False,False,False,True,False,True,False,False,118
0,1,10.66,11.365,56,19.9995,7,11,2,False,False,False,True,False,True,False,False,319
0,1,10.66,12.12,60,19.0012,8,11,2,False,False,False,True,False,True,False,False,601
0,1,10.66,12.12,60,19.0012,9,11,2,False,False,False,True,False,True,False,False,368
0,1,11.48,12.88,56,19.9995,10,11,2,False,False,False,True,False,True,False,False,178
0,1,13.12,14.395,51,23.9994,11,11,2,False,False,False,True,False,True,False,False,147
0,1,13.12,15.15,53,19.0012,12,11,2,False,False,False,True,False,True,False,False,212
0,1,13.12,15.15,53,16.9979,13,11,2,False,False,False,True,False,True,False,False,181
0,1,13.12,14.395,53,23.9994,14,11,2,False,False,False,True,False,True,False,False,161
0,1,13.12,15.15,53,19.9995,15,11,2,False,False,False,True,False,True,False,False,198
0,1,13.12,14.395,53,23.9994,16,11,2,False,False,False,True,False,True,False,False,273
0,1,13.12,14.395,53,26.0027,17,11,2,False,False,False,True,False,True,False,False,517
0,1,13.12,14.395,53,23.9994,18,11,2,False,False,False,True,False,True,False,False,465
0,1,12.3,13.635,56,19.9995,19,11,2,False,False,False,True,False,True,False,False,319
0,1,13.12,15.15,49,22.0028,20,11,2,False,False,False,True,False,True,False,False,256
0,1,13.12,15.15,49,19.9995,21,11,2,False,False,False,True,False,True,False,False,126
0,1,12.3,14.395,56,16.9979,22,11,2,False,False,False,True,False,False,True,False,60
0,1,11.48,13.635,65,15.0013,23,11,2,False,False,False,True,False,False,True,False,40
0,1,11.48,13.635,61,15.0013,0,11,3,False,False,False,True,False,False,True,False,15
0,1,12.3,13.635,52,23.9994,1,11,3,False,False,False,True,False,False,True,False,12
0,1,12.3,14.395,49,15.0013,2,11,3,False,False,False,True,False,True,False,False,6
0,1,12.3,14.395,45,19.0012,4,11,3,False,False,False,True,False,True,False,False,10
0,1,12.3,14.395,42,15.0013,5,11,3,False,False,False,True,False,True,False,False,35
0,1,12.3,14.395,39,15.0013,6,11,3,False,False,False,True,True,False,False,False,124
0,1,11.48,12.88,36,26.0027,7,11,3,False,False,False,True,True,False,False,False,423
0,1,12.3,14.395,33,19.0012,8,11,3,False,False,False,True,True,False,False,False,668
0,1,13.12,14.395,31,23.9994,9,11,3,False,False,False,True,True,False,False,False,275
0,1,13.12,15.15,31,22.0028,10,11,3,False,False,False,True,True,False,False,False,161
0,1,14.76,16.665,29,26.0027,11,11,3,False,False,False,True,True,False,False,False,171
0,1,16.4,20.455,24,32.9975,12,11,3,False,False,False,True,True,False,False,False,235
0,1,18.04,21.97,18,27.9993,13,11,3,False,False,False,True,True,False,False,False,228
0,1,18.04,21.97,18,27.9993,14,11,3,False,False,False,True,True,False,False,False,182
0,1,18.04,21.97,18,27.9993,15,11,3,False,False,False,True,True,False,False,False,233
0,1,17.22,21.21,16,26.0027,16,11,3,False,False,False,True,True,False,False,False,339
0,1,16.4,20.455,20,19.9995,17,11,3,False,False,False,True,True,False,False,False,592
0,1,16.4,20.455,24,27.9993,18,11,3,False,False,False,True,True,False,False,False,507
0,1,15.58,19.695,27,23.9994,19,11,3,False,False,False,True,True,False,False,False,373
0,1,15.58,19.695,29,31.0009,20,11,3,False,False,False,True,True,False,False,False,245
0,1,14.76,16.665,37,26.0027,21,11,3,False,False,False,True,True,False,False,False,233
0,1,13.94,15.15,42,19.9995,22,11,3,False,False,False,True,True,False,False,False,161
0,1,13.94,15.15,46,23.9994,23,11,3,False,False,False,True,True,False,False,False,87
0,1,13.94,15.15,49,22.0028,0,11,4,False,False,False,True,True,False,False,False,55
0,1,13.12,15.15,53,19.0012,1,11,4,False,False,False,True,True,False,False,False,20
0,1,13.12,15.15,53,16.9979,2,11,4,False,False,False,True,True,False,False,False,12
0,1,13.12,14.395,53,27.9993,3,11,4,False,False,False,True,True,False,False,False,9
0,1,13.12,14.395,53,23.9994,4,11,4,False,False,False,True,True,False,False,False,14
0,1,12.3,14.395,56,12.998,5,11,4,False,False,False,True,True,False,False,False,27
0,1,10.66,13.635,65,7.0015,6,11,4,False,False,False,True,True,False,False,False,131
0,1,10.66,13.635,65,8.9981,7,11,4,False,False,False,True,True,False,False,False,341
0,1,13.12,15.91,57,11.0014,8,11,4,False,False,False,True,True,False,False,False,693
0,1,13.94,15.15,53,27.9993,9,11,4,False,False,False,True,True,False,False,False,327
0,1,14.76,16.665,50,22.0028,10,11,4,False,False,False,True,True,False,False,False,197
0,1,16.4,20.455,47,19.9995,11,11,4,False,False,False,True,True,False,False,False,251
0,1,18.04,21.97,41,22.0028,12,11,4,False,False,False,True,True,False,False,False,262
0,1,18.86,22.725,38,19.9995,13,11,4,False,False,False,True,True,False,False,False,299
0,1,18.86,22.725,38,12.998,14,11,4,False,False,False,True,True,False,False,False,274
0,1,18.86,22.725,36,15.0013,15,11,4,False,False,False,True,True,False,False,False,356
0,1,18.86,22.725,38,11.0014,16,11,4,False,False,False,True,True,False,False,False,434
0,1,17.22,21.21,44,8.9981,17,11,4,False,False,False,True,True,False,False,False,654
0,1,17.22,21.21,44,7.0015,18,11,4,False,False,False,True,True,False,False,False,496
0,1,13.94,17.425,71,6.0032,19,11,4,False,False,False,True,True,False,False,False,361
0,1,14.76,17.425,66,8.9981,20,11,4,False,False,False,True,True,False,False,False,255
0,1,13.94,18.18,76,0.0,21,11,4,False,False,False,True,True,False,False,False,199
0,1,13.94,17.425,71,7.0015,22,11,4,False,False,False,True,True,False,False,False,163
0,1,13.12,16.665,81,6.0032,23,11,4,False,False,False,True,True,False,False,False,162
0,0,13.12,16.665,76,6.0032,0,11,5,False,False,False,True,True,False,False,False,122
0,0,12.3,15.91,81,6.0032,1,11,5,False,False,False,True,True,False,False,False,76
0,0,13.12,17.425,81,0.0,2,11,5,False,False,False,True,True,False,False,False,44
0,0,12.3,16.665,81,0.0,3,11,5,False,False,False,True,True,False,False,False,20
0,0,10.66,13.635,87,7.0015,4,11,5,False,False,False,True,True,False,False,False,6
0,0,11.48,15.91,87,0.0,5,11,5,False,False,False,True,True,False,False,False,10
0,0,9.84,12.88,93,6.0032,6,11,5,False,False,False,True,True,False,False,False,16
0,0,10.66,13.635,87,7.0015,7,11,5,False,False,False,True,True,False,False,False,71
0,0,13.12,17.425,76,0.0,8,11,5,False,False,False,True,True,False,False,False,146
0,0,14.76,17.425,66,12.998,9,11,5,False,False,False,True,True,False,False,False,259
0,0,16.4,20.455,58,0.0,10,11,5,False,False,False,True,True,False,False,False,350
0,0,16.4,20.455,58,7.0015,11,11,5,False,False,False,True,True,False,False,False,466
0,0,19.68,23.485,48,0.0,12,11,5,False,False,False,True,True,False,False,False,606
0,0,21.32,25.0,39,0.0,13,11,5,False,False,False,True,True,False,False,False,651
0,0,22.14,25.76,37,0.0,14,11,5,False,False,False,True,True,False,False,False,627
0,0,21.32,25.0,45,0.0,15,11,5,False,False,False,True,True,False,False,False,567
0,0,22.14,25.76,37,0.0,16,11,5,False,False,False,True,True,False,False,False,605
0,0,20.5,24.24,45,12.998,17,11,5,False,False,False,True,True,False,False,False,501
0,0,18.04,21.97,54,8.9981,18,11,5,False,False,False,True,True,False,False,False,359
0,0,18.86,22.725,51,6.0032,19,11,5,False,False,False,True,True,False,False,False,283
0,0,18.04,21.97,54,0.0,20,11,5,False,False,False,True,True,False,False,False,192
0,0,16.4,20.455,66,0.0,21,11,5,False,False,False,True,True,False,False,False,220
0,0,15.58,19.695,71,6.0032,22,11,5,False,False,False,True,True,False,False,False,193
0,0,14.76,18.18,71,7.0015,23,11,5,False,False,False,True,True,False,False,False,146
0,0,13.94,17.425,81,6.0032,0,11,6,False,False,False,True,True,False,False,False,124
0,0,13.94,17.425,76,6.0032,1,11,6,False,False,False,True,True,False,False,False,108
0,0,13.12,16.665,87,7.0015,2,11,6,False,False,False,True,True,False,False,False,70
0,0,13.94,18.18,81,0.0,3,11,6,False,False,False,True,True,False,False,False,48
0,0,13.12,16.665,81,7.0015,4,11,6,False,False,False,True,True,False,False,False,11
0,0,12.3,15.15,87,8.9981,5,11,6,False,False,False,True,True,False,False,False,12
0,0,12.3,15.91,87,6.0032,6,11,6,False,False,False,True,True,False,False,False,19
0,0,12.3,15.91,89,6.0032,7,11,6,False,False,False,True,True,False,False,False,68
0,0,13.12,16.665,87,7.0015,8,11,6,False,False,False,True,True,False,False,False,119
0,0,14.76,18.94,77,0.0,9,11,6,False,False,False,True,True,False,False,False,273
0,0,16.4,20.455,69,7.0015,10,11,6,False,False,False,True,True,False,False,False,405
0,0,18.86,22.725,59,8.9981,11,11,6,False,False,False,True,True,False,False,False,504
0,0,20.5,24.24,48,6.0032,12,11,6,False,False,False,True,True,False,False,False,585
0,0,22.14,25.76,45,7.0015,13,11,6,False,False,False,True,True,False,False,False,686
0,0,24.6,31.06,33,11.0014,14,11,6,False,False,False,True,True,False,False,False,654
0,0,22.96,26.515,37,15.0013,15,11,6,False,False,False,True,True,False,False,False,724
0,0,22.14,25.76,42,15.0013,16,11,6,False,False,False,True,True,False,False,False,653
0,0,22.14,25.76,45,11.0014,17,11,6,False,False,False,True,True,False,False,False,493
0,0,21.32,25.0,45,8.9981,18,11,6,False,False,False,True,True,False,False,False,405
0,0,19.68,23.485,55,8.9981,19,11,6,False,False,False,True,True,False,False,False,277
0,0,18.04,21.97,62,11.0014,20,11,6,False,False,False,True,True,False,False,False,200
0,0,18.04,21.97,67,15.0013,21,11,6,False,False,False,True,True,False,False,False,171
0,0,17.22,21.21,71,12.998,22,11,6,False,False,False,True,True,False,False,False,134
0,0,17.22,21.21,71,12.998,23,11,6,False,False,False,True,True,False,False,False,109
1,0,17.22,21.21,71,7.0015,0,11,0,False,False,False,True,True,False,False,False,49
1,0,16.4,20.455,76,11.0014,1,11,0,False,False,False,True,True,False,False,False,30
1,0,16.4,20.455,76,8.9981,2,11,0,False,False,False,True,True,False,False,False,20
1,0,16.4,20.455,76,8.9981,3,11,0,False,False,False,True,True,False,False,False,4
1,0,16.4,20.455,76,6.0032,4,11,0,False,False,False,True,True,False,False,False,4
1,0,15.58,19.695,87,0.0,5,11,0,False,False,False,True,True,False,False,False,24
1,0,15.58,19.695,87,7.0015,6,11,0,False,False,False,True,True,False,False,False,71
1,0,16.4,20.455,87,0.0,7,11,0,False,False,False,True,True,False,False,False,264
1,0,17.22,21.21,82,11.0014,8,11,0,False,False,False,True,True,False,False,False,540
1,0,18.04,21.97,88,7.0015,9,11,0,False,False,False,True,True,False,False,False,397
1,0,19.68,23.485,77,11.0014,10,11,0,False,False,False,True,True,False,False,False,266
1,0,21.32,25.0,72,11.0014,11,11,0,False,False,False,True,True,False,False,False,367
1,0,22.96,26.515,64,15.0013,12,11,0,False,False,False,True,True,False,False,False,419
1,0,24.6,30.305,60,15.0013,13,11,0,False,False,False,True,True,False,False,False,420
1,0,23.78,27.275,60,19.0012,14,11,0,False,False,False,True,True,False,False,False,444
1,0,22.96,26.515,64,16.9979,15,11,0,False,False,False,True,True,False,False,False,382
1,0,22.96,26.515,64,11.0014,16,11,0,False,False,False,True,True,False,False,False,434
1,0,22.96,26.515,64,19.0012,17,11,0,False,False,False,True,True,False,False,False,596
1,0,21.32,25.0,72,8.9981,18,11,0,False,False,False,True,True,False,False,False,551
1,0,22.14,25.76,73,19.0012,19,11,0,False,False,False,True,True,False,False,False,353
1,0,21.32,25.0,77,19.0012,20,11,0,False,False,False,True,False,True,False,False,304
1,0,22.14,25.76,73,15.0013,21,11,0,False,False,False,True,False,False,True,False,155
1,0,21.32,25.0,77,16.9979,22,11,0,False,False,False,True,True,False,False,False,112
1,0,22.14,25.76,77,15.0013,23,11,0,False,False,False,True,False,True,False,False,63
0,1,21.32,25.0,83,19.0012,0,11,1,False,False,False,True,False,True,False,False,23
0,1,18.04,21.97,88,43.0006,1,11,1,False,False,False,True,False,False,True,False,5
0,1,14.76,15.91,87,30.0026,2,11,1,False,False,False,True,False,False,True,False,11
0,1,14.76,16.665,87,23.9994,3,11,1,False,False,False,True,False,False,True,False,5
0,1,14.76,16.665,81,26.0027,4,11,1,False,False,False,True,False,True,False,False,9
0,1,13.94,15.91,87,19.0012,5,11,1,False,False,False,True,False,True,False,False,18
0,1,13.12,14.395,81,31.0009,6,11,1,False,False,False,True,False,False,True,False,50
0,1,13.12,15.15,87,16.9979,7,11,1,False,False,False,True,False,False,True,False,107
0,1,13.12,15.15,87,16.9979,8,11,1,False,False,False,True,False,False,True,False,211
0,1,13.12,15.15,81,22.0028,9,11,1,False,False,False,True,False,False,True,False,110
0,1,12.3,13.635,75,26.0027,10,11,1,False,False,False,True,False,False,True,False,94
0,1,13.12,15.15,70,16.9979,11,11,1,False,False,False,True,True,False,False,False,155
0,1,13.94,15.91,61,19.0012,12,11,1,False,False,False,True,True,False,False,False,196
0,1,13.94,15.91,53,16.9979,13,11,1,False,False,False,True,True,False,False,False,218
0,1,15.58,19.695,46,26.0027,14,11,1,False,False,False,True,True,False,False,False,203
0,1,16.4,20.455,40,19.9995,15,11,1,False,False,False,True,True,False,False,False,217
0,1,15.58,19.695,40,19.9995,16,11,1,False,False,False,True,True,False,False,False,310
0,1,13.94,15.15,49,23.9994,17,11,1,False,False,False,True,True,False,False,False,608
0,1,13.94,15.91,49,19.0012,18,11,1,False,False,False,True,True,False,False,False,559
0,1,13.12,14.395,49,23.9994,19,11,1,False,False,False,True,True,False,False,False,356
0,1,12.3,13.635,49,23.9994,20,11,1,False,False,False,True,True,False,False,False,223
0,1,12.3,13.635,49,23.9994,21,11,1,False,False,False,True,True,False,False,False,187
0,1,10.66,11.365,56,22.0028,22,11,1,False,False,False,True,True,False,False,False,135
0,1,10.66,11.365,56,19.9995,23,11,1,False,False,False,True,True,False,False,False,84
0,1,10.66,12.12,56,19.0012,0,11,2,False,False,False,True,True,False,False,False,24
0,1,9.84,10.605,60,19.9995,1,11,2,False,False,False,True,True,False,False,False,12
0,1,9.84,10.605,60,19.9995,2,11,2,False,False,False,True,True,False,False,False,1
0,1,9.84,11.365,65,15.0013,3,11,2,False,False,False,True,True,False,False,False,5
0,1,9.02,11.365,69,12.998,4,11,2,False,False,False,True,True,False,False,False,6
0,1,9.02,11.365,69,12.998,5,11,2,False,False,False,True,True,False,False,False,39
0,1,9.84,11.365,65,12.998,6,11,2,False,False,False,True,True,False,False,False,146
0,1,9.84,10.605,65,19.0012,7,11,2,False,False,False,True,True,False,False,False,415
0,1,11.48,12.88,56,19.9995,8,11,2,False,False,False,True,True,False,False,False,691
0,1,12.3,13.635,52,26.0027,9,11,2,False,False,False,True,True,False,False,False,332
0,1,13.12,14.395,45,23.9994,10,11,2,False,False,False,True,True,False,False,False,171
0,1,13.12,15.15,49,16.9979,11,11,2,False,False,False,True,True,False,False,False,151
0,1,13.94,16.665,46,0.0,12,11,2,False,False,False,True,True,False,False,False,240
0,1,14.76,16.665,43,16.9979,13,11,2,False,False,False,True,True,False,False,False,214
0,1,14.76,17.425,43,8.9981,14,11,2,False,False,False,True,True,False,False,False,181
0,1,14.76,16.665,43,19.0012,15,11,2,False,False,False,True,True,False,False,False,260
0,1,13.94,17.425,46,7.0015,16,11,2,False,False,False,True,True,False,False,False,321
0,1,13.12,15.91,49,12.998,17,11,2,False,False,False,True,True,False,False,False,583
0,1,13.12,15.91,53,11.0014,18,11,2,False,False,False,True,True,False,False,False,567
0,1,12.3,15.15,52,11.0014,19,11,2,False,False,False,True,True,False,False,False,396
0,1,12.3,15.91,52,6.0032,20,11,2,False,False,False,True,True,False,False,False,267
0,1,12.3,16.665,56,0.0,21,11,2,False,False,False,True,True,False,False,False,213
0,1,11.48,15.91,61,0.0,22,11,2,False,False,False,True,True,False,False,False,173
0,1,9.84,12.12,70,8.9981,23,11,2,False,False,False,True,True,False,False,False,87
0,1,10.66,15.15,65,0.0,0,11,3,False,False,False,True,False,True,False,False,34
0,1,10.66,13.635,65,7.0015,1,11,3,False,False,False,True,False,True,False,False,16
0,1,10.66,12.88,70,11.0014,2,11,3,False,False,False,True,False,True,False,False,7
0,1,10.66,14.395,70,6.0032,3,11,3,False,False,False,True,False,True,False,False,2
0,1,11.48,14.395,65,8.9981,4,11,3,False,False,False,True,False,True,False,False,5
0,1,12.3,14.395,61,15.0013,5,11,3,False,False,False,True,False,True,False,False,37
0,1,12.3,14.395,65,16.9979,6,11,3,False,False,False,True,False,True,False,False,147
0,1,12.3,14.395,65,12.998,7,11,3,False,False,False,True,False,True,False,False,410
0,1,12.3,14.395,61,15.0013,8,11,3,False,False,False,True,False,True,False,False,646
0,1,13.12,15.91,61,12.998,9,11,3,False,False,False,True,False,True,False,False,323
0,1,13.12,16.665,66,8.9981,10,11,3,False,False,False,True,False,True,False,False,153
0,1,13.94,16.665,61,8.9981,11,11,3,False,False,False,True,False,True,False,False,166
0,1,14.76,18.18,62,7.0015,12,11,3,False,False,False,True,False,True,False,False,213
0,1,15.58,19.695,54,7.0015,13,11,3,False,False,False,True,False,True,False,False,217
0,1,15.58,19.695,54,11.0014,14,11,3,False,False,False,True,False,True,False,False,201
0,1,15.58,19.695,58,11.0014,15,11,3,False,False,False,True,False,True,False,False,217
0,1,14.76,17.425,57,12.998,16,11,3,False,False,False,True,False,True,False,False,342
0,1,14.76,17.425,57,15.0013,17,11,3,False,False,False,True,False,True,False,False,563
0,1,14.76,17.425,57,12.998,18,11,3,False,False,False,True,False,True,False,False,573
0,1,13.94,16.665,61,8.9981,19,11,3,False,False,False,True,False,True,False,False,386
0,1,13.94,17.425,61,7.0015,20,11,3,False,False,False,True,True,False,False,False,285
0,1,13.12,16.665,66,7.0015,21,11,3,False,False,False,True,False,True,False,False,224
0,1,13.12,15.91,66,11.0014,22,11,3,False,False,False,True,False,True,False,False,153
0,1,13.12,15.91,61,11.0014,23,11,3,False,False,False,True,False,True,False,False,125
0,1,13.12,16.665,66,7.0015,0,11,4,False,False,False,True,False,True,False,False,65
0,1,12.3,15.91,65,6.0032,1,11,4,False,False,False,True,False,True,False,False,21
0,1,12.3,15.15,70,11.0014,2,11,4,False,False,False,True,False,True,False,False,9
0,1,12.3,15.15,65,8.9981,3,11,4,False,False,False,True,False,True,False,False,6
0,1,12.3,15.91,65,7.0015,4,11,4,False,False,False,True,False,True,False,False,5
0,1,12.3,15.91,65,6.0032,5,11,4,False,False,False,True,False,True,False,False,36
0,1,12.3,15.91,61,6.0032,6,11,4,False,False,False,True,False,True,False,False,130
0,1,12.3,15.15,61,11.0014,7,11,4,False,False,False,True,False,True,False,False,367
0,1,13.12,16.665,57,8.9981,8,11,4,False,False,False,True,False,True,False,False,711
0,1,13.94,17.425,53,7.0015,9,11,4,False,False,False,True,True,False,False,False,351
0,1,13.94,16.665,53,12.998,10,11,4,False,False,False,True,True,False,False,False,198
0,1,15.58,19.695,43,15.0013,11,11,4,False,False,False,True,True,False,False,False,218
0,1,16.4,20.455,43,19.0012,12,11,4,False,False,False,True,True,False,False,False,290
0,1,17.22,21.21,38,12.998,13,11,4,False,False,False,True,True,False,False,False,278
0,1,17.22,21.21,35,7.0015,14,11,4,False,False,False,True,True,False,False,False,251
0,1,17.22,21.21,38,8.9981,15,11,4,False,False,False,True,True,False,False,False,267
0,1,17.22,21.21,35,19.0012,16,11,4,False,False,False,True,True,False,False,False,383
0,1,14.76,17.425,46,12.998,17,11,4,False,False,False,True,True,False,False,False,580
0,1,13.94,16.665,53,11.0014,18,11,4,False,False,False,True,True,False,False,False,505
0,1,14.76,17.425,46,15.0013,19,11,4,False,False,False,True,True,False,False,False,332
0,1,14.76,16.665,46,16.9979,20,11,4,False,False,False,True,True,False,False,False,227
0,1,13.94,16.665,49,12.998,21,11,4,False,False,False,True,True,False,False,False,178
0,1,13.12,15.15,53,16.9979,22,11,4,False,False,False,True,True,False,False,False,162
0,1,13.12,15.15,53,15.0013,23,11,4,False,False,False,True,True,False,False,False,128
0,0,12.3,15.15,52,11.0014,0,11,5,False,False,False,True,True,False,False,False,106
0,0,10.66,12.88,60,12.998,1,11,5,False,False,False,True,True,False,False,False,87
0,0,10.66,12.88,65,12.998,2,11,5,False,False,False,True,True,False,False,False,49
0,0,10.66,12.88,65,12.998,3,11,5,False,False,False,True,True,False,False,False,21
0,0,9.84,11.365,70,12.998,4,11,5,False,False,False,True,True,False,False,False,7
0,0,9.84,12.12,70,11.0014,5,11,5,False,False,False,True,True,False,False,False,11
0,0,9.84,11.365,70,15.0013,6,11,5,False,False,False,True,True,False,False,False,21
0,0,9.84,11.365,70,12.998,7,11,5,False,False,False,True,True,False,False,False,78
0,0,10.66,12.88,65,15.0013,8,11,5,False,False,False,True,True,False,False,False,168
0,0,13.94,15.91,49,15.0013,9,11,5,False,False,False,True,True,False,False,False,248
0,0,14.76,16.665,46,16.9979,10,11,5,False,False,False,True,True,False,False,False,320
0,0,15.58,19.695,43,12.998,11,11,5,False,False,False,True,True,False,False,False,423
0,0,16.4,20.455,40,11.0014,12,11,5,False,False,False,True,True,False,False,False,476
0,0,17.22,21.21,38,16.9979,13,11,5,False,False,False,True,True,False,False,False,525
0,0,17.22,21.21,38,12.998,14,11,5,False,False,False,True,True,False,False,False,555
0,0,17.22,21.21,35,19.9995,15,11,5,False,False,False,True,True,False,False,False,549
0,0,16.4,20.455,40,15.0013,16,11,5,False,False,False,True,True,False,False,False,469
0,0,15.58,19.695,40,11.0014,17,11,5,False,False,False,True,True,False,False,False,403
0,0,14.76,18.18,50,7.0015,18,11,5,False,False,False,True,True,False,False,False,271
0,0,13.94,17.425,53,6.0032,19,11,5,False,False,False,True,True,False,False,False,253
0,0,13.94,17.425,66,6.0032,20,11,5,False,False,False,True,False,True,False,False,172
0,0,13.12,16.665,57,7.0015,21,11,5,False,False,False,True,False,True,False,False,139
0,0,13.12,16.665,57,7.0015,22,11,5,False,False,False,True,False,True,False,False,145
0,0,12.3,15.91,70,7.0015,23,11,5,False,False,False,True,False,True,False,False,133
0,0,12.3,15.15,70,11.0014,0,11,6,False,False,False,True,False,True,False,False,129
0,0,12.3,14.395,70,12.998,1,11,6,False,False,False,True,True,False,False,False,95
0,0,11.48,14.395,81,7.0015,2,11,6,False,False,False,True,True,False,False,False,73
0,0,12.3,15.15,81,11.0014,3,11,6,False,False,False,True,False,True,False,False,46
0,0,12.3,14.395,81,12.998,4,11,6,False,False,False,True,False,True,False,False,12
0,0,11.48,14.395,81,8.9981,5,11,6,False,False,False,True,True,False,False,False,12
0,0,11.48,13.635,81,11.0014,6,11,6,False,False,False,True,True,False,False,False,15
0,0,11.48,13.635,81,12.998,7,11,6,False,False,False,True,True,False,False,False,42
0,0,12.3,14.395,75,16.9979,8,11,6,False,False,False,True,True,False,False,False,119
0,0,13.12,15.15,70,16.9979,9,11,6,False,False,False,True,True,False,False,False,204
0,0,13.94,15.15,66,19.9995,10,11,6,False,False,False,True,True,False,False,False,329
0,0,15.58,19.695,62,19.0012,11,11,6,False,False,False,True,True,False,False,False,359
0,0,16.4,20.455,62,19.0012,12,11,6,False,False,False,True,True,False,False,False,442
0,0,16.4,20.455,62,22.0028,13,11,6,False,False,False,True,True,False,False,False,447
0,0,16.4,20.455,62,19.9995,14,11,6,False,False,False,True,True,False,False,False,428
0,0,17.22,21.21,54,19.0012,15,11,6,False,False,False,True,True,False,False,False,407
0,0,16.4,20.455,62,22.0028,16,11,6,False,False,False,True,False,True,False,False,372
0,0,15.58,19.695,66,16.9979,17,11,6,False,False,False,True,False,True,False,False,280
0,0,14.76,17.425,66,15.0013,18,11,6,False,False,False,True,True,False,False,False,276
0,0,14.76,17.425,66,11.0014,19,11,6,False,False,False,True,True,False,False,False,210
0,0,14.76,17.425,66,11.0014,20,11,6,False,False,False,True,True,False,False,False,129
0,0,14.76,16.665,66,16.9979,21,11,6,False,False,False,True,True,False,False,False,110
0,0,14.76,16.665,66,16.9979,22,11,6,False,False,False,True,False,True,False,False,74
0,0,14.76,17.425,66,15.0013,23,11,6,False,False,False,True,True,False,False,False,59
0,1,14.76,17.425,66,15.0013,0,11,0,False,False,False,True,True,False,False,False,27
0,1,14.76,17.425,66,15.0013,1,11,0,False,False,False,True,False,True,False,False,19
0,1,14.76,16.665,66,16.9979,2,11,0,False,False,False,True,False,True,False,False,5
0,1,14.76,17.425,66,15.0013,3,11,0,False,False,False,True,False,True,False,False,2
0,1,14.76,17.425,66,15.0013,4,11,0,False,False,False,True,False,True,False,False,12
0,1,14.76,17.425,66,15.0013,5,11,0,False,False,False,True,False,True,False,False,39
0,1,14.76,16.665,66,16.9979,6,11,0,False,False,False,True,False,True,False,False,131
0,1,14.76,16.665,66,19.9995,7,11,0,False,False,False,True,False,True,False,False,386
0,1,14.76,16.665,66,19.9995,8,11,0,False,False,False,True,False,True,False,False,663
0,1,14.76,16.665,66,16.9979,9,11,0,False,False,False,True,False,True,False,False,278
0,1,14.76,16.665,66,16.9979,10,11,0,False,False,False,True,False,True,False,False,139
0,1,15.58,19.695,66,16.9979,11,11,0,False,False,False,True,False,True,False,False,197
0,1,16.4,20.455,62,19.0012,12,11,0,False,False,False,True,False,True,False,False,242
0,1,18.04,21.97,54,16.9979,13,11,0,False,False,False,True,True,False,False,False,251
0,1,18.04,21.97,54,16.9979,14,11,0,False,False,False,True,True,False,False,False,217
0,1,18.04,21.97,54,12.998,15,11,0,False,False,False,True,True,False,False,False,257
0,1,17.22,21.21,58,16.9979,16,11,0,False,False,False,True,True,False,False,False,380
0,1,17.22,21.21,58,12.998,17,11,0,False,False,False,True,False,True,False,False,619
0,1,16.4,20.455,58,16.9979,18,11,0,False,False,False,True,False,True,False,False,580
0,1,16.4,20.455,58,19.0012,19,11,0,False,False,False,True,False,True,False,False,406
0,1,15.58,19.695,62,16.9979,20,11,0,False,False,False,True,False,True,False,False,259
0,1,15.58,19.695,54,15.0013,21,11,0,False,False,False,True,False,True,False,False,203
0,1,13.94,17.425,66,7.0015,22,11,0,False,False,False,True,True,False,False,False,113
0,1,13.94,17.425,66,7.0015,23,11,0,False,False,False,True,True,False,False,False,74
0,0,10.66,15.15,81,0.0,0,12,5,False,False,False,True,True,False,False,False,108
0,0,10.66,15.15,81,0.0,1,12,5,False,False,False,True,True,False,False,False,69
0,0,10.66,15.15,81,0.0,2,12,5,False,False,False,True,False,True,False,False,50
0,0,10.66,13.635,81,8.9981,3,12,5,False,False,False,True,False,True,False,False,15
0,0,10.66,14.395,81,6.0032,4,12,5,False,False,False,True,True,False,False,False,5
0,0,9.84,12.88,87,6.0032,5,12,5,False,False,False,True,True,False,False,False,13
0,0,9.84,12.12,87,8.9981,6,12,5,False,False,False,True,True,False,False,False,27
0,0,9.84,12.12,87,8.9981,7,12,5,False,False,False,True,False,True,False,False,63
0,0,9.84,12.12,87,8.9981,8,12,5,False,False,False,True,False,True,False,False,144
0,0,10.66,12.12,93,16.9979,9,12,5,False,False,False,True,False,True,False,False,193
0,0,11.48,13.635,89,11.0014,10,12,5,False,False,False,True,False,True,False,False,256
0,0,13.12,16.665,76,7.0015,11,12,5,False,False,False,True,False,True,False,False,392
0,0,13.12,16.665,81,6.0032,12,12,5,False,False,False,True,False,True,False,False,446
0,0,13.94,18.18,76,0.0,13,12,5,False,False,False,True,False,True,False,False,509
0,0,14.76,18.94,71,0.0,14,12,5,False,False,False,True,False,True,False,False,479
0,0,16.4,20.455,62,0.0,15,12,5,False,False,False,True,False,True,False,False,484
0,0,15.58,19.695,66,0.0,16,12,5,False,False,False,True,False,True,False,False,443
0,0,13.94,17.425,76,7.0015,17,12,5,False,False,False,True,False,True,False,False,320
0,0,13.94,18.18,76,0.0,18,12,5,False,False,False,True,False,True,False,False,297
0,0,13.12,17.425,81,0.0,19,12,5,False,False,False,True,False,True,False,False,249
0,0,13.12,17.425,81,0.0,20,12,5,False,False,False,True,True,False,False,False,198
0,0,12.3,16.665,87,0.0,21,12,5,False,False,False,True,False,True,False,False,158
0,0,12.3,16.665,87,0.0,22,12,5,False,False,False,True,False,True,False,False,147
0,0,13.12,17.425,81,0.0,23,12,5,False,False,False,True,False,True,False,False,126
0,0,12.3,15.91,87,6.0032,0,12,6,False,False,False,True,False,True,False,False,117
0,0,12.3,15.91,87,6.0032,1,12,6,False,False,False,True,False,True,False,False,94
0,0,12.3,16.665,87,0.0,2,12,6,False,False,False,True,False,True,False,False,74
0,0,10.66,15.15,93,0.0,3,12,6,False,False,False,True,False,True,False,False,25
0,0,10.66,15.15,93,0.0,4,12,6,False,False,False,True,False,True,False,False,7
0,0,10.66,15.15,93,0.0,5,12,6,False,False,False,True,False,True,False,False,8
0,0,9.84,12.12,93,8.9981,6,12,6,False,False,False,True,False,True,False,False,16
0,0,9.84,12.12,93,8.9981,7,12,6,False,False,False,True,False,True,False,False,31
0,0,10.66,14.395,93,6.0032,8,12,6,False,False,False,True,False,True,False,False,93
0,0,11.48,13.635,93,11.0014,9,12,6,False,False,False,True,False,True,False,False,172
0,0,12.3,16.665,87,0.0,10,12,6,False,False,False,True,False,True,False,False,293
0,0,13.12,15.91,81,11.0014,11,12,6,False,False,False,True,False,True,False,False,355
0,0,13.94,16.665,81,11.0014,12,12,6,False,False,False,True,False,True,False,False,520
0,0,16.4,20.455,71,15.0013,13,12,6,False,False,False,True,True,False,False,False,431
0,0,18.04,21.97,62,16.9979,14,12,6,False,False,False,True,True,False,False,False,473
0,0,18.04,21.97,67,8.9981,15,12,6,False,False,False,True,True,False,False,False,417
0,0,18.04,21.97,67,7.0015,16,12,6,False,False,False,True,False,True,False,False,443
0,0,16.4,20.455,76,12.998,17,12,6,False,False,False,True,False,False,True,False,303
0,0,18.04,21.97,72,7.0015,18,12,6,False,False,False,True,False,True,False,False,203
0,0,16.4,20.455,82,12.998,19,12,6,False,False,False,True,False,True,False,False,174
0,0,17.22,21.21,82,12.998,20,12,6,False,False,False,True,False,True,False,False,154
0,0,18.04,21.97,77,15.0013,21,12,6,False,False,False,True,False,True,False,False,99
0,0,18.04,21.97,77,12.998,22,12,6,False,False,False,True,False,True,False,False,96
0,0,17.22,21.21,82,8.9981,23,12,6,False,False,False,True,False,True,False,False,51
0,1,17.22,21.21,82,11.0014,0,12,0,False,False,False,True,False,True,False,False,21
0,1,16.4,20.455,82,8.9981,1,12,0,False,False,False,True,True,False,False,False,13
0,1,17.22,21.21,77,11.0014,2,12,0,False,False,False,True,True,False,False,False,10
0,1,15.58,19.695,87,0.0,3,12,0,False,False,False,True,True,False,False,False,8
0,1,14.76,18.94,93,0.0,4,12,0,False,False,False,True,True,False,False,False,5
0,1,13.94,17.425,93,6.0032,5,12,0,False,False,False,True,True,False,False,False,38
0,1,14.76,18.94,93,0.0,6,12,0,False,False,False,True,True,False,False,False,138
0,1,13.94,18.18,93,0.0,7,12,0,False,False,False,True,False,True,False,False,396
0,1,14.76,18.94,93,0.0,8,12,0,False,False,False,True,True,False,False,False,731
0,1,16.4,20.455,87,6.0032,9,12,0,False,False,False,True,True,False,False,False,308
0,1,18.04,21.97,77,8.9981,10,12,0,False,False,False,True,True,False,False,False,136
0,1,19.68,23.485,77,8.9981,11,12,0,False,False,False,True,True,False,False,False,233
0,1,21.32,25.0,68,11.0014,12,12,0,False,False,False,True,True,False,False,False,268
0,1,23.78,27.275,56,6.0032,13,12,0,False,False,False,True,True,False,False,False,321
0,1,24.6,31.06,53,0.0,14,12,0,False,False,False,True,True,False,False,False,260
0,1,24.6,31.06,56,0.0,15,12,0,False,False,False,True,True,False,False,False,268
0,1,24.6,31.06,53,8.9981,16,12,0,False,False,False,True,True,False,False,False,442
0,1,21.32,25.0,63,7.0015,17,12,0,False,False,False,True,True,False,False,False,708
0,1,20.5,24.24,68,6.0032,18,12,0,False,False,False,True,True,False,False,False,692
0,1,20.5,24.24,68,6.0032,19,12,0,False,False,False,True,True,False,False,False,471
0,1,18.86,22.725,77,0.0,20,12,0,False,False,False,True,False,True,False,False,300
0,1,18.04,21.97,82,12.998,21,12,0,False,False,False,True,True,False,False,False,221
0,1,17.22,21.21,82,7.0015,22,12,0,False,False,False,True,True,False,False,False,144
0,1,17.22,21.21,82,7.0015,23,12,0,False,False,False,True,True,False,False,False,102
0,1,17.22,21.21,88,7.0015,0,12,1,False,False,False,True,True,False,False,False,55
0,1,17.22,21.21,82,7.0015,1,12,1,False,False,False,True,True,False,False,False,25
0,1,17.22,21.21,88,6.0032,2,12,1,False,False,False,True,True,False,False,False,8
0,1,16.4,20.455,87,8.9981,3,12,1,False,False,False,True,False,True,False,False,4
0,1,16.4,20.455,87,8.9981,4,12,1,False,False,False,True,False,True,False,False,7
0,1,18.04,21.97,88,0.0,5,12,1,False,False,False,True,False,True,False,False,46
0,1,14.76,18.94,93,0.0,6,12,1,False,False,False,True,False,True,False,False,153
0,1,17.22,21.21,88,8.9981,7,12,1,False,False,False,True,True,False,False,False,502
0,1,18.04,21.97,88,11.0014,8,12,1,False,False,False,True,False,True,False,False,721
0,1,18.86,22.725,82,7.0015,9,12,1,False,False,False,True,True,False,False,False,336
0,1,18.86,22.725,82,12.998,10,12,1,False,False,False,True,True,False,False,False,156
0,1,19.68,23.485,77,12.998,11,12,1,False,False,False,True,True,False,False,False,207
0,1,21.32,25.0,68,12.998,12,12,1,False,False,False,True,True,False,False,False,312
0,1,22.14,25.76,64,11.0014,13,12,1,False,False,False,True,False,True,False,False,272
0,1,23.78,27.275,56,15.0013,14,12,1,False,False,False,True,False,True,False,False,270
0,1,24.6,31.06,49,16.9979,15,12,1,False,False,False,True,False,True,False,False,300
0,1,23.78,27.275,49,19.0012,16,12,1,False,False,False,True,True,False,False,False,435
0,1,21.32,25.0,59,15.0013,17,12,1,False,False,False,True,True,False,False,False,743
0,1,20.5,24.24,63,15.0013,18,12,1,False,False,False,True,True,False,False,False,731
0,1,19.68,23.485,67,15.0013,19,12,1,False,False,False,True,True,False,False,False,460
0,1,20.5,24.24,63,15.0013,20,12,1,False,False,False,True,False,True,False,False,306
0,1,20.5,24.24,63,16.9979,21,12,1,False,False,False,True,False,True,False,False,280
0,1,20.5,24.24,63,19.9995,22,12,1,False,False,False,True,False,True,False,False,181
0,1,19.68,23.485,67,16.9979,23,12,1,False,False,False,True,True,False,False,False,96
0,1,20.5,24.24,59,19.0012,0,12,2,False,False,False,True,True,False,False,False,37
0,1,21.32,25.0,55,22.0028,1,12,2,False,False,False,True,True,False,False,False,11
0,1,18.86,22.725,67,11.0014,2,12,2,False,False,False,True,True,False,False,False,9
0,1,19.68,23.485,67,8.9981,3,12,2,False,False,False,True,True,False,False,False,7
0,1,20.5,24.24,63,30.0026,4,12,2,False,False,False,True,True,False,False,False,10
0,1,20.5,24.24,59,19.0012,5,12,2,False,False,False,True,True,False,False,False,49
0,1,19.68,23.485,55,26.0027,6,12,2,False,False,False,True,False,False,True,False,124
0,1,18.86,22.725,59,19.9995,7,12,2,False,False,False,True,False,False,True,False,398
0,1,18.04,21.97,58,19.0012,8,12,2,False,False,False,True,False,True,False,False,759
0,1,18.04,21.97,51,15.0013,9,12,2,False,False,False,True,False,True,False,False,388
0,1,18.04,21.97,47,23.9994,10,12,2,False,False,False,True,False,True,False,False,141
0,1,18.04,21.97,44,19.0012,11,12,2,False,False,False,True,True,False,False,False,172
0,1,18.04,21.97,41,19.0012,12,12,2,False,False,False,True,True,False,False,False,232
0,1,18.86,22.725,41,19.0012,13,12,2,False,False,False,True,True,False,False,False,214
0,1,19.68,23.485,33,32.9975,14,12,2,False,False,False,True,True,False,False,False,218
0,1,19.68,23.485,33,19.0012,15,12,2,False,False,False,True,True,False,False,False,285
0,1,18.86,22.725,33,19.0012,16,12,2,False,False,False,True,True,False,False,False,377
0,1,18.04,21.97,35,19.0012,17,12,2,False,False,False,True,True,False,False,False,605
0,1,17.22,21.21,35,30.0026,18,12,2,False,False,False,True,True,False,False,False,609
0,1,15.58,19.695,43,23.9994,19,12,2,False,False,False,True,True,False,False,False,414
0,1,13.94,15.15,46,26.0027,20,12,2,False,False,False,True,True,False,False,False,293
0,1,13.94,15.15,46,27.9993,21,12,2,False,False,False,True,True,False,False,False,198
0,1,13.12,14.395,45,26.0027,22,12,2,False,False,False,True,True,False,False,False,105
0,1,12.3,13.635,49,26.0027,23,12,2,False,False,False,True,True,False,False,False,74
0,1,10.66,12.12,48,19.0012,0,12,3,False,False,False,True,True,False,False,False,44
0,1,10.66,12.12,48,19.0012,1,12,3,False,False,False,True,True,False,False,False,16
0,1,9.84,10.605,52,19.0012,2,12,3,False,False,False,True,True,False,False,False,9
0,1,9.02,11.365,55,12.998,3,12,3,False,False,False,True,True,False,False,False,2
0,1,9.02,10.605,55,19.9995,4,12,3,False,False,False,True,True,False,False,False,9
0,1,9.02,10.605,55,19.0012,5,12,3,False,False,False,True,True,False,False,False,32
0,1,9.02,10.605,55,19.9995,6,12,3,False,False,False,True,True,False,False,False,124
0,1,9.02,10.605,51,19.9995,7,12,3,False,False,False,True,True,False,False,False,389
0,1,9.02,10.605,51,19.9995,8,12,3,False,False,False,True,True,False,False,False,659
0,1,9.84,11.365,48,12.998,9,12,3,False,False,False,True,True,False,False,False,276
0,1,9.84,11.365,52,12.998,10,12,3,False,False,False,True,True,False,False,False,145
0,1,10.66,12.88,48,11.0014,11,12,3,False,False,False,True,True,False,False,False,178
0,1,11.48,15.91,41,0.0,12,12,3,False,False,False,True,True,False,False,False,235
0,1,12.3,16.665,39,0.0,13,12,3,False,False,False,True,True,False,False,False,245
0,1,12.3,15.91,42,6.0032,14,12,3,False,False,False,True,True,False,False,False,212
0,1,13.12,17.425,39,0.0,15,12,3,False,False,False,True,True,False,False,False,270
0,1,13.12,17.425,42,0.0,16,12,3,False,False,False,True,True,False,False,False,331
0,1,12.3,15.91,45,7.0015,17,12,3,False,False,False,True,True,False,False,False,617
0,1,11.48,13.635,45,11.0014,18,12,3,False,False,False,True,True,False,False,False,565
0,1,10.66,12.88,60,12.998,19,12,3,False,False,False,True,True,False,False,False,373
0,1,9.84,12.88,60,7.0015,20,12,3,False,False,False,True,False,True,False,False,227
0,1,9.84,12.12,60,8.9981,21,12,3,False,False,False,True,False,True,False,False,191
0,1,9.84,12.12,65,11.0014,22,12,3,False,False,False,True,True,False,False,False,133
0,1,9.84,12.12,65,11.0014,23,12,3,False,False,False,True,True,False,False,False,93
0,1,9.84,12.88,70,7.0015,0,12,4,False,False,False,True,True,False,False,False,48
0,1,9.84,11.365,70,12.998,1,12,4,False,False,False,True,False,True,False,False,28
0,1,10.66,13.635,70,8.9981,2,12,4,False,False,False,True,False,True,False,False,11
0,1,10.66,12.88,81,12.998,3,12,4,False,False,False,True,False,True,False,False,5
0,1,10.66,13.635,75,7.0015,4,12,4,False,False,False,True,True,False,False,False,10
0,1,10.66,13.635,81,7.0015,5,12,4,False,False,False,True,False,True,False,False,26
0,1,11.48,13.635,75,11.0014,6,12,4,False,False,False,True,False,True,False,False,84
0,1,11.48,13.635,81,11.0014,7,12,4,False,False,False,True,False,False,True,False,215
0,1,12.3,14.395,75,12.998,8,12,4,False,False,False,True,False,True,False,False,441
0,1,12.3,15.15,81,8.9981,9,12,4,False,False,False,True,False,True,False,False,301
0,1,13.12,15.91,76,11.0014,10,12,4,False,False,False,True,False,True,False,False,166
0,1,13.12,15.91,76,12.998,11,12,4,False,False,False,True,False,True,False,False,203
0,1,13.94,16.665,71,12.998,12,12,4,False,False,False,True,False,True,False,False,240
0,1,14.76,17.425,66,8.9981,13,12,4,False,False,False,True,False,True,False,False,220
0,1,14.76,17.425,71,11.0014,14,12,4,False,False,False,True,False,True,False,False,215
0,1,14.76,17.425,71,11.0014,15,12,4,False,False,False,True,False,True,False,False,303
0,1,14.76,17.425,76,8.9981,16,12,4,False,False,False,True,True,False,False,False,375
0,1,15.58,19.695,66,0.0,17,12,4,False,False,False,True,False,True,False,False,568
0,1,15.58,19.695,71,7.0015,18,12,4,False,False,False,True,False,True,False,False,498
0,1,15.58,19.695,76,0.0,19,12,4,False,False,False,True,False,True,False,False,352
0,1,15.58,19.695,76,7.0015,20,12,4,False,False,False,True,False,False,True,False,241
0,1,14.76,18.18,93,7.0015,21,12,4,False,False,False,True,False,True,False,False,171
0,1,14.76,18.18,93,6.0032,22,12,4,False,False,False,True,False,True,False,False,165
0,1,14.76,18.18,93,6.0032,23,12,4,False,False,False,True,False,True,False,False,122
0,0,14.76,18.18,93,6.0032,0,12,5,False,False,False,True,False,True,False,False,103
0,0,14.76,17.425,93,8.9981,1,12,5,False,False,False,True,False,True,False,False,100
0,0,14.76,17.425,93,8.9981,2,12,5,False,False,False,True,False,True,False,False,70
0,0,14.76,18.18,93,7.0015,3,12,5,False,False,False,True,False,True,False,False,29
0,0,14.76,18.94,93,0.0,4,12,5,False,False,False,True,False,True,False,False,12
0,0,14.76,18.18,93,7.0015,5,12,5,False,False,False,True,False,True,False,False,6
0,0,14.76,18.18,93,7.0015,6,12,5,False,False,False,True,False,True,False,False,20
0,0,14.76,18.18,100,6.0032,7,12,5,False,False,False,True,False,True,False,False,39
0,0,15.58,19.695,94,6.0032,8,12,5,False,False,False,True,False,True,False,False,111
0,0,15.58,19.695,94,0.0,9,12,5,False,False,False,True,False,True,False,False,170
0,0,16.4,20.455,87,8.9981,10,12,5,False,False,False,True,False,True,False,False,287
0,0,16.4,20.455,87,7.0015,11,12,5,False,False,False,True,False,True,False,False,404
0,0,16.4,20.455,87,15.0013,12,12,5,False,False,False,True,False,True,False,False,486
0,0,16.4,20.455,87,11.0014,13,12,5,False,False,False,True,False,True,False,False,547
0,0,16.4,20.455,87,19.0012,14,12,5,False,False,False,True,False,True,False,False,542
0,0,17.22,21.21,82,11.0014,15,12,5,False,False,False,True,True,False,False,False,541
0,0,17.22,21.21,82,11.0014,16,12,5,False,False,False,True,True,False,False,False,507
0,0,15.58,19.695,87,8.9981,17,12,5,False,False,False,True,True,False,False,False,345
0,0,16.4,20.455,87,7.0015,18,12,5,False,False,False,True,True,False,False,False,304
0,0,16.4,20.455,87,0.0,19,12,5,False,False,False,True,True,False,False,False,246
0,0,14.76,18.94,100,0.0,20,12,5,False,False,False,True,False,True,False,False,182
0,0,14.76,18.94,100,0.0,21,12,5,False,False,False,True,False,True,False,False,209
0,0,15.58,19.695,94,7.0015,22,12,5,False,False,False,True,False,True,False,False,160
0,0,16.4,20.455,94,0.0,23,12,5,False,False,False,True,False,True,False,False,162
0,0,16.4,20.455,87,8.9981,0,12,6,False,False,False,True,False,True,False,False,118
0,0,16.4,20.455,87,7.0015,1,12,6,False,False,False,True,False,True,False,False,102
0,0,16.4,20.455,87,7.0015,2,12,6,False,False,False,True,False,True,False,False,78
0,0,16.4,20.455,87,7.0015,3,12,6,False,False,False,True,False,True,False,False,48
0,0,16.4,20.455,94,7.0015,4,12,6,False,False,False,True,False,True,False,False,12
0,0,16.4,20.455,87,7.0015,5,12,6,False,False,False,True,False,True,False,False,8
0,0,16.4,20.455,94,7.0015,6,12,6,False,False,False,True,False,False,True,False,6
0,0,16.4,20.455,87,15.0013,7,12,6,False,False,False,True,False,False,True,False,23
0,0,16.4,20.455,87,11.0014,8,12,6,False,False,False,True,False,False,True,False,69
0,0,16.4,20.455,87,16.9979,9,12,6,False,False,False,True,False,True,False,False,103
0,0,16.4,20.455,87,19.0012,10,12,6,False,False,False,True,False,True,False,False,219
0,0,16.4,20.455,87,19.9995,11,12,6,False,False,False,True,False,True,False,False,250
0,0,16.4,20.455,82,19.9995,12,12,6,False,False,False,True,False,True,False,False,315
0,0,15.58,19.695,87,19.0012,13,12,6,False,False,False,True,False,True,False,False,285
0,0,15.58,19.695,87,12.998,14,12,6,False,False,False,True,False,True,False,False,232
0,0,14.76,17.425,93,11.0014,15,12,6,False,False,False,True,False,False,True,False,225
0,0,14.76,17.425,93,11.0014,16,12,6,False,False,False,True,False,False,True,False,253
0,0,14.76,17.425,93,8.9981,17,12,6,False,False,False,True,False,False,True,False,229
0,0,14.76,18.18,93,6.0032,18,12,6,False,False,False,True,False,False,True,False,198
0,0,15.58,19.695,94,6.0032,19,12,6,False,False,False,True,False,False,True,False,122
0,0,14.76,18.18,100,6.0032,20,12,6,False,False,False,True,False,False,True,False,108
0,0,14.76,18.18,100,7.0015,21,12,6,False,False,False,True,False,True,False,False,96
0,0,14.76,18.18,93,7.0015,22,12,6,False,False,False,True,False,False,True,False,78
0,0,14.76,18.18,100,6.0032,23,12,6,False,False,False,True,False,False,True,False,51
0,1,14.76,18.18,100,6.0032,0,12,0,False,False,False,True,False,False,True,False,20
0,1,14.76,18.94,100,0.0,1,12,0,False,False,False,True,False,True,False,False,4
0,1,15.58,19.695,94,7.0015,2,12,0,False,False,False,True,False,True,False,False,5
0,1,15.58,19.695,94,7.0015,3,12,0,False,False,False,True,False,True,False,False,4
0,1,15.58,19.695,94,7.0015,4,12,0,False,False,False,True,False,True,False,False,12
0,1,15.58,19.695,94,7.0015,5,12,0,False,False,False,True,False,True,False,False,27
0,1,15.58,19.695,94,11.0014,6,12,0,False,False,False,True,False,True,False,False,123
0,1,15.58,19.695,94,16.9979,7,12,0,False,False,False,True,False,True,False,False,294
0,1,17.22,21.21,100,16.9979,8,12,0,False,False,False,True,False,True,False,False,584
0,1,17.22,21.21,100,15.0013,9,12,0,False,False,False,True,False,True,False,False,284
0,1,18.04,21.97,94,15.0013,10,12,0,False,False,False,True,False,True,False,False,133
0,1,18.86,22.725,94,15.0013,11,12,0,False,False,False,True,False,False,True,False,134
0,1,18.04,21.97,100,15.0013,12,12,0,False,False,False,True,False,False,True,False,173
0,1,18.04,21.97,100,15.0013,13,12,0,False,False,False,True,False,False,True,False,220
0,1,20.5,24.24,94,15.0013,14,12,0,False,False,False,True,False,True,False,False,210
0,1,20.5,24.24,87,11.0014,15,12,0,False,False,False,True,False,True,False,False,236
0,1,20.5,24.24,88,7.0015,16,12,0,False,False,False,True,False,True,False,False,345
0,1,19.68,23.485,82,19.0012,17,12,0,False,False,False,True,False,True,False,False,616
0,1,18.86,22.725,88,19.0012,18,12,0,False,False,False,True,False,True,False,False,564
0,1,21.32,25.0,77,19.0012,19,12,0,False,False,False,True,True,False,False,False,427
0,1,18.86,22.725,88,16.9979,20,12,0,False,False,False,True,True,False,False,False,300
0,1,18.86,22.725,94,12.998,21,12,0,False,False,False,True,False,True,False,False,245
0,1,20.5,24.24,82,15.0013,22,12,0,False,False,False,True,False,True,False,False,126
0,1,18.86,22.725,88,16.9979,23,12,0,False,False,False,True,True,False,False,False,84
0,1,18.86,22.725,77,31.0009,0,12,1,False,False,False,True,False,False,True,False,31
0,1,17.22,21.21,71,30.0026,1,12,1,False,False,False,True,True,False,False,False,8
0,1,16.4,20.455,66,22.0028,2,12,1,False,False,False,True,False,True,False,False,1
0,1,14.76,16.665,76,19.0012,3,12,1,False,False,False,True,False,False,True,False,3
0,1,13.94,15.91,76,19.0012,4,12,1,False,False,False,True,False,True,False,False,8
0,1,13.94,15.15,71,22.0028,5,12,1,False,False,False,True,False,False,True,False,41
0,1,13.94,15.15,71,19.9995,6,12,1,False,False,False,True,False,True,False,False,118
0,1,13.94,15.15,66,27.9993,7,12,1,False,False,False,True,True,False,False,False,380
0,1,13.94,15.15,61,19.9995,8,12,1,False,False,False,True,False,True,False,False,724
0,1,13.94,15.15,61,26.0027,9,12,1,False,False,False,True,True,False,False,False,334
0,1,14.76,16.665,57,22.0028,10,12,1,False,False,False,True,True,False,False,False,154
0,1,14.76,16.665,53,23.9994,11,12,1,False,False,False,True,False,True,False,False,173
0,1,14.76,15.91,53,30.0026,12,12,1,False,False,False,True,False,True,False,False,226
0,1,15.58,19.695,50,15.0013,13,12,1,False,False,False,True,False,True,False,False,254
0,1,15.58,19.695,50,15.0013,14,12,1,False,False,False,True,False,True,False,False,204
0,1,15.58,19.695,50,15.0013,15,12,1,False,False,False,True,False,True,False,False,270
0,1,15.58,19.695,50,15.0013,16,12,1,False,False,False,True,False,True,False,False,358
0,1,13.12,15.15,53,15.0013,17,12,1,False,False,False,True,True,False,False,False,601
0,1,13.12,15.15,53,15.0013,18,12,1,False,False,False,True,True,False,False,False,546
0,1,13.12,15.15,53,15.0013,19,12,1,False,False,False,True,True,False,False,False,433
0,1,13.12,15.15,53,15.0013,20,12,1,False,False,False,True,True,False,False,False,257
0,1,13.12,15.91,53,12.998,21,12,1,False,False,False,True,True,False,False,False,207
0,1,12.3,14.395,56,15.0013,22,12,1,False,False,False,True,True,False,False,False,106
0,1,12.3,14.395,52,15.0013,23,12,1,False,False,False,True,True,False,False,False,64
0,1,12.3,15.15,52,11.0014,0,12,2,False,False,False,True,True,False,False,False,34
0,1,11.48,13.635,61,15.0013,1,12,2,False,False,False,True,True,False,False,False,21
0,1,11.48,13.635,56,11.0014,2,12,2,False,False,False,True,True,False,False,False,9
0,1,10.66,13.635,60,8.9981,3,12,2,False,False,False,True,True,False,False,False,10
0,1,10.66,15.15,60,0.0,4,12,2,False,False,False,True,True,False,False,False,4
0,1,10.66,12.88,60,12.998,5,12,2,False,False,False,True,True,False,False,False,37
0,1,10.66,12.12,60,16.9979,6,12,2,False,False,False,True,False,True,False,False,128
0,1,10.66,12.88,60,12.998,7,12,2,False,False,False,True,False,True,False,False,369
0,1,10.66,12.88,65,11.0014,8,12,2,False,False,False,True,False,True,False,False,688
0,1,11.48,14.395,61,8.9981,9,12,2,False,False,False,True,False,True,False,False,285
0,1,12.3,15.15,56,11.0014,10,12,2,False,False,False,True,False,True,False,False,136
0,1,13.12,15.15,49,15.0013,11,12,2,False,False,False,True,False,True,False,False,172
0,1,13.94,18.18,42,0.0,12,12,2,False,False,False,True,False,True,False,False,232
0,1,13.94,18.18,42,0.0,13,12,2,False,False,False,True,False,True,False,False,238
0,1,13.94,18.18,46,0.0,14,12,2,False,False,False,True,False,True,False,False,225
0,1,13.94,17.425,46,7.0015,15,12,2,False,False,False,True,False,True,False,False,228
0,1,13.94,16.665,46,8.9981,16,12,2,False,False,False,True,False,True,False,False,329
0,1,13.12,15.15,53,15.0013,17,12,2,False,False,False,True,False,True,False,False,561
0,1,13.12,15.15,49,15.0013,18,12,2,False,False,False,True,False,True,False,False,540
0,1,12.3,14.395,56,15.0013,19,12,2,False,False,False,True,False,True,False,False,402
0,1,12.3,14.395,52,19.0012,20,12,2,False,False,False,True,True,False,False,False,268
0,1,12.3,14.395,52,16.9979,21,12,2,False,False,False,True,False,True,False,False,202
0,1,12.3,14.395,52,15.0013,22,12,2,False,False,False,True,False,True,False,False,122
0,1,11.48,13.635,56,15.0013,23,12,2,False,False,False,True,False,True,False,False,79
0,1,11.48,13.635,52,15.0013,0,12,3,False,False,False,True,False,True,False,False,32
0,1,11.48,12.88,52,19.0012,1,12,3,False,False,False,True,False,True,False,False,23
0,1,10.66,12.12,56,16.9979,2,12,3,False,False,False,True,False,True,False,False,8
0,1,10.66,12.12,56,19.0012,3,12,3,False,False,False,True,False,True,False,False,2
0,1,10.66,12.88,56,12.998,4,12,3,False,False,False,True,False,True,False,False,8
0,1,10.66,12.88,56,11.0014,5,12,3,False,False,False,True,False,True,False,False,33
0,1,10.66,12.12,56,16.9979,6,12,3,False,False,False,True,True,False,False,False,114
0,1,9.84,11.365,60,15.0013,7,12,3,False,False,False,True,True,False,False,False,385
0,1,9.84,11.365,60,12.998,8,12,3,False,False,False,True,True,False,False,False,679
0,1,11.48,13.635,52,16.9979,9,12,3,False,False,False,True,True,False,False,False,325
0,1,13.12,15.15,45,19.0012,10,12,3,False,False,False,True,True,False,False,False,167
0,1,13.94,15.91,42,16.9979,11,12,3,False,False,False,True,True,False,False,False,189
0,1,14.76,16.665,40,16.9979,12,12,3,False,False,False,True,True,False,False,False,282
0,1,14.76,17.425,34,12.998,13,12,3,False,False,False,True,True,False,False,False,271
0,1,14.76,17.425,34,11.0014,14,12,3,False,False,False,True,True,False,False,False,242
0,1,14.76,17.425,34,8.9981,15,12,3,False,False,False,True,True,False,False,False,280
0,1,13.94,17.425,39,7.0015,16,12,3,False,False,False,True,True,False,False,False,406
0,1,13.12,16.665,42,7.0015,17,12,3,False,False,False,True,True,False,False,False,550
0,1,13.12,16.665,42,7.0015,18,12,3,False,False,False,True,True,False,False,False,466
0,1,12.3,15.15,45,11.0014,19,12,3,False,False,False,True,True,False,False,False,348
0,1,12.3,16.665,45,0.0,20,12,3,False,False,False,True,True,False,False,False,241
0,1,11.48,15.91,48,0.0,21,12,3,False,False,False,True,True,False,False,False,213
0,1,10.66,14.395,60,6.0032,22,12,3,False,False,False,True,True,False,False,False,148
0,1,10.66,15.15,60,0.0,23,12,3,False,False,False,True,True,False,False,False,120
0,1,9.02,12.88,64,6.0032,0,12,4,False,False,False,True,True,False,False,False,47
0,1,9.02,12.88,69,6.0032,1,12,4,False,False,False,True,True,False,False,False,26
0,1,9.02,13.635,69,0.0,2,12,4,False,False,False,True,True,False,False,False,9
0,1,8.2,11.365,69,7.0015,3,12,4,False,False,False,True,True,False,False,False,12
0,1,8.2,11.365,75,6.0032,4,12,4,False,False,False,True,True,False,False,False,10
0,1,8.2,11.365,69,7.0015,5,12,4,False,False,False,True,True,False,False,False,34
0,1,6.56,9.09,80,7.0015,6,12,4,False,False,False,True,True,False,False,False,113
0,1,8.2,10.605,72,7.0015,7,12,4,False,False,False,True,True,False,False,False,308
0,1,8.2,11.365,69,6.0032,8,12,4,False,False,False,True,True,False,False,False,636
0,1,9.84,12.12,75,8.9981,9,12,4,False,False,False,True,True,False,False,False,343
0,1,10.66,12.88,81,12.998,10,12,4,False,False,False,True,True,False,False,False,190
0,1,13.12,15.15,65,12.998,11,12,4,False,False,False,True,True,False,False,False,211
0,1,14.76,17.425,50,12.998,12,12,4,False,False,False,True,True,False,False,False,273
0,1,14.76,17.425,50,15.0013,13,12,4,False,False,False,True,True,False,False,False,313
0,1,16.4,20.455,43,12.998,14,12,4,False,False,False,True,True,False,False,False,299
0,1,16.4,20.455,47,11.0014,15,12,4,False,False,False,True,True,False,False,False,309
0,1,15.58,19.695,54,12.998,16,12,4,False,False,False,True,True,False,False,False,417
0,1,13.94,16.665,57,11.0014,17,12,4,False,False,False,True,True,False,False,False,622
0,1,14.76,17.425,46,8.9981,18,12,4,False,False,False,True,True,False,False,False,455
0,1,13.94,17.425,53,6.0032,19,12,4,False,False,False,True,True,False,False,False,319
0,1,13.12,16.665,61,8.9981,20,12,4,False,False,False,True,True,False,False,False,221
0,1,12.3,15.15,75,11.0014,21,12,4,False,False,False,True,True,False,False,False,172
0,1,11.48,14.395,75,7.0015,22,12,4,False,False,False,True,True,False,False,False,138
0,1,11.48,15.15,75,6.0032,23,12,4,False,False,False,True,True,False,False,False,134
0,0,12.3,16.665,70,0.0,0,12,5,False,False,False,True,True,False,False,False,94
0,0,10.66,14.395,81,6.0032,1,12,5,False,False,False,True,False,True,False,False,95
0,0,10.66,15.15,81,0.0,2,12,5,False,False,False,True,True,False,False,False,69
0,0,9.84,14.395,81,0.0,3,12,5,False,False,False,True,False,True,False,False,23
0,0,9.84,12.88,87,7.0015,4,12,5,False,False,False,True,False,True,False,False,6
0,0,10.66,15.15,75,0.0,5,12,5,False,False,False,True,False,True,False,False,3
0,0,9.84,14.395,75,0.0,6,12,5,False,False,False,True,False,True,False,False,11
0,0,9.84,12.88,75,6.0032,7,12,5,False,False,False,True,False,True,False,False,48
0,0,10.66,14.395,75,6.0032,8,12,5,False,False,False,True,False,True,False,False,119
0,0,10.66,13.635,75,7.0015,9,12,5,False,False,False,True,True,False,False,False,220
0,0,13.12,15.91,61,11.0014,10,12,5,False,False,False,True,True,False,False,False,273
0,0,13.94,17.425,61,6.0032,11,12,5,False,False,False,True,True,False,False,False,393
0,0,15.58,19.695,50,6.0032,12,12,5,False,False,False,True,True,False,False,False,453
0,0,15.58,19.695,54,16.9979,13,12,5,False,False,False,True,True,False,False,False,456
0,0,16.4,20.455,50,11.0014,14,12,5,False,False,False,True,True,False,False,False,426
0,0,17.22,21.21,47,0.0,15,12,5,False,False,False,True,True,False,False,False,447
0,0,16.4,20.455,50,8.9981,16,12,5,False,False,False,True,True,False,False,False,413
0,0,16.4,20.455,50,15.0013,17,12,5,False,False,False,True,True,False,False,False,309
0,0,15.58,19.695,58,11.0014,18,12,5,False,False,False,True,True,False,False,False,272
0,0,14.76,17.425,62,8.9981,19,12,5,False,False,False,True,True,False,False,False,257
0,0,14.76,17.425,57,12.998,20,12,5,False,False,False,True,False,True,False,False,201
0,0,14.76,17.425,62,8.9981,21,12,5,False,False,False,True,True,False,False,False,184
0,0,14.76,17.425,62,12.998,22,12,5,False,False,False,True,True,False,False,False,156
0,0,14.76,17.425,62,8.9981,23,12,5,False,False,False,True,False,True,False,False,119
0,0,14.76,18.94,62,0.0,0,12,6,False,False,False,True,False,True,False,False,110
0,0,13.94,17.425,76,7.0015,1,12,6,False,False,False,True,False,False,True,False,96
0,0,13.94,17.425,87,6.0032,2,12,6,False,False,False,True,False,True,False,False,87
0,0,13.94,16.665,87,12.998,3,12,6,False,False,False,True,False,True,False,False,38
0,0,13.94,18.18,87,0.0,4,12,6,False,False,False,True,False,True,False,False,11
0,0,13.94,18.18,87,0.0,5,12,6,False,False,False,True,False,True,False,False,9
0,0,13.94,18.18,87,0.0,6,12,6,False,False,False,True,False,True,False,False,6
0,0,13.94,17.425,87,6.0032,7,12,6,False,False,False,True,False,True,False,False,27
0,0,14.76,17.425,87,8.9981,8,12,6,False,False,False,True,False,True,False,False,88
0,0,14.76,17.425,87,8.9981,9,12,6,False,False,False,True,False,True,False,False,132
0,0,14.76,17.425,87,8.9981,10,12,6,False,False,False,True,False,True,False,False,257
0,0,14.76,17.425,87,8.9981,11,12,6,False,False,False,True,False,True,False,False,295
0,0,15.58,19.695,82,12.998,12,12,6,False,False,False,True,False,True,False,False,417
0,0,15.58,19.695,76,12.998,13,12,6,False,False,False,True,False,True,False,False,356
0,0,15.58,19.695,76,8.9981,14,12,6,False,False,False,True,False,True,False,False,310
0,0,15.58,19.695,82,7.0015,15,12,6,False,False,False,True,False,True,False,False,338
0,0,15.58,19.695,82,7.0015,16,12,6,False,False,False,True,False,True,False,False,400
0,0,15.58,19.695,82,7.0015,17,12,6,False,False,False,True,False,True,False,False,243
0,0,15.58,19.695,82,7.0015,18,12,6,False,False,False,True,False,False,True,False,107
0,0,14.76,17.425,93,8.9981,19,12,6,False,False,False,True,True,False,False,False,109
0,0,15.58,19.695,82,0.0,20,12,6,False,False,False,True,False,True,False,False,122
0,0,14.76,18.94,93,0.0,21,12,6,False,False,False,True,False,True,False,False,106
0,0,16.4,20.455,82,12.998,22,12,6,False,False,False,True,False,True,False,False,89
0,0,14.76,17.425,93,8.9981,23,12,6,False,False,False,True,False,True,False,False,33
0,1,15.58,19.695,87,0.0,0,12,0,False,False,False,True,False,True,False,False,28
0,1,15.58,19.695,87,7.0015,1,12,0,False,False,False,True,False,True,False,False,15
0,1,15.58,19.695,94,0.0,2,12,0,False,False,False,True,False,True,False,False,5
0,1,14.76,18.94,93,0.0,3,12,0,False,False,False,True,False,True,False,False,3
0,1,14.76,18.94,100,0.0,4,12,0,False,False,False,True,False,False,True,False,5
0,1,15.58,19.695,87,0.0,5,12,0,False,False,False,True,False,True,False,False,24
0,1,14.76,17.425,93,8.9981,6,12,0,False,False,False,True,False,True,False,False,108
0,1,14.76,17.425,93,8.9981,7,12,0,False,False,False,True,False,True,False,False,319
0,1,15.58,19.695,87,7.0015,8,12,0,False,False,False,True,False,True,False,False,592
0,1,16.4,20.455,87,0.0,9,12,0,False,False,False,True,False,True,False,False,282
0,1,15.58,19.695,87,6.0032,10,12,0,False,False,False,True,False,True,False,False,135
0,1,16.4,20.455,87,6.0032,11,12,0,False,False,False,True,False,True,False,False,170
0,1,16.4,20.455,87,0.0,12,12,0,False,False,False,True,False,True,False,False,232
0,1,16.4,20.455,87,8.9981,13,12,0,False,False,False,True,False,True,False,False,210
0,1,16.4,20.455,87,6.0032,14,12,0,False,False,False,True,False,True,False,False,181
0,1,17.22,21.21,88,0.0,15,12,0,False,False,False,True,False,True,False,False,211
0,1,16.4,20.455,94,16.9979,16,12,0,False,False,False,True,False,False,True,False,302
0,1,16.4,20.455,94,16.9979,17,12,0,False,False,False,True,False,True,False,False,495
0,1,16.4,20.455,94,6.0032,18,12,0,False,False,False,True,False,True,False,False,507
0,1,17.22,21.21,88,8.9981,19,12,0,False,False,False,True,False,True,False,False,340
0,1,17.22,21.21,94,16.9979,20,12,0,False,False,False,True,False,True,False,False,200
0,1,17.22,21.21,94,8.9981,21,12,0,False,False,False,True,False,True,False,False,120
0,1,17.22,21.21,94,8.9981,22,12,0,False,False,False,True,False,True,False,False,54
0,1,17.22,21.21,94,15.0013,23,12,0,False,False,False,True,False,False,True,False,47
0,1,18.04,21.97,94,8.9981,0,12,1,False,False,False,True,False,True,False,False,18
0,1,18.04,21.97,94,8.9981,1,12,1,False,False,False,True,False,True,False,False,15
0,1,18.04,21.97,88,15.0013,2,12,1,False,False,False,True,False,True,False,False,7
0,1,17.22,21.21,88,12.998,3,12,1,False,False,False,True,True,False,False,False,5
0,1,17.22,21.21,82,11.0014,4,12,1,False,False,False,True,True,False,False,False,8
0,1,15.58,19.695,87,6.0032,5,12,1,False,False,False,True,True,False,False,False,36
0,1,14.76,17.425,93,11.0014,6,12,1,False,False,False,True,True,False,False,False,118
0,1,14.76,17.425,93,8.9981,7,12,1,False,False,False,True,True,False,False,False,355
0,1,15.58,19.695,94,0.0,8,12,1,False,False,False,True,True,False,False,False,662
0,1,16.4,20.455,87,6.0032,9,12,1,False,False,False,True,True,False,False,False,326
0,1,18.04,21.97,77,6.0032,10,12,1,False,False,False,True,True,False,False,False,184
0,1,19.68,23.485,63,15.0013,11,12,1,False,False,False,True,True,False,False,False,269
0,1,19.68,23.485,48,16.9979,12,12,1,False,False,False,True,False,False,True,False,313
0,1,20.5,24.24,42,19.0012,13,12,1,False,False,False,True,True,False,False,False,286
0,1,18.86,22.725,47,30.0026,14,12,1,False,False,False,True,True,False,False,False,247
0,1,18.86,22.725,44,32.9975,15,12,1,False,False,False,True,True,False,False,False,246
0,1,18.04,21.97,41,31.0009,16,12,1,False,False,False,True,True,False,False,False,363
0,1,16.4,20.455,47,30.0026,17,12,1,False,False,False,True,True,False,False,False,572
0,1,15.58,19.695,46,22.0028,18,12,1,False,False,False,True,True,False,False,False,525
0,1,15.58,19.695,46,26.0027,19,12,1,False,False,False,True,True,False,False,False,353
0,1,14.76,16.665,50,16.9979,20,12,1,False,False,False,True,True,False,False,False,268
0,1,14.76,17.425,50,15.0013,21,12,1,False,False,False,True,True,False,False,False,168
0,1,13.94,16.665,49,0.0,22,12,1,False,False,False,True,True,False,False,False,132
0,1,13.94,17.425,49,6.0032,23,12,1,False,False,False,True,True,False,False,False,81
0,1,12.3,15.91,61,0.0,0,12,2,False,False,False,True,True,False,False,False,41
0,1,12.3,15.91,65,6.0032,1,12,2,False,False,False,True,True,False,False,False,15
0,1,11.48,15.15,65,6.0032,2,12,2,False,False,False,True,True,False,False,False,3
0,1,10.66,13.635,75,8.9981,3,12,2,False,False,False,True,True,False,False,False,5
0,1,9.84,12.12,75,8.9981,4,12,2,False,False,False,True,True,False,False,False,7
0,1,10.66,14.395,75,6.0032,5,12,2,False,False,False,True,True,False,False,False,31
0,1,9.84,12.88,75,6.0032,6,12,2,False,False,False,True,True,False,False,False,112
0,1,10.66,13.635,75,8.9981,7,12,2,False,False,False,True,True,False,False,False,363
0,1,9.84,12.88,87,7.0015,8,12,2,False,False,False,True,True,False,False,False,678
0,1,11.48,14.395,75,7.0015,9,12,2,False,False,False,True,True,False,False,False,317
0,1,13.12,16.665,70,7.0015,10,12,2,False,False,False,True,True,False,False,False,164
0,1,16.4,20.455,54,15.0013,11,12,2,False,False,False,True,True,False,False,False,200
0,1,16.4,20.455,54,19.0012,12,12,2,False,False,False,True,True,False,False,False,236
0,1,17.22,21.21,50,12.998,13,12,2,False,False,False,True,True,False,False,False,213
0,1,17.22,21.21,50,12.998,14,12,2,False,False,False,True,True,False,False,False,218
0,1,17.22,21.21,50,19.0012,15,12,2,False,False,False,True,True,False,False,False,237
0,1,17.22,21.21,50,23.9994,16,12,2,False,False,False,True,True,False,False,False,334
0,1,16.4,20.455,50,26.0027,17,12,2,False,False,False,True,True,False,False,False,562
0,1,15.58,19.695,50,23.9994,18,12,2,False,False,False,True,True,False,False,False,569
0,1,15.58,19.695,50,26.0027,19,12,2,False,False,False,True,True,False,False,False,336
0,1,14.76,17.425,57,15.0013,20,12,2,False,False,False,True,True,False,False,False,241
0,1,13.94,15.91,61,15.0013,21,12,2,False,False,False,True,True,False,False,False,168
0,1,13.94,17.425,61,6.0032,22,12,2,False,False,False,True,True,False,False,False,129
0,1,13.12,16.665,66,8.9981,23,12,2,False,False,False,True,True,False,False,False,88
