A2,A3,A7,A10,A13,A14,A1_0,A1_1,A4_1,A4_2,A4_3,A5_1,A5_10,A5_11,A5_12,A5_13,A5_14,A5_2,A5_3,A5_4,A5_5,A5_6,A5_7,A5_8,A5_9,A6_1,A6_2,A6_3,A6_4,A6_5,A6_7,A6_8,A6_9,A8_0,A8_1,A9_0,A9_1,A11_0,A11_1,A12_1,A12_2,A12_3,A15
20.42,0.835,1.585,1,0,1,True,False,False,True,False,False,False,True,False,False,False,False,False,False,False,False,False,False,False,False,False,False,True,False,False,False,False,False,True,False,True,True,False,False,True,False,1
23.17,0.0,0.0,0,184,1,False,True,False,True,False,False,False,False,False,False,False,False,False,False,False,False,False,True,False,False,False,False,True,False,False,False,False,True,False,True,False,True,False,False,False,True,1
16.33,2.75,0.665,1,80,22,False,True,False,True,False,False,False,False,False,False,False,False,False,False,False,True,False,False,False,False,False,False,True,False,False,False,False,True,False,False,True,True,False,False,True,False,0
43.0,0.29,1.75,8,100,376,False,True,True,False,False,False,False,False,False,True,False,False,False,False,False,False,False,False,False,False,False,False,False,False,False,True,False,False,True,False,True,True,False,False,True,False,1
51.83,3.0,1.5,0,180,5,False,True,True,False,False,True,False,False,False,False,False,False,False,False,False,False,False,False,False,True,False,False,False,False,False,False,False,True,False,True,False,True,False,False,True,False,0
26.92,13.5,5.0,2,0,5001,True,False,False,True,False,False,False,True,False,False,False,False,False,False,False,False,False,False,False,False,False,False,False,False,False,True,False,False,True,False,True,True,False,False,True,False,1
18.92,9.0,0.75,2,88,592,True,False,False,True,False,False,False,False,False,False,False,False,False,False,False,True,False,False,False,False,False,False,True,False,False,False,False,False,True,False,True,True,False,False,True,False,1
33.17,2.25,3.5,0,200,142,True,False,True,False,False,False,False,False,False,True,False,False,False,False,False,False,False,False,False,False,False,False,True,False,False,False,False,True,False,True,False,False,True,False,True,False,0
27.25,1.585,1.835,12,583,714,False,True,False,True,False,False,False,False,False,True,False,False,False,False,False,False,False,False,False,False,False,False,False,False,False,True,False,False,True,False,True,False,True,False,True,False,1
38.42,0.705,0.375,2,225,501,False,True,False,True,False,False,False,False,False,False,False,False,False,False,False,False,False,True,False,False,False,False,True,False,False,False,False,True,False,False,True,True,False,False,True,False,0
19.75,0.75,0.795,5,140,6,True,False,False,True,False,False,False,False,False,False,False,False,False,False,False,False,False,True,False,False,False,False,True,False,False,False,False,False,True,False,True,False,True,False,True,False,0
30.0,5.29,2.25,5,99,501,True,False,False,True,False,False,True,False,False,False,False,False,False,False,False,False,False,False,False,False,True,False,False,False,False,False,False,False,True,False,True,False,True,False,True,False,1
28.58,3.625,0.25,0,100,1,False,True,False,True,False,False,False,False,False,False,False,False,False,False,False,True,False,False,False,False,False,False,True,False,False,False,False,True,False,True,False,False,True,False,True,False,0
27.0,0.75,4.25,3,312,151,False,True,False,True,False,False,False,False,False,False,False,False,False,False,False,False,False,True,False,False,False,False,False,False,False,True,False,False,True,False,True,False,True,False,True,False,1
18.67,5.0,0.375,2,0,39,False,True,False,True,False,False,False,True,False,False,False,False,False,False,False,False,False,False,False,False,False,False,True,False,False,False,False,False,True,False,True,True,False,False,True,False,0
40.58,5.0,5.0,7,0,3066,False,True,False,True,False,False,False,False,False,False,False,False,False,False,False,False,False,True,False,False,False,False,True,False,False,False,False,False,True,False,True,True,False,False,True,False,1
31.57,1.5,0.0,2,200,106,True,False,False,True,False,True,False,False,False,False,False,False,False,False,False,False,False,False,False,True,False,False,False,False,False,False,False,True,False,False,True,False,True,False,True,False,0
20.42,0.0,0.0,0,184,1,False,True,False,True,False,False,False,False,False,False,False,False,False,False,False,False,False,True,False,False,False,False,True,False,False,False,False,True,False,True,False,True,False,False,False,True,0
52.17,0.0,0.0,0,0,1,True,False,True,False,False,True,False,False,False,False,False,False,False,False,False,False,False,False,False,True,False,False,False,False,False,False,False,True,False,True,False,True,False,False,True,False,0
23.92,0.585,0.125,0,240,2,False,True,True,False,False,False,False,False,False,True,False,False,False,False,False,False,False,False,False,False,False,False,False,False,False,True,False,True,False,True,False,True,False,False,True,False,0
21.92,0.54,0.04,1,840,60,False,True,True,False,False,False,False,False,False,False,True,False,False,False,False,False,False,False,False,False,False,False,True,False,False,False,False,False,True,False,True,False,True,False,True,False,1
22.75,11.0,2.5,7,100,810,False,True,False,True,False,False,False,True,False,False,False,False,False,False,False,False,False,False,False,False,False,False,True,False,False,False,False,False,True,False,True,False,True,False,True,False,1
39.5,1.625,1.5,0,0,317,False,True,False,True,False,False,False,False,False,False,False,False,False,False,False,False,False,True,False,False,False,False,True,False,False,False,False,True,False,True,False,True,False,False,True,False,0
22.5,0.125,0.125,0,200,71,False,True,True,False,False,False,False,False,False,False,False,False,False,True,False,False,False,False,False,False,False,False,True,False,False,False,False,True,False,True,False,True,False,False,True,False,0
42.0,0.205,5.125,0,400,1,False,True,False,True,False,False,False,False,False,False,False,False,True,False,False,False,False,False,False,False,False,False,False,False,False,True,False,False,True,True,False,True,False,False,True,False,1
23.58,11.5,3.0,0,20,17,True,False,True,False,False,False,False,False,False,False,False,False,False,True,False,False,False,False,False,False,False,False,False,False,False,True,False,True,False,True,False,False,True,False,True,False,0
25.58,0.0,0.0,0,184,1,True,False,False,True,False,False,False,False,False,False,False,False,False,False,False,False,False,True,False,False,False,False,True,False,False,False,False,True,False,True,False,True,False,False,False,True,1
36.33,3.79,1.165,0,200,1,False,True,False,True,False,False,False,False,False,False,False,False,False,False,False,False,False,False,True,False,False,False,True,False,False,False,False,False,True,True,False,False,True,False,True,False,0
27.67,2.0,1.0,4,140,7545,False,True,False,True,False,False,False,False,False,False,True,False,False,False,False,False,False,False,False,False,False,False,False,False,False,True,False,False,True,False,True,True,False,False,True,False,1
31.57,10.5,6.5,0,0,1,False,True,False,True,False,False,False,False,False,False,True,False,False,False,False,False,False,False,False,False,False,False,True,False,False,False,False,False,True,True,False,True,False,False,True,False,1
20.08,0.25,0.125,0,200,1,False,True,False,True,False,False,False,True,False,False,False,False,False,False,False,False,False,False,False,False,False,False,True,False,False,False,False,True,False,True,False,True,False,False,True,False,0
19.17,0.585,0.585,0,160,1,True,False,True,False,False,False,False,False,False,False,False,False,False,False,False,True,False,False,False,False,False,False,True,False,False,False,False,False,True,True,False,False,True,False,True,False,0
31.57,0.04,4.25,0,460,1,False,True,True,False,False,False,False,False,False,False,False,True,False,False,False,False,False,False,False,False,False,False,True,False,False,False,False,True,False,True,False,False,True,False,True,False,0
22.58,10.04,0.04,9,60,397,False,True,False,True,False,False,False,False,False,False,True,False,False,False,False,False,False,False,False,False,False,False,True,False,False,False,False,False,True,False,True,True,False,False,True,False,1
15.17,7.0,1.0,0,600,1,False,True,False,True,False,False,True,False,False,False,False,False,False,False,False,False,False,False,False,False,False,False,True,False,False,False,False,True,False,True,False,True,False,False,True,False,0
48.33,12.0,16.0,0,110,1,False,True,False,True,False,False,False,False,False,False,False,False,False,False,False,False,True,False,False,False,False,False,True,False,False,False,False,False,True,True,False,True,False,True,False,False,1
18.83,4.415,3.0,0,240,1,True,False,True,False,False,False,False,False,False,False,False,False,False,False,False,False,False,True,False,False,False,False,False,False,False,True,False,False,True,True,False,True,False,False,True,False,1
26.08,8.665,1.415,0,160,151,True,False,False,True,False,False,False,False,False,False,False,False,False,False,False,True,False,False,False,False,False,False,True,False,False,False,False,False,True,True,False,True,False,False,True,False,1
18.25,10.0,1.0,1,120,2,True,False,False,True,False,False,False,False,False,False,False,False,False,False,False,False,False,False,True,False,False,False,True,False,False,False,False,True,False,False,True,True,False,False,True,False,0
33.92,1.585,0.0,0,320,1,True,False,True,False,False,True,False,False,False,False,False,False,False,False,False,False,False,False,False,True,False,False,False,False,False,False,False,False,True,True,False,True,False,False,True,False,0
17.08,0.25,0.335,4,160,9,False,True,False,True,False,False,False,True,False,False,False,False,False,False,False,False,False,False,False,False,False,False,True,False,False,False,False,True,False,False,True,True,False,False,True,False,0
26.67,4.25,4.29,1,120,1,False,True,False,True,False,False,False,False,False,True,False,False,False,False,False,False,False,False,False,False,False,False,True,False,False,False,False,False,True,False,True,False,True,False,True,False,1
33.17,3.04,2.04,1,180,18028,False,True,True,False,False,False,False,False,False,False,False,False,False,False,False,False,False,True,False,False,False,False,False,False,False,True,False,False,True,False,True,False,True,False,True,False,1
20.67,1.835,2.085,5,220,2504,True,False,False,True,False,False,False,True,False,False,False,False,False,False,False,False,False,False,False,False,False,False,True,False,False,False,False,False,True,False,True,True,False,False,True,False,1
31.83,2.5,7.5,0,523,1,False,True,False,True,False,False,False,False,False,False,False,False,False,False,False,True,False,False,False,False,False,False,True,False,False,False,False,False,True,True,False,False,True,False,True,False,0
16.33,4.085,0.415,0,120,1,False,True,False,True,False,False,False,False,False,False,False,False,True,False,False,False,False,False,False,False,False,False,False,False,False,True,False,True,False,True,False,False,True,False,True,False,0
23.42,0.585,0.085,0,180,1,False,True,False,True,False,False,False,False,False,False,False,False,False,False,False,False,False,True,False,False,False,False,False,False,False,True,False,False,True,True,False,True,False,False,True,False,0
38.25,6.0,1.0,0,0,1,True,False,False,True,False,False,False,False,False,False,False,False,False,True,False,False,False,False,False,False,False,False,True,False,False,False,False,False,True,True,False,False,True,False,True,False,1
38.17,10.125,2.5,6,520,197,False,True,False,True,False,False,False,False,False,False,True,False,False,False,False,False,False,False,False,False,False,False,True,False,False,False,False,False,True,False,True,True,False,False,True,False,1
29.67,1.415,0.75,1,240,101,False,True,False,True,False,False,False,False,False,False,False,False,False,False,False,False,False,False,True,False,False,False,False,False,False,True,False,False,True,False,True,True,False,False,True,False,1
54.58,9.415,14.415,11,30,301,False,True,False,True,False,True,False,False,False,False,False,False,False,False,False,False,False,False,False,True,False,False,False,False,False,False,False,False,True,False,True,False,True,False,True,False,1
16.92,0.5,0.165,6,240,36,True,False,False,True,False,False,False,False,False,False,False,False,True,False,False,False,False,False,False,False,False,False,True,False,False,False,False,True,False,False,True,False,True,False,True,False,0
31.57,0.375,0.875,0,928,1,False,True,False,True,False,False,False,False,False,False,False,True,False,False,False,False,False,False,False,False,False,False,True,False,False,False,False,False,True,True,False,False,True,True,False,False,0
48.17,7.625,15.5,12,0,791,False,True,False,True,False,False,False,False,False,False,False,False,False,False,False,False,False,False,True,False,False,False,False,False,False,True,False,False,True,False,True,True,False,False,True,False,1
74.83,19.0,0.04,2,0,352,False,True,True,False,False,True,False,False,False,False,False,False,False,False,False,False,False,False,False,True,False,False,False,False,False,False,False,True,False,False,True,True,False,False,True,False,0
38.92,1.75,0.5,0,300,3,False,True,False,True,False,False,False,False,False,False,False,False,False,True,False,False,False,False,False,False,False,False,True,False,False,False,False,True,False,True,False,False,True,False,True,False,0
47.83,4.165,0.085,0,520,1,False,True,False,True,False,False,False,False,False,False,True,False,False,False,False,False,False,False,False,False,False,False,False,True,False,False,False,True,False,True,False,False,True,False,True,False,0
27.25,0.29,0.125,1,272,109,True,False,False,True,False,False,False,False,False,False,False,False,False,False,False,False,True,False,False,False,False,False,False,False,False,True,False,True,False,False,True,False,True,False,True,False,0
41.92,0.42,0.21,6,220,949,False,True,False,True,False,False,False,False,False,False,False,False,False,False,False,False,False,True,False,False,False,False,False,False,False,True,False,False,True,False,True,True,False,False,True,False,1
39.17,1.625,1.5,10,186,4701,False,True,False,True,False,False,False,False,False,False,False,False,False,False,False,False,False,True,False,False,False,False,True,False,False,False,False,False,True,False,True,True,False,False,True,False,1
23.08,2.5,0.085,0,100,4209,False,True,False,True,False,True,False,False,False,False,False,False,False,False,False,False,False,False,False,True,False,False,False,False,False,False,False,True,False,True,False,False,True,False,True,False,0
20.42,10.5,0.0,0,154,33,True,False,True,False,False,False,False,False,False,False,True,False,False,False,False,False,False,False,False,False,False,False,False,False,False,True,False,True,False,True,False,False,True,False,True,False,0
22.08,0.83,2.165,0,128,1,False,True,False,True,False,False,False,False,False,False,False,False,False,False,False,False,False,True,False,False,False,False,False,False,False,True,False,True,False,True,False,False,True,False,True,False,1
39.17,1.71,0.125,5,480,1,False,True,False,True,False,False,False,False,False,False,True,False,False,False,False,False,False,False,False,False,False,False,True,False,False,False,False,False,True,False,True,False,True,False,True,False,1
18.75,7.5,2.71,5,184,26727,True,False,False,True,False,False,False,True,False,False,False,False,False,False,False,False,False,False,False,False,False,False,True,False,False,False,False,False,True,False,True,True,False,False,True,False,1
43.08,0.375,0.375,8,300,163,False,True,True,False,False,False,False,False,False,False,False,False,False,False,False,False,False,True,False,False,False,False,True,False,False,False,False,False,True,False,True,False,True,False,True,False,1
49.17,2.29,0.29,0,200,4,False,True,False,True,False,True,False,False,False,False,False,False,False,False,False,False,False,False,False,True,False,False,False,False,False,False,False,True,False,True,False,True,False,False,True,False,0
41.17,6.5,0.5,3,145,1,True,False,False,True,False,False,False,True,False,False,False,False,False,False,False,False,False,False,False,False,False,False,True,False,False,False,False,False,True,False,True,False,True,False,True,False,1
35.25,3.165,3.75,0,680,1,False,True,False,True,False,False,False,False,False,False,True,False,False,False,False,False,False,False,False,False,False,False,False,False,False,True,False,False,True,True,False,False,True,False,True,False,0
34.75,2.5,0.5,0,348,1,False,True,False,True,False,False,False,False,False,True,False,False,False,False,False,False,False,False,False,False,False,False,False,True,False,False,False,True,False,True,False,True,False,False,True,False,0
20.42,1.835,2.25,1,100,151,False,True,False,True,False,False,False,False,False,False,False,False,False,False,False,False,False,True,False,False,False,False,True,False,False,False,False,False,True,False,True,True,False,False,True,False,1
27.17,1.25,0.0,1,92,301,True,False,False,True,False,True,False,False,False,False,False,False,False,False,False,False,False,False,False,True,False,False,False,False,False,False,False,True,False,False,True,True,False,False,True,False,0
50.25,0.835,0.5,0,240,118,True,False,False,True,False,False,False,False,False,False,False,False,False,False,False,True,False,False,False,False,False,False,True,False,False,False,False,True,False,True,False,False,True,False,True,False,0
32.92,2.5,1.75,2,720,1,False,True,False,True,False,False,False,False,False,False,False,False,False,False,False,True,False,False,False,False,False,False,True,False,False,False,False,True,False,False,True,False,True,False,True,False,0
40.58,1.5,0.0,0,300,1,False,True,False,True,False,False,False,False,False,False,False,False,True,False,False,False,False,False,False,False,False,False,False,True,False,False,False,True,False,True,False,True,False,True,False,False,0
29.83,1.25,0.25,0,224,1,False,True,True,False,False,False,False,False,False,False,False,False,False,True,False,False,False,False,False,False,False,False,True,False,False,False,False,True,False,True,False,True,False,False,True,False,0
29.92,1.835,4.335,0,260,201,False,True,False,True,False,False,False,False,False,False,False,False,False,False,False,False,False,True,False,False,False,False,False,False,False,True,False,False,True,True,False,True,False,False,True,False,1
16.92,0.335,0.29,0,200,1,False,True,True,False,False,False,False,False,False,False,False,False,False,True,False,False,False,False,False,False,False,False,True,False,False,False,False,True,False,True,False,True,False,True,False,False,0
33.17,1.04,6.5,0,164,31286,False,True,False,True,False,False,False,False,True,False,False,False,False,False,False,False,False,False,False,False,False,False,False,False,False,True,False,False,True,True,False,False,True,False,True,False,1
23.0,1.835,0.0,1,200,54,True,False,False,True,False,False,False,False,False,False,False,False,False,False,True,False,False,False,False,False,False,True,False,False,False,False,False,True,False,False,True,True,False,False,True,False,0
18.83,9.5,1.625,6,40,601,True,False,False,True,False,False,False,False,False,False,False,False,False,False,False,False,False,False,True,False,False,False,True,False,False,False,False,False,True,False,True,False,True,False,True,False,1
37.33,6.5,4.25,12,93,1,False,True,False,True,False,False,False,False,False,False,False,False,False,False,False,False,True,False,False,False,False,False,False,False,False,True,False,False,True,False,True,False,True,False,True,False,1
34.92,2.5,0.0,0,239,201,False,True,False,True,False,False,False,False,False,False,False,False,False,False,False,False,False,False,True,False,False,False,True,False,False,False,False,False,True,True,False,False,True,False,True,False,1
34.17,9.17,4.5,12,0,222,False,True,False,True,False,False,False,False,False,False,False,False,False,False,False,False,False,True,False,False,False,False,True,False,False,False,False,False,True,False,True,False,True,False,True,False,1
38.25,10.125,0.125,0,160,1,False,True,True,False,False,False,False,False,False,False,False,False,False,True,False,False,False,False,False,False,False,False,True,False,False,False,False,True,False,True,False,True,False,False,True,False,0
47.42,3.0,13.875,2,519,1705,True,False,False,True,False,False,False,False,False,False,True,False,False,False,False,False,False,False,False,False,False,False,True,False,False,False,False,False,True,False,True,False,True,False,True,False,1
37.42,2.04,0.04,0,400,5801,False,True,False,True,False,False,False,False,False,False,False,False,False,False,False,False,False,False,True,False,False,False,True,False,False,False,False,False,True,True,False,False,True,False,True,False,1
28.33,5.0,11.0,0,70,1,False,True,False,True,False,False,False,False,False,False,False,False,False,False,False,False,False,False,True,False,False,False,True,False,False,False,False,False,True,True,False,False,True,False,True,False,1
19.5,0.165,0.04,0,380,1,True,False,False,True,False,False,False,True,False,False,False,False,False,False,False,False,False,False,False,False,False,False,True,False,False,False,False,True,False,True,False,False,True,False,True,False,0
19.0,1.75,2.335,0,112,7,False,True,True,False,False,False,False,False,False,False,False,False,False,False,False,False,False,True,False,False,False,False,True,False,False,False,False,True,False,True,False,False,True,False,True,False,0
44.25,11.0,1.5,0,0,1,False,True,True,False,False,False,False,False,False,False,False,True,False,False,False,False,False,False,False,False,False,False,True,False,False,False,False,False,True,True,False,True,False,True,False,False,0
32.83,2.5,2.75,6,160,2073,False,True,False,True,False,False,False,False,False,True,False,False,False,False,False,False,False,False,False,False,False,False,False,False,False,True,False,False,True,False,True,True,False,False,True,False,1
15.83,7.625,0.125,1,0,161,True,False,False,True,False,False,False,True,False,False,False,False,False,False,False,False,False,False,False,False,False,False,True,False,False,False,False,True,False,False,True,False,True,False,True,False,0
21.0,3.0,1.085,8,160,2,False,True,True,False,False,False,False,False,False,False,False,True,False,False,False,False,False,False,False,False,False,False,True,False,False,False,False,False,True,False,True,False,True,False,True,False,1
43.25,3.0,6.0,11,80,1,False,True,False,True,False,False,False,True,False,False,False,False,False,False,False,False,False,False,False,False,False,False,False,False,False,True,False,False,True,False,True,True,False,False,True,False,1
34.25,1.75,0.25,0,163,1,False,True,False,True,False,False,False,False,False,False,False,False,False,False,False,False,False,False,True,False,False,False,False,True,False,False,False,False,True,True,False,False,True,False,True,False,0
35.17,4.5,5.75,0,711,1,False,True,False,True,False,False,False,False,False,False,True,False,False,False,False,False,False,False,False,False,False,False,False,False,False,True,False,True,False,True,False,False,True,True,False,False,1
23.5,2.75,4.5,0,160,26,False,True,False,True,False,True,False,False,False,False,False,False,False,False,False,False,False,False,False,True,False,False,False,False,False,False,False,True,False,True,False,True,False,False,True,False,0
33.08,1.625,0.54,0,0,1,True,False,False,True,False,False,False,False,False,False,False,True,False,False,False,False,False,False,False,False,False,False,True,False,False,False,False,True,False,True,False,False,True,False,True,False,0
21.42,0.75,0.75,0,132,3,False,True,True,False,False,False,False,False,True,False,False,False,False,False,False,False,False,False,False,False,False,False,False,False,True,False,False,True,False,True,False,False,True,False,True,False,0
25.25,13.5,2.0,1,200,2,True,False,True,False,False,True,False,False,False,False,False,False,False,False,False,False,False,False,False,True,False,False,False,False,False,False,False,True,False,False,True,False,True,False,True,False,0
19.58,0.665,1.665,0,220,6,True,False,False,True,False,False,False,False,False,False,False,False,False,False,False,False,False,False,True,False,False,False,True,False,False,False,False,True,False,True,False,True,False,False,True,False,0
28.67,9.335,5.665,6,381,169,False,True,False,True,False,False,False,True,False,False,False,False,False,False,False,False,False,False,False,False,False,False,False,False,False,True,False,False,True,False,True,True,False,False,True,False,1
52.42,1.5,3.75,0,0,351,False,True,False,True,False,False,False,False,False,False,False,True,False,False,False,False,False,False,False,False,False,False,True,False,False,False,False,True,False,True,False,False,True,False,True,False,0
45.33,1.0,0.125,0,263,1,True,False,False,True,False,False,False,True,False,False,False,False,False,False,False,False,False,False,False,False,False,False,True,False,False,False,False,True,False,True,False,False,True,False,True,False,0
18.08,5.5,0.5,0,80,1,False,True,False,True,False,False,False,False,False,False,False,False,False,True,False,False,False,False,False,False,False,False,True,False,False,False,False,False,True,True,False,True,False,False,True,False,1
25.08,2.54,0.25,0,370,1,True,False,True,False,False,False,False,False,False,False,False,False,False,False,False,True,False,False,False,False,False,False,True,False,False,False,False,False,True,True,False,False,True,False,True,False,1
20.0,11.045,2.0,0,136,1,False,True,False,True,False,False,False,False,False,False,False,False,False,False,False,False,False,True,False,False,False,False,True,False,False,False,False,True,False,True,False,False,True,False,True,False,0
24.5,2.415,0.0,0,120,1,True,False,True,False,False,False,False,False,False,False,False,False,False,False,False,False,False,True,False,False,False,False,True,False,False,False,False,True,False,True,False,True,False,False,True,False,0
49.5,7.585,7.585,15,0,5001,False,True,False,True,False,False,False,False,False,False,False,False,True,False,False,False,False,False,False,False,False,False,False,True,False,False,False,False,True,False,True,False,True,False,True,False,1
18.58,10.0,0.415,0,80,43,True,False,False,True,False,False,False,False,False,False,False,True,False,False,False,False,False,False,False,False,False,False,True,False,False,False,False,True,False,True,False,True,False,False,True,False,0
26.75,2.0,0.75,0,80,1,False,True,False,True,False,False,False,False,False,False,False,True,False,False,False,False,False,False,False,False,False,False,True,False,False,False,False,True,False,True,False,False,True,False,True,False,0
33.58,0.335,0.085,0,180,1,False,True,True,False,False,False,False,False,False,True,False,False,False,False,False,False,False,False,False,False,False,False,True,False,False,False,False,True,False,True,False,True,False,False,True,False,0
35.58,0.75,1.5,0,231,1,False,True,False,True,False,False,False,False,False,False,False,False,False,True,False,False,False,False,False,False,False,False,True,False,False,False,False,True,False,True,False,False,True,False,True,False,0
29.42,1.25,0.25,2,400,109,False,True,False,True,False,False,False,False,False,False,False,False,False,False,False,False,False,True,False,False,False,False,False,False,False,True,False,True,False,False,True,False,True,False,True,False,0
30.83,0.0,1.25,1,202,1,False,True,False,True,False,False,False,False,False,False,False,False,False,False,False,False,False,False,True,False,False,False,True,False,False,False,False,False,True,False,True,True,False,False,True,False,1
39.92,5.0,0.21,0,550,1,False,True,False,True,False,False,False,False,False,False,False,False,True,False,False,False,False,False,False,False,False,False,False,True,False,False,False,True,False,True,False,True,False,False,True,False,0
34.42,1.335,0.125,0,440,4501,False,True,False,True,False,False,False,False,False,False,False,False,True,False,False,False,False,False,False,False,False,False,False,True,False,False,False,True,False,True,False,False,True,False,True,False,0
19.42,7.25,0.04,1,100,2,False,True,False,True,False,False,False,False,False,False,False,False,False,False,False,False,True,False,False,False,False,False,True,False,False,False,False,True,False,False,True,True,False,False,True,False,0
41.42,5.0,5.0,6,470,1,False,True,False,True,False,False,False,True,False,False,False,False,False,False,False,False,False,False,False,False,False,False,False,False,False,True,False,False,True,False,True,False,True,False,True,False,1
31.25,2.835,0.0,5,176,147,False,True,False,True,False,True,False,False,False,False,False,False,False,False,False,False,False,False,False,True,False,False,False,False,False,False,False,True,False,False,True,True,False,False,True,False,0
34.0,5.5,1.5,0,60,1,False,True,True,False,False,False,False,False,False,False,False,False,False,False,False,False,False,True,False,False,False,False,True,False,False,False,False,True,False,True,False,False,True,False,True,False,0
27.83,1.5,2.0,11,434,36,False,True,False,True,False,False,False,False,False,False,False,False,False,False,False,False,False,False,True,False,False,False,True,False,False,False,False,False,True,False,True,False,True,False,True,False,1
22.92,1.25,0.25,0,120,810,True,False,False,True,False,False,False,True,False,False,False,False,False,False,False,False,False,False,False,False,False,False,True,False,False,False,False,True,False,True,False,False,True,False,True,False,0
23.0,0.625,0.125,0,180,2,False,True,True,False,False,False,False,False,False,False,False,False,False,False,False,True,False,False,False,False,False,False,True,False,False,False,False,False,True,True,False,True,False,False,True,False,0
19.67,10.0,0.835,0,140,1,False,True,True,False,False,False,False,False,False,False,False,False,False,True,False,False,False,False,False,False,False,False,False,False,False,True,False,False,True,True,False,False,True,False,True,False,0
28.17,0.375,0.585,4,80,1,True,False,False,True,False,False,False,True,False,False,False,False,False,False,False,False,False,False,False,False,False,False,True,False,False,False,False,False,True,False,True,True,False,False,True,False,1
36.75,5.125,5.0,0,0,4001,True,False,False,True,False,False,True,False,False,False,False,False,False,False,False,False,False,False,False,False,False,False,True,False,False,False,False,False,True,True,False,False,True,False,True,False,1
24.75,12.5,1.5,12,120,568,True,False,False,True,False,False,False,False,False,False,False,False,False,False,False,True,False,False,False,False,False,False,True,False,False,False,False,False,True,False,True,False,True,False,True,False,1
29.5,1.085,1.0,0,280,14,True,False,True,False,False,False,False,False,False,False,True,False,False,False,False,False,False,False,False,False,False,False,True,False,False,False,False,True,False,True,False,True,False,False,True,False,0
22.67,0.75,1.585,1,400,10,False,True,False,True,False,False,False,False,False,False,False,False,True,False,False,False,False,False,False,False,False,False,True,False,False,False,False,True,False,False,True,False,True,False,True,False,0
21.17,0.875,0.25,0,280,205,False,True,True,False,False,False,False,False,False,False,False,False,False,False,False,False,False,True,False,False,False,False,False,False,False,True,False,True,False,True,False,True,False,False,True,False,0
29.83,2.04,0.04,0,128,2,False,True,True,False,False,False,False,False,False,False,True,False,False,False,False,False,False,False,False,False,False,False,False,False,False,True,False,True,False,True,False,True,False,False,True,False,0
51.33,10.0,0.0,11,0,1250,False,True,False,True,False,False,False,False,False,False,False,False,True,False,False,False,False,False,False,False,False,False,False,True,False,False,False,False,True,False,True,True,False,False,True,False,1
20.5,10.0,2.5,0,40,1,False,True,True,False,False,False,False,False,False,False,False,False,False,False,False,False,False,True,False,False,False,False,True,False,False,False,False,False,True,True,False,True,False,True,False,False,1
23.25,1.0,0.835,0,300,1,False,True,False,True,False,False,False,False,False,False,False,False,False,False,False,False,False,True,False,False,False,False,True,False,False,False,False,False,True,True,False,True,False,True,False,False,1
53.33,0.165,0.0,0,62,28,True,False,False,True,False,True,False,False,False,False,False,False,False,False,False,False,False,False,False,True,False,False,False,False,False,False,False,True,False,True,False,False,True,True,False,False,0
22.42,11.25,0.75,4,0,322,True,False,True,False,False,False,False,False,False,False,True,False,False,False,False,False,False,False,False,False,False,False,False,False,False,True,False,False,True,False,True,True,False,False,True,False,1
57.83,7.04,14.0,6,360,1333,False,True,False,True,False,False,False,False,False,False,False,False,False,False,False,False,True,False,False,False,False,False,True,False,False,False,False,False,True,False,True,False,True,False,True,False,1
32.08,4.0,1.5,0,120,1,False,True,True,False,False,False,False,False,False,True,False,False,False,False,False,False,False,False,False,False,False,False,True,False,False,False,False,True,False,True,False,False,True,False,True,False,0
48.75,8.5,12.5,9,181,1656,False,True,False,True,False,False,False,False,False,False,False,False,False,False,False,False,False,True,False,False,False,False,False,False,False,True,False,False,True,False,True,True,False,False,True,False,1
34.42,4.25,3.25,2,274,611,False,True,False,True,False,False,False,False,False,False,False,False,True,False,False,False,False,False,False,False,False,False,False,True,False,False,False,False,True,False,True,True,False,False,True,False,1
36.33,2.125,0.085,1,50,1188,False,True,True,False,False,False,False,False,False,False,False,False,False,False,False,False,False,False,True,False,False,False,True,False,False,False,False,False,True,False,True,True,False,False,True,False,1
26.67,2.71,5.25,1,211,1,False,True,True,False,False,False,False,False,False,True,False,False,False,False,False,False,False,False,False,False,False,False,True,False,False,False,False,False,True,False,True,True,False,False,True,False,1
34.5,4.04,8.5,7,195,1,False,True,True,False,False,False,False,False,False,False,False,False,True,False,False,False,False,False,False,False,False,False,False,True,False,False,False,False,True,False,True,False,True,False,True,False,1
30.25,5.5,5.5,0,100,1,True,False,False,True,False,False,False,False,False,False,False,False,False,True,False,False,False,False,False,False,False,False,True,False,False,False,False,True,False,True,False,False,True,True,False,False,0
50.75,0.585,0.0,0,145,1,False,True,False,True,False,True,False,False,False,False,False,False,False,False,False,False,False,False,False,True,False,False,False,False,False,False,False,True,False,True,False,True,False,False,True,False,0
21.75,1.75,0.0,0,160,1,True,False,True,False,False,False,False,False,False,False,False,False,False,False,True,False,False,False,False,False,False,True,False,False,False,False,False,True,False,True,False,True,False,False,True,False,0
33.17,3.165,3.165,3,380,1,False,True,True,False,False,False,False,False,False,False,True,False,False,False,False,False,False,False,False,False,False,False,True,False,False,False,False,False,True,False,True,False,True,False,True,False,1
17.5,22.0,0.0,0,450,100001,False,True,False,False,True,True,False,False,False,False,False,False,False,False,False,False,False,False,False,False,False,False,False,False,True,False,False,True,False,True,False,False,True,False,False,True,1
67.75,5.5,13.0,1,0,1,False,True,False,True,False,False,True,False,False,False,False,False,False,False,False,False,False,False,False,False,False,False,False,False,False,False,True,False,True,False,True,False,True,False,True,False,1
39.5,4.25,6.5,16,117,1211,False,True,False,True,False,False,False,False,False,False,False,False,False,False,False,False,False,True,False,False,False,False,False,True,False,False,False,False,True,False,True,True,False,False,True,False,1
27.83,4.0,5.75,2,75,1,False,True,True,False,False,False,False,False,False,False,False,False,True,False,False,False,False,False,False,False,False,False,False,False,False,True,False,False,True,False,True,False,True,False,True,False,0
21.17,0.25,0.25,0,280,205,False,True,True,False,False,False,False,False,False,False,False,False,False,False,False,False,False,True,False,False,False,False,False,False,False,True,False,True,False,True,False,True,False,False,True,False,0
22.0,0.79,0.29,1,420,284,False,True,False,True,False,False,False,False,False,False,False,False,False,False,False,False,False,False,True,False,False,False,True,False,False,False,False,True,False,False,True,True,False,False,True,False,0
24.83,4.5,1.0,0,360,7,True,False,False,True,False,False,False,False,False,False,False,False,False,False,False,False,False,False,True,False,False,False,True,False,False,False,False,True,False,True,False,False,True,False,True,False,0
21.17,0.0,0.5,0,0,1,False,True,False,True,False,False,False,False,False,False,False,False,False,False,False,False,False,True,False,False,False,False,True,False,False,False,False,True,False,True,False,False,True,True,False,False,0
49.0,1.5,0.0,0,100,28,True,False,False,True,False,False,False,False,False,False,False,False,False,False,True,False,False,False,False,False,False,True,False,False,False,False,False,False,True,True,False,False,True,False,True,False,0
34.17,2.75,2.5,0,232,201,False,True,False,True,False,False,False,False,False,False,False,False,True,False,False,False,False,False,False,False,False,False,False,True,False,False,False,True,False,True,False,False,True,False,True,False,0
27.83,1.0,3.0,0,176,538,False,True,True,False,False,False,False,False,False,False,False,True,False,False,False,False,False,False,False,False,False,False,False,False,False,True,False,True,False,True,False,True,False,False,True,False,0
22.25,1.25,3.25,0,280,1,True,False,True,False,False,True,False,False,False,False,False,False,False,False,False,False,False,False,False,True,False,False,False,False,False,False,False,True,False,True,False,True,False,False,True,False,0
31.67,16.165,3.0,9,250,731,False,True,False,True,False,False,False,False,False,False,False,True,False,False,False,False,False,False,False,False,False,False,True,False,False,False,False,False,True,False,True,True,False,False,True,False,1
69.5,6.0,0.0,0,0,1,True,False,False,True,False,True,False,False,False,False,False,False,False,False,False,False,False,False,False,True,False,False,False,False,False,False,False,True,False,True,False,True,False,True,False,False,0
20.33,10.0,1.0,4,50,1466,True,False,False,True,False,False,False,False,False,False,False,False,False,False,False,False,False,True,False,False,False,False,False,False,False,True,False,False,True,False,True,True,False,False,True,False,1
34.75,15.0,5.375,9,0,135,False,True,False,True,False,False,False,False,True,False,False,False,False,False,False,False,False,False,False,False,False,False,False,False,True,False,False,False,True,False,True,False,True,False,True,False,1
15.92,2.875,0.085,0,120,1,True,False,False,True,False,False,False,True,False,False,False,False,False,False,False,False,False,False,False,False,False,False,True,False,False,False,False,True,False,True,False,True,False,False,True,False,0
39.83,0.5,0.25,0,288,1,False,True,False,True,False,False,False,False,False,False,False,False,False,False,False,False,True,False,False,False,False,False,True,False,False,False,False,False,True,True,False,True,False,True,False,False,0
48.58,0.205,0.25,11,380,2733,False,True,True,False,False,False,False,False,False,False,False,False,False,True,False,False,False,False,False,False,False,False,True,False,False,False,False,False,True,False,True,True,False,False,True,False,1
23.0,0.75,0.5,0,320,1,False,True,False,True,False,False,False,False,False,False,False,False,False,False,False,False,True,False,False,False,False,False,True,False,False,False,False,False,True,True,False,False,True,True,False,False,0
49.83,13.585,8.5,0,0,1,True,False,False,True,False,False,False,False,False,False,False,False,False,True,False,False,False,False,False,False,False,False,False,False,False,True,False,False,True,True,False,False,True,False,True,False,1
29.5,0.46,0.54,4,380,501,True,False,False,True,False,False,False,False,False,False,False,False,False,True,False,False,False,False,False,False,False,False,True,False,False,False,False,False,True,False,True,True,False,False,True,False,1
47.25,0.75,2.75,1,333,893,True,False,False,True,False,False,False,True,False,False,False,False,False,False,False,False,False,False,False,False,False,False,False,False,False,True,False,False,True,False,True,True,False,False,True,False,1
54.83,15.5,0.0,20,152,131,False,True,False,True,False,False,True,False,False,False,False,False,False,False,False,False,False,False,False,False,False,False,False,False,False,False,True,False,True,False,True,True,False,False,True,False,0
28.17,0.585,0.04,0,260,1005,True,False,False,True,False,False,False,False,False,False,False,False,False,False,False,True,False,False,False,False,False,False,True,False,False,False,False,True,False,True,False,True,False,False,True,False,0
36.0,1.0,2.0,11,0,457,True,False,False,True,False,False,False,False,False,False,False,False,False,False,False,False,False,True,False,False,False,False,True,False,False,False,False,False,True,False,True,True,False,False,True,False,1
33.67,1.25,1.165,0,120,1,False,True,False,True,False,False,False,False,False,False,False,False,False,False,False,False,False,False,True,False,False,False,True,False,False,False,False,True,False,True,False,True,False,False,True,False,0
17.92,0.54,1.75,1,80,6,True,False,False,True,False,False,False,False,False,False,False,False,False,False,False,False,False,True,False,False,False,False,True,False,False,False,False,True,False,False,True,False,True,False,True,False,0
26.17,0.25,0.0,0,0,1,False,True,False,True,False,False,False,False,False,False,False,False,True,False,False,False,False,False,False,False,False,False,False,True,False,False,False,False,True,True,False,False,True,False,True,False,1
19.67,0.21,0.29,11,80,100,True,False,False,True,False,False,False,True,False,False,False,False,False,False,False,False,False,False,False,False,False,False,False,False,False,True,False,False,True,False,True,True,False,False,True,False,1
17.67,0.0,0.0,0,86,1,True,False,True,False,False,False,False,False,False,False,False,False,False,False,True,False,False,False,False,True,False,False,False,False,False,False,False,True,False,True,False,True,False,False,True,False,0
18.0,0.165,0.21,0,200,41,False,True,False,True,False,False,False,True,False,False,False,False,False,False,False,False,False,False,False,False,False,False,False,False,True,False,False,True,False,True,False,True,False,False,True,False,1
24.5,12.75,4.75,2,73,445,True,False,False,True,False,False,False,False,False,False,False,False,False,False,False,False,False,True,False,False,False,False,False,True,False,False,False,False,True,False,True,True,False,False,True,False,1
27.58,3.0,2.79,1,280,11,True,False,False,True,False,False,False,False,False,False,False,False,False,False,False,False,True,False,False,False,False,False,True,False,False,False,False,True,False,False,True,False,True,False,True,False,0
24.08,9.0,0.25,0,0,1,False,True,False,True,False,False,False,False,False,False,False,False,False,False,False,True,False,False,False,False,False,False,True,False,False,False,False,True,False,True,False,False,True,False,True,False,0
27.75,0.585,0.25,2,260,501,False,True,True,False,False,False,False,False,False,True,False,False,False,False,False,False,False,False,False,False,False,False,True,False,False,False,False,False,True,False,True,True,False,False,True,False,1
44.0,2.0,1.75,2,0,16,False,True,False,True,False,False,False,False,False,False,False,False,False,False,False,False,True,False,False,False,False,False,True,False,False,False,False,False,True,False,True,False,True,False,True,False,1
39.92,0.54,0.5,3,200,1001,False,True,True,False,False,False,False,False,False,False,False,False,False,False,False,True,False,False,False,False,False,False,True,False,False,False,False,False,True,False,True,True,False,False,True,False,1
34.67,1.08,1.165,0,28,1,False,True,False,True,False,False,False,False,False,False,False,False,False,False,False,False,True,False,False,False,False,False,True,False,False,False,False,True,False,True,False,True,False,True,False,False,0
36.75,0.125,1.5,0,232,114,False,True,True,False,False,False,False,False,False,False,False,False,False,False,False,False,False,True,False,False,False,False,True,False,False,False,False,True,False,True,False,False,True,False,True,False,1
30.17,6.5,3.125,8,330,1201,False,True,False,True,False,False,False,False,False,True,False,False,False,False,False,False,False,False,False,False,False,False,True,False,False,False,False,False,True,False,True,True,False,False,True,False,1
35.17,2.5,4.5,7,150,1271,False,True,False,True,False,False,False,False,False,False,False,False,False,True,False,False,False,False,False,False,False,False,True,False,False,False,False,False,True,False,True,True,False,False,True,False,1
20.83,0.5,1.0,0,260,1,True,False,True,False,False,False,True,False,False,False,False,False,False,False,False,False,False,False,False,False,True,False,False,False,False,False,False,True,False,True,False,True,False,False,True,False,0
43.17,2.25,0.75,0,560,1,False,True,False,True,False,False,False,False,False,False,False,False,True,False,False,False,False,False,False,False,False,False,False,True,False,False,False,False,True,True,False,True,False,False,True,False,0
27.58,3.25,5.085,2,369,2,False,True,True,False,False,False,False,True,False,False,False,False,False,False,False,False,False,False,False,False,False,False,False,False,False,True,False,True,False,False,True,False,True,False,True,False,0
23.75,0.71,0.25,1,240,5,True,False,False,True,False,False,False,False,False,False,False,False,False,False,False,False,False,False,True,False,False,False,True,False,False,False,False,True,False,False,True,False,True,False,True,False,0
22.92,0.17,0.085,0,0,1,False,True,False,True,False,False,False,False,False,False,False,False,False,False,False,False,True,False,False,False,False,False,True,False,False,False,False,True,False,True,False,True,False,True,False,False,0
25.25,1.0,0.5,0,200,1,False,True,False,True,False,False,False,False,False,False,False,False,False,False,False,True,False,False,False,False,False,False,True,False,False,False,False,True,False,True,False,True,False,False,True,False,0
25.42,1.125,1.29,2,200,1,True,False,False,True,False,False,False,True,False,False,False,False,False,False,False,False,False,False,False,False,False,False,True,False,False,False,False,False,True,False,True,True,False,False,True,False,0
40.83,3.5,0.5,0,1160,1,True,False,False,True,False,False,False,False,False,False,False,False,True,False,False,False,False,False,False,False,False,False,False,True,False,False,False,True,False,True,False,True,False,True,False,False,0
41.17,1.335,0.165,0,168,1,False,True,False,True,False,False,False,False,False,False,False,True,False,False,False,False,False,False,False,False,False,False,True,False,False,False,False,True,False,True,False,True,False,False,True,False,0
41.0,0.04,0.04,1,560,1,False,True,False,True,False,False,True,False,False,False,False,False,False,False,False,False,False,False,False,False,False,False,True,False,False,False,False,True,False,False,True,True,False,True,False,False,1
23.92,1.5,1.875,6,200,328,False,True,False,True,False,False,False,False,False,False,False,True,False,False,False,False,False,False,False,False,False,False,False,False,False,True,False,False,True,False,True,True,False,False,True,False,1
36.67,4.415,0.25,10,320,1,False,True,True,False,False,False,False,False,False,False,False,False,False,True,False,False,False,False,False,False,False,False,True,False,False,False,False,False,True,False,True,False,True,False,True,False,1
23.58,0.835,0.085,0,220,6,False,True,False,True,False,False,False,False,False,False,False,False,True,False,False,False,False,False,False,False,False,False,False,False,False,True,False,True,False,True,False,False,True,False,True,False,0
25.0,11.25,2.5,17,200,1209,False,True,False,True,False,False,False,False,False,False,False,False,False,False,False,False,False,True,False,False,False,False,True,False,False,False,False,False,True,False,True,True,False,False,True,False,1
58.67,4.46,3.04,6,43,561,True,False,False,True,False,False,False,True,False,False,False,False,False,False,False,False,False,False,False,False,False,False,False,False,False,True,False,False,True,False,True,True,False,False,True,False,1
20.67,3.0,0.165,3,100,7,True,False,False,True,False,False,False,True,False,False,False,False,False,False,False,False,False,False,False,False,False,False,True,False,False,False,False,False,True,False,True,True,False,False,True,False,1
20.5,2.415,2.0,11,200,3001,False,True,False,True,False,False,False,False,False,False,False,False,False,False,False,False,False,True,False,False,False,False,True,False,False,False,False,False,True,False,True,False,True,False,True,False,1
30.17,1.085,0.04,0,170,180,False,True,True,False,False,False,False,False,False,False,False,False,False,False,False,False,False,True,False,False,False,False,True,False,False,False,False,True,False,True,False,True,False,False,True,False,0
28.75,3.75,1.085,1,371,1,True,False,False,True,False,False,False,False,False,False,False,False,False,False,False,False,False,True,False,False,False,False,True,False,False,False,False,False,True,False,True,False,True,False,True,False,1
17.42,6.5,0.125,0,60,101,False,True,False,True,False,False,False,False,False,False,False,False,True,False,False,False,False,False,False,False,False,False,True,False,False,False,False,True,False,True,False,True,False,False,True,False,0
32.67,9.0,5.25,0,154,1,False,True,True,False,False,False,False,False,False,False,False,False,False,False,False,False,False,False,True,False,False,False,False,False,False,True,False,False,True,True,False,False,True,False,True,False,1
28.0,2.0,4.165,2,181,1,False,True,False,True,False,False,False,False,False,False,False,False,False,True,False,False,False,False,False,False,False,False,False,False,False,True,False,False,True,False,True,False,True,False,True,False,1
24.58,0.67,1.75,0,400,1,True,False,False,True,False,False,False,False,False,False,False,False,False,False,False,True,False,False,False,False,False,False,False,False,False,True,False,False,True,True,False,True,False,False,True,False,0
57.42,8.5,7.0,3,0,1,False,True,False,True,False,False,True,False,False,False,False,False,False,False,False,False,False,False,False,False,False,False,False,False,False,True,False,False,True,False,True,True,False,False,True,False,1
45.83,10.5,5.0,7,0,1,True,False,False,True,False,False,False,True,False,False,False,False,False,False,False,False,False,False,False,False,False,False,True,False,False,False,False,False,True,False,True,False,True,False,True,False,1
25.58,0.335,3.5,0,340,1,False,True,False,True,False,False,False,False,False,False,False,False,False,True,False,False,False,False,False,False,False,False,False,False,False,True,False,True,False,True,False,False,True,False,True,False,0
22.08,2.335,0.75,0,180,1,False,True,False,True,False,False,False,False,False,False,False,False,False,True,False,False,False,False,False,False,False,False,True,False,False,False,False,True,False,True,False,True,False,False,True,False,0
32.42,2.165,0.0,0,120,1,False,True,True,False,False,False,False,False,False,False,False,False,False,True,False,False,False,False,False,True,False,False,False,False,False,False,False,True,False,True,False,True,False,False,True,False,0
21.33,10.5,3.0,0,0,1,False,True,False,True,False,False,False,False,False,False,False,False,False,False,False,False,False,True,False,False,False,False,True,False,False,False,False,False,True,True,False,False,True,False,True,False,1
25.17,6.0,1.0,3,0,1,False,True,False,True,False,False,False,False,False,False,False,False,False,False,False,False,False,True,False,False,False,False,True,False,False,False,False,False,True,False,True,True,False,False,True,False,1
23.25,12.625,0.125,2,0,5553,False,True,False,True,False,False,False,False,False,False,False,False,False,False,False,False,False,True,False,False,False,False,True,False,False,False,False,True,False,False,True,True,False,False,True,False,0
41.58,1.75,0.21,0,160,1,False,True,False,True,False,False,False,False,False,False,False,False,False,True,False,False,False,False,False,False,False,False,True,False,False,False,False,False,True,True,False,True,False,False,True,False,0
21.67,1.165,2.5,1,180,21,False,True,True,False,False,False,False,False,False,False,False,False,False,True,False,False,False,False,False,False,False,False,True,False,False,False,False,False,True,False,True,True,False,False,True,False,0
55.92,11.5,5.0,5,0,8852,False,True,False,True,False,True,False,False,False,False,False,False,False,False,False,False,False,False,False,True,False,False,False,False,False,False,False,False,True,False,True,True,False,False,True,False,1
30.67,2.5,2.25,0,340,1,False,True,False,True,False,False,False,False,False,True,False,False,False,False,False,False,False,False,False,False,False,False,False,False,False,True,False,True,False,True,False,False,True,True,False,False,0
47.33,6.5,1.0,0,0,229,False,True,False,True,False,False,False,False,False,False,False,False,False,False,False,False,False,True,False,False,False,False,True,False,False,False,False,True,False,True,False,False,True,False,True,False,0
21.08,4.125,0.04,0,140,101,False,True,True,False,False,False,False,False,False,False,False,False,True,False,False,False,False,False,False,False,False,False,False,False,False,True,False,True,False,True,False,True,False,False,True,False,0
32.0,1.75,0.04,0,393,1,False,True,True,False,False,False,True,False,False,False,False,False,False,False,False,False,False,False,False,False,False,False,False,False,False,True,False,False,True,True,False,False,True,False,True,False,1
25.0,12.33,3.5,6,400,459,True,False,False,True,False,False,False,False,False,True,False,False,False,False,False,False,False,False,False,False,False,False,False,False,False,True,False,False,True,False,True,True,False,False,True,False,1
46.67,0.46,0.415,11,440,7,True,False,False,True,False,False,False,False,False,True,False,False,False,False,False,False,False,False,False,False,False,False,False,False,False,True,False,False,True,False,True,False,True,False,True,False,1
51.58,15.0,8.5,9,0,1,False,True,False,True,False,False,False,False,False,False,False,False,False,False,False,False,False,True,False,False,False,False,True,False,False,False,False,False,True,False,True,True,False,False,True,False,1
24.42,12.335,1.585,0,120,1,False,True,False,True,False,False,False,True,False,False,False,False,False,False,False,False,False,False,False,False,False,False,False,False,False,True,False,False,True,True,False,False,True,False,True,False,1
31.08,1.5,0.04,0,160,1,False,True,True,False,False,False,False,False,False,False,False,False,False,False,False,False,False,False,True,False,False,False,True,False,False,False,False,True,False,True,False,True,False,True,False,False,0
40.92,0.5,0.5,0,130,1,False,True,True,False,False,False,False,False,False,False,False,False,False,False,False,False,True,False,False,False,False,False,True,False,False,False,False,True,False,True,False,False,True,False,True,False,0
18.33,1.21,0.0,0,100,1,False,True,True,False,False,False,True,False,False,False,False,False,False,False,False,False,False,False,False,False,True,False,False,False,False,False,False,True,False,True,False,True,False,False,True,False,0
21.25,1.5,1.5,0,150,9,False,True,False,True,False,False,False,False,False,False,False,False,False,False,False,False,False,False,True,False,False,False,True,False,False,False,False,True,False,True,False,True,False,False,True,False,1
20.75,5.085,0.29,0,140,185,False,True,True,False,False,False,False,False,False,False,False,False,False,False,True,False,False,False,False,False,False,False,True,False,False,False,False,True,False,True,False,True,False,False,True,False,0
18.08,0.375,10.0,0,300,1,True,False,False,False,True,False,False,False,False,True,False,False,False,False,False,False,False,False,False,True,False,False,False,False,False,False,False,True,False,True,False,False,True,True,False,False,1
40.58,3.29,3.5,0,400,1,False,True,False,True,False,False,False,False,False,False,False,False,False,False,False,False,True,False,False,False,False,False,True,False,False,False,False,True,False,True,False,False,True,True,False,False,0
28.92,0.375,0.29,0,220,141,False,True,False,True,False,False,False,False,False,False,False,False,False,False,False,False,False,True,False,False,False,False,True,False,False,False,False,True,False,True,False,True,False,False,True,False,0
27.25,1.665,5.085,9,399,828,False,True,False,True,False,False,False,False,False,True,False,False,False,False,False,False,False,False,False,False,False,False,False,False,False,True,False,False,True,False,True,True,False,False,True,False,1
17.08,3.29,0.335,0,140,3,False,True,False,True,False,False,False,False,False,False,False,False,True,False,False,False,False,False,False,False,False,False,True,False,False,False,False,True,False,True,False,False,True,False,True,False,0
32.75,1.5,5.5,3,0,1,False,True,False,True,False,False,False,False,False,True,False,False,False,False,False,False,False,False,False,False,False,False,False,False,False,True,False,False,True,False,True,False,True,False,True,False,1
47.0,13.0,5.165,9,0,1,True,False,False,True,False,False,False,False,False,False,False,False,True,False,False,False,False,False,False,False,False,False,False,True,False,False,False,False,True,False,True,False,True,False,True,False,1
25.75,0.5,0.875,0,491,1,True,False,False,True,False,False,False,False,False,False,False,False,False,False,False,False,False,True,False,False,False,False,False,False,False,True,False,False,True,True,False,False,True,False,True,False,1
52.83,15.0,5.5,14,0,2201,True,False,False,True,False,False,False,False,False,False,False,False,False,False,False,False,False,True,False,False,False,False,True,False,False,False,False,False,True,False,True,True,False,False,True,False,1
30.67,12.0,2.0,1,220,20,True,False,False,True,False,False,False,False,False,False,False,False,False,False,False,False,False,True,False,False,False,False,True,False,False,False,False,False,True,False,True,True,False,False,True,False,1
19.0,0.0,0.0,4,45,2,False,True,True,False,False,True,False,False,False,False,False,False,False,False,False,False,False,False,False,True,False,False,False,False,False,False,False,True,False,False,True,True,False,False,True,False,0
26.17,2.0,0.0,0,276,2,True,False,False,True,False,False,False,False,False,False,False,False,False,False,True,False,False,False,False,False,False,True,False,False,False,False,False,True,False,True,False,False,True,False,True,False,0
17.33,9.5,1.75,10,0,11,True,False,False,True,False,False,False,False,False,False,False,False,False,False,False,True,False,False,False,False,False,False,True,False,False,False,False,True,False,False,True,False,True,False,True,False,0
42.17,5.04,12.75,0,92,1,False,True,False,True,False,False,False,True,False,False,False,False,False,False,False,False,False,False,False,False,False,False,False,False,False,True,False,False,True,True,False,False,True,False,True,False,1
37.75,5.5,0.125,0,228,1,True,False,False,True,False,False,False,True,False,False,False,False,False,False,False,False,False,False,False,False,False,False,True,False,False,False,False,False,True,True,False,False,True,False,True,False,1
28.17,0.125,0.085,0,216,2101,False,True,True,False,False,False,False,False,False,False,False,False,False,True,False,False,False,False,False,False,False,False,True,False,False,False,False,True,False,True,False,True,False,False,True,False,0
25.08,1.71,1.665,1,395,21,False,True,False,True,False,False,False,False,False,False,True,False,False,False,False,False,False,False,False,False,False,False,True,False,False,False,False,False,True,False,True,False,True,False,True,False,1
23.58,0.83,0.415,1,200,12,True,False,False,True,False,False,False,True,False,False,False,False,False,False,False,False,False,False,False,False,False,False,True,False,False,False,False,True,False,False,True,False,True,False,True,False,0
26.5,2.71,0.085,0,80,1,True,False,True,False,False,False,False,False,False,False,False,False,False,False,False,False,False,True,False,False,False,False,True,False,False,False,False,True,False,True,False,True,False,True,False,False,0
39.25,9.5,6.5,14,240,4608,False,True,False,True,False,False,False,False,False,False,False,False,False,False,False,False,True,False,False,False,False,False,True,False,False,False,False,False,True,False,True,True,False,False,True,False,1
37.75,7.0,11.5,7,300,6,False,True,False,True,False,False,False,True,False,False,False,False,False,False,False,False,False,False,False,False,False,False,False,False,False,True,False,False,True,False,True,False,True,False,True,False,0
32.75,2.335,5.75,0,292,1,False,True,False,True,False,False,False,False,False,False,False,True,False,False,False,False,False,False,False,False,False,False,False,False,False,True,False,True,False,True,False,False,True,False,True,False,0
25.0,0.875,1.04,0,160,5861,True,False,False,True,False,False,False,False,False,False,True,False,False,False,False,False,False,False,False,False,False,False,False,False,False,True,False,False,True,True,False,False,True,False,True,False,1
32.33,3.5,0.5,0,232,1,False,True,False,True,False,False,False,False,False,False,False,False,False,True,False,False,False,False,False,False,False,False,True,False,False,False,False,True,False,True,False,False,True,False,True,False,0
48.08,3.75,1.0,0,100,3,False,True,False,True,False,False,False,False,False,False,False,False,True,False,False,False,False,False,False,False,False,False,False,True,False,False,False,True,False,True,False,True,False,False,True,False,0
19.58,0.585,0.0,3,350,770,False,True,False,True,False,True,False,False,False,False,False,False,False,False,False,False,False,False,False,True,False,False,False,False,False,False,False,True,False,False,True,True,False,False,True,False,0
16.17,0.04,0.04,0,0,1,False,True,False,True,False,False,False,False,False,False,False,False,False,False,False,False,False,True,False,False,False,False,True,False,False,False,False,True,False,True,False,True,False,False,True,False,1
26.33,13.0,0.0,0,140,1111,False,True,False,True,False,False,True,False,False,False,False,False,False,False,False,False,False,False,False,False,True,False,False,False,False,False,False,True,False,True,False,False,True,False,True,False,0
31.57,4.0,0.085,0,411,1,False,True,True,False,False,False,False,False,False,False,False,False,True,False,False,False,False,False,False,False,False,False,True,False,False,False,False,True,False,True,False,False,True,False,True,False,0
33.17,1.0,0.75,7,340,4072,False,True,False,True,False,False,False,False,False,False,True,False,False,False,False,False,False,False,False,False,False,False,True,False,False,False,False,False,True,False,True,False,True,False,True,False,1
21.08,5.0,0.0,0,0,1,True,False,True,False,False,True,False,False,False,False,False,False,False,False,False,False,False,False,False,True,False,False,False,False,False,False,False,True,False,True,False,True,False,False,True,False,0
37.5,1.125,1.5,0,431,1,False,True,True,False,False,False,False,False,False,False,False,True,False,False,False,False,False,False,False,False,False,False,True,False,False,False,False,True,False,True,False,False,True,False,True,False,1
18.42,9.25,1.21,4,60,541,True,False,False,True,False,False,False,True,False,False,False,False,False,False,False,False,False,False,False,False,False,False,True,False,False,False,False,False,True,False,True,True,False,False,True,False,1
29.67,0.75,0.04,0,240,1,False,True,True,False,False,False,False,False,False,False,False,False,False,False,False,False,False,True,False,False,False,False,True,False,False,False,False,True,False,True,False,True,False,False,True,False,0
23.17,0.0,0.085,0,0,1,False,True,False,True,False,False,False,False,False,True,False,False,False,False,False,False,False,False,False,False,False,False,True,False,False,False,False,False,True,True,False,True,False,False,True,False,1
19.33,9.5,1.0,0,60,401,False,True,False,True,False,False,False,True,False,False,False,False,False,False,False,False,False,False,False,False,False,False,True,False,False,False,False,False,True,True,False,False,True,False,True,False,1
22.67,1.585,3.085,6,80,1,False,True,True,False,False,False,False,False,False,False,False,False,False,False,False,False,False,False,True,False,False,False,True,False,False,False,False,False,True,False,True,True,False,False,True,False,1
58.58,2.71,2.415,0,320,1,False,True,False,True,False,False,False,False,False,False,False,False,False,False,False,False,False,True,False,False,False,False,True,False,False,False,False,True,False,True,False,False,True,False,True,False,0
19.33,10.915,0.585,2,200,8,False,True,False,True,False,False,False,False,False,False,False,False,False,False,False,False,False,True,False,False,False,False,False,True,False,False,False,True,False,False,True,False,True,False,True,False,0
28.25,5.04,1.5,8,144,8,False,True,True,False,False,False,False,False,False,False,False,False,False,False,False,False,False,True,False,False,False,False,False,True,False,False,False,False,True,False,True,False,True,False,True,False,1
24.5,0.5,1.5,0,280,825,True,False,False,True,False,False,False,True,False,False,False,False,False,False,False,False,False,False,False,False,False,False,False,False,False,True,False,False,True,True,False,True,False,False,True,False,1
23.08,2.5,1.085,11,60,2185,False,True,False,True,False,False,False,False,False,False,False,False,False,False,False,False,False,True,False,False,False,False,True,False,False,False,False,False,True,False,True,False,True,False,True,False,1
24.92,1.25,0.0,0,80,1,True,False,False,True,False,True,False,False,False,False,False,False,False,False,False,False,False,False,False,True,False,False,False,False,False,False,False,False,True,True,False,True,False,False,True,False,0
24.5,1.75,0.165,0,132,1,True,False,True,False,False,False,False,False,False,False,False,False,False,False,False,False,False,True,False,False,False,False,True,False,False,False,False,True,False,True,False,True,False,False,True,False,0
28.0,3.0,0.75,0,300,68,False,True,False,True,False,False,False,False,False,False,False,False,False,False,False,False,False,False,True,False,False,False,True,False,False,False,False,True,False,True,False,False,True,False,True,False,0
35.42,12.0,14.0,8,0,6591,True,False,False,True,False,False,False,True,False,False,False,False,False,False,False,False,False,False,False,False,False,False,False,False,False,True,False,False,True,False,True,True,False,False,True,False,1
60.58,16.5,11.0,0,21,10562,True,False,False,True,False,False,False,True,False,False,False,False,False,False,False,False,False,False,False,False,False,False,True,False,False,False,False,False,True,True,False,False,True,False,True,False,1
57.08,0.335,1.0,0,252,2198,True,False,False,True,False,False,False,False,False,False,False,False,True,False,False,False,False,False,False,False,False,False,False,True,False,False,False,False,True,True,False,False,True,False,True,False,0
17.92,0.205,0.04,0,280,751,False,True,False,True,False,False,False,False,False,False,False,False,False,False,False,True,False,False,False,False,False,False,True,False,False,False,False,True,False,True,False,True,False,False,True,False,0
41.0,2.04,0.125,23,455,1237,True,False,True,False,False,False,False,True,False,False,False,False,False,False,False,False,False,False,False,False,False,False,False,False,False,True,False,False,True,False,True,False,True,False,True,False,1
30.17,0.5,1.75,11,32,541,False,True,False,True,False,False,False,False,False,False,False,False,False,False,False,False,False,True,False,False,False,False,True,False,False,False,False,False,True,False,True,True,False,False,True,False,1
20.75,9.54,0.04,0,200,1001,True,False,False,True,False,False,False,False,False,False,False,False,True,False,False,False,False,False,False,False,False,False,True,False,False,False,False,True,False,True,False,True,False,False,True,False,0
56.75,12.25,1.25,4,200,1,False,True,False,True,False,False,False,False,False,False,False,False,False,False,False,False,True,False,False,False,False,False,True,False,False,False,False,False,True,False,True,False,True,False,True,False,1
60.92,5.0,4.0,4,0,100,True,False,False,True,False,False,False,False,False,False,False,False,False,False,False,True,False,False,False,False,False,False,True,False,False,False,False,False,True,False,True,True,False,False,True,False,1
68.67,15.0,0.0,14,0,3377,True,False,False,True,False,False,True,False,False,False,False,False,False,False,False,False,False,False,False,False,False,False,False,False,False,False,True,False,True,False,True,True,False,False,True,False,1
17.58,9.0,1.375,0,0,1,True,False,False,True,False,False,False,False,False,False,False,False,False,False,False,True,False,False,False,False,False,False,True,False,False,False,False,False,True,True,False,False,True,False,True,False,1
33.5,1.75,4.5,4,253,858,False,True,False,True,False,False,False,False,False,False,True,False,False,False,False,False,False,False,False,False,False,False,False,False,False,True,False,False,True,False,True,False,True,False,True,False,1
22.0,7.835,0.165,0,184,1,False,True,True,False,False,False,False,False,False,False,False,False,True,False,False,False,False,False,False,False,False,False,False,True,False,False,False,True,False,True,False,False,True,False,True,False,0
28.58,3.75,0.25,1,40,155,True,False,False,True,False,False,False,False,False,False,False,False,False,False,False,False,False,True,False,False,False,False,True,False,False,False,False,True,False,False,True,False,True,False,True,False,0
34.25,3.0,7.415,0,0,1,False,True,False,True,False,False,False,False,False,True,False,False,False,False,False,False,False,False,False,False,False,False,False,False,False,True,False,False,True,True,False,False,True,False,True,False,1
29.83,3.5,0.165,0,216,1,False,True,False,True,False,False,False,False,False,False,False,False,False,False,False,False,False,True,False,False,False,False,True,False,False,False,False,True,False,True,False,True,False,False,True,False,0
43.17,5.0,2.25,0,141,1,False,True,False,True,False,False,False,False,False,False,False,False,True,False,False,False,False,False,False,False,False,False,False,True,False,False,False,True,False,True,False,False,True,False,True,False,0
37.33,2.5,0.21,0,260,247,True,False,False,True,False,False,False,False,False,False,False,False,True,False,False,False,False,False,False,False,False,False,False,False,False,True,False,True,False,True,False,True,False,False,True,False,0
23.42,1.0,0.5,0,280,1,False,True,False,True,False,False,False,False,False,False,False,False,False,False,False,False,False,True,False,False,False,False,True,False,False,False,False,True,False,True,False,False,True,True,False,False,0
35.0,2.5,1.0,0,210,1,False,True,False,True,False,False,False,False,False,False,False,False,True,False,False,False,False,False,False,False,False,False,True,False,False,False,False,True,False,True,False,False,True,False,True,False,0
18.17,10.25,1.085,0,320,14,False,True,False,True,False,False,False,False,False,False,False,False,False,False,False,False,False,True,False,False,False,False,False,False,False,True,False,True,False,True,False,True,False,False,True,False,0
23.25,5.875,3.17,10,120,246,True,False,False,True,False,False,False,True,False,False,False,False,False,False,False,False,False,False,False,False,False,False,True,False,False,False,False,False,True,False,True,True,False,False,True,False,1
21.5,9.75,0.25,0,140,1,False,True,False,True,False,False,False,False,False,False,False,False,False,False,False,False,False,True,False,False,False,False,True,False,False,False,False,False,True,True,False,True,False,False,True,False,0
59.67,1.54,0.125,0,260,1,False,True,False,True,False,False,False,True,False,False,False,False,False,False,False,False,False,False,False,False,False,False,True,False,False,False,False,False,True,True,False,False,True,False,True,False,1
19.67,0.375,2.0,2,80,1,False,True,False,True,False,False,False,True,False,False,False,False,False,False,False,False,False,False,False,False,False,False,True,False,False,False,False,False,True,False,True,False,True,False,True,False,1
29.42,1.25,1.75,0,200,1,False,True,False,True,False,False,False,False,False,False,False,False,False,False,False,False,False,False,True,False,False,False,True,False,False,False,False,True,False,True,False,True,False,False,True,False,0
48.58,6.5,6.0,0,350,1,False,True,False,True,False,False,False,True,False,False,False,False,False,False,False,False,False,False,False,False,False,False,False,False,False,True,False,False,True,True,False,False,True,False,True,False,1
42.5,4.915,3.165,0,52,1443,False,True,True,False,False,False,False,False,False,False,False,False,False,False,False,False,False,False,True,False,False,False,True,False,False,False,False,False,True,True,False,False,True,False,True,False,1
48.17,3.5,3.5,0,230,1,False,True,False,True,False,False,False,False,False,False,False,False,False,False,False,True,False,False,False,False,False,False,True,False,False,False,False,False,True,True,False,True,False,True,False,False,1
42.83,4.625,4.58,0,0,1,False,True,False,True,False,False,False,True,False,False,False,False,False,False,False,False,False,False,False,False,False,False,True,False,False,False,False,False,True,True,False,True,False,True,False,False,1
20.0,7.0,0.5,0,0,1,False,True,False,True,False,False,False,False,False,False,False,False,False,False,False,False,False,True,False,False,False,False,True,False,False,False,False,True,False,True,False,True,False,False,True,False,0
26.75,1.125,1.25,0,0,5299,False,True,False,True,False,False,False,False,False,False,True,False,False,False,False,False,False,False,False,False,False,False,False,False,False,True,False,False,True,True,False,True,False,False,True,False,1
29.5,2.0,2.0,0,256,18,True,False,True,False,False,False,True,False,False,False,False,False,False,False,False,False,False,False,False,False,False,False,False,False,False,True,False,True,False,True,False,True,False,False,True,False,0
40.0,6.5,3.5,1,0,501,False,True,False,True,False,False,False,False,False,False,False,False,False,False,False,True,False,False,False,False,False,False,False,True,False,False,False,False,True,False,True,True,False,False,True,False,1
56.83,4.25,5.0,0,0,5,True,False,True,False,False,True,False,False,False,False,False,False,False,False,False,False,False,False,False,True,False,False,False,False,False,False,False,True,False,True,False,False,True,False,True,False,0
15.83,0.585,1.5,2,100,1,True,False,False,True,False,False,False,False,False,False,False,False,False,False,False,False,False,True,False,False,False,False,False,False,False,True,False,False,True,False,True,True,False,False,True,False,1
27.83,1.5,2.25,1,100,4,False,True,False,True,False,False,False,False,False,False,False,False,False,False,False,False,False,False,True,False,False,False,True,False,False,False,False,True,False,False,True,False,True,False,True,False,0
30.58,2.71,0.125,0,80,1,False,True,True,False,False,False,False,False,False,False,False,False,False,False,False,False,True,False,False,False,False,False,True,False,False,False,False,True,False,True,False,False,True,True,False,False,0
35.75,0.915,0.75,4,0,1584,True,False,False,True,False,False,False,False,False,False,False,False,False,False,False,True,False,False,False,False,False,False,True,False,False,False,False,False,True,False,True,True,False,False,True,False,1
21.83,0.25,0.665,0,0,1,False,True,False,True,False,False,False,False,False,False,False,True,False,False,False,False,False,False,False,False,False,False,False,False,False,True,False,False,True,True,False,False,True,False,True,False,1
16.08,0.75,1.75,5,352,691,False,True,False,True,False,False,False,False,False,False,False,False,False,False,False,False,False,True,False,False,False,False,True,False,False,False,False,False,True,False,True,False,True,False,True,False,1
25.75,0.75,0.25,0,349,24,False,True,False,True,False,False,False,False,False,False,False,False,False,False,False,False,False,True,False,False,False,False,False,True,False,False,False,False,True,True,False,True,False,False,True,False,1
21.92,0.5,0.125,0,360,1,False,True,False,True,False,False,False,False,False,False,False,False,False,False,False,False,False,True,False,False,False,False,True,False,False,False,False,True,False,True,False,True,False,False,True,False,0
25.33,0.58,0.29,7,96,5125,False,True,False,True,False,False,False,False,False,False,False,False,False,False,False,False,False,True,False,False,False,False,True,False,False,False,False,False,True,False,True,False,True,False,True,False,1
33.58,0.25,4.0,0,420,1,False,True,False,True,False,False,False,False,False,False,False,False,True,False,False,False,False,False,False,False,False,False,False,True,False,False,False,True,False,True,False,False,True,True,False,False,0
24.83,2.75,2.25,6,184,601,False,True,False,True,False,False,False,False,False,False,False,False,False,False,False,False,False,True,False,False,False,False,True,False,False,False,False,False,True,False,True,True,False,False,True,False,1
28.42,3.5,0.835,0,280,1,True,False,False,True,False,False,False,False,False,False,False,False,False,False,False,False,False,False,True,False,False,False,True,False,False,False,False,False,True,True,False,True,False,True,False,False,1
16.25,0.835,0.085,0,200,1,False,True,False,True,False,False,False,False,False,False,False,False,False,False,False,False,True,False,False,False,False,False,True,False,False,False,False,False,True,True,False,True,False,True,False,False,0
54.42,0.5,3.96,0,180,315,False,True,True,False,False,False,False,False,False,False,False,False,False,True,False,False,False,False,False,False,False,False,False,False,False,True,False,False,True,True,False,True,False,False,True,False,1
48.5,4.25,0.125,0,225,1,False,True,False,True,False,False,False,False,False,False,False,False,False,False,False,False,True,False,False,False,False,False,True,False,False,False,False,False,True,True,False,False,True,False,True,False,1
24.08,0.5,1.25,1,0,679,True,False,False,True,False,False,False,True,False,False,False,False,False,False,False,False,False,False,False,False,False,False,False,False,False,True,False,False,True,False,True,True,False,False,True,False,1
24.75,0.54,1.0,0,120,2,False,True,False,True,False,False,False,False,False,False,False,False,False,False,False,False,True,False,False,False,False,False,True,False,False,False,False,True,False,True,False,False,True,False,True,False,0
25.17,3.5,0.625,7,0,7060,False,True,False,True,False,False,False,False,False,True,False,False,False,False,False,False,False,False,False,False,False,False,True,False,False,False,False,False,True,False,True,True,False,False,True,False,1
57.08,19.5,5.5,7,0,3001,True,False,False,True,False,False,False,False,False,False,False,False,False,False,False,False,False,True,False,False,False,False,True,False,False,False,False,False,True,False,True,True,False,False,True,False,1
27.67,13.75,5.75,0,487,501,False,True,False,True,False,False,False,False,False,False,False,False,False,False,False,False,False,False,True,False,False,False,True,False,False,False,False,False,True,True,False,False,True,False,True,False,1
26.67,1.75,1.0,5,160,5778,False,True,True,False,False,False,False,False,False,False,False,False,False,False,False,False,False,True,False,False,False,False,True,False,False,False,False,False,True,False,True,False,True,False,True,False,1
17.92,10.21,0.0,0,0,51,True,False,False,True,False,True,False,False,False,False,False,False,False,False,False,False,False,False,False,True,False,False,False,False,False,False,False,True,False,True,False,True,False,False,True,False,0
24.33,6.625,5.5,0,100,1,False,True,True,False,False,False,False,False,False,False,False,True,False,False,False,False,False,False,False,False,False,False,True,False,False,False,False,False,True,True,False,False,True,True,False,False,1
51.92,6.5,3.085,0,73,1,True,False,False,True,False,False,False,False,False,False,False,False,True,False,False,False,False,False,False,False,False,False,False,True,False,False,False,True,False,True,False,False,True,False,True,False,0
32.33,2.5,1.25,0,280,1,False,True,False,True,False,False,False,False,False,False,False,False,False,False,False,False,False,True,False,False,False,False,True,False,False,False,False,True,False,True,False,False,True,False,True,False,0
23.58,0.585,0.125,0,120,88,True,False,True,False,False,True,False,False,False,False,False,False,False,False,False,False,False,False,False,True,False,False,False,False,False,False,False,True,False,True,False,True,False,False,True,False,0
32.25,1.5,0.25,0,372,123,True,False,False,True,False,False,False,False,False,False,False,False,False,False,False,False,False,True,False,False,False,False,True,False,False,False,False,True,False,True,False,False,True,False,True,False,0
30.5,6.5,4.0,7,0,3066,True,False,False,True,False,False,False,False,False,False,False,False,False,False,False,False,False,True,False,False,False,False,False,True,False,False,False,False,True,False,True,False,True,False,True,False,1
20.67,5.29,0.375,1,160,1,False,True,False,True,False,False,False,True,False,False,False,False,False,False,False,False,False,False,False,False,False,False,True,False,False,False,False,False,True,False,True,True,False,False,True,False,0
42.83,1.25,13.875,1,352,113,False,True,False,True,False,False,False,False,False,False,False,False,False,False,False,False,True,False,False,False,False,False,True,False,False,False,False,True,False,False,True,False,True,False,True,False,0
31.25,3.75,0.625,9,181,1,True,False,False,True,False,False,False,False,False,True,False,False,False,False,False,False,False,False,False,False,False,False,False,False,False,True,False,False,True,False,True,False,True,False,True,False,1
76.75,22.29,12.75,1,0,110,False,True,False,True,False,False,True,False,False,False,False,False,False,False,False,False,False,False,False,False,False,False,False,False,False,False,True,False,True,False,True,False,True,False,True,False,1
31.67,0.83,1.335,8,303,3291,False,True,False,True,False,False,False,False,False,False,True,False,False,False,False,False,False,False,False,False,False,False,True,False,False,False,False,False,True,False,True,False,True,False,True,False,1
38.58,5.0,13.5,0,980,1,True,False,False,True,False,False,False,False,False,True,False,False,False,False,False,False,False,False,False,False,False,False,True,False,False,False,False,False,True,True,False,False,True,False,True,False,0
28.25,5.125,4.75,2,420,8,False,True,False,True,False,False,False,False,False,False,True,False,False,False,False,False,False,False,False,False,False,False,True,False,False,False,False,False,True,False,True,True,False,False,True,False,1
44.25,0.5,10.75,0,400,1,False,True,False,True,False,False,False,False,False,False,False,False,False,False,False,False,True,False,False,False,False,False,True,False,False,False,False,False,True,True,False,True,False,True,False,False,0
18.08,6.75,0.04,0,140,1,False,True,True,False,False,False,False,False,False,False,False,False,False,False,False,False,True,False,False,False,False,False,True,False,False,False,False,True,False,True,False,True,False,False,True,False,0
25.92,0.875,0.375,2,174,4,False,True,False,True,False,False,False,False,False,False,False,False,False,True,False,False,False,False,False,False,False,False,True,False,False,False,False,True,False,False,True,False,True,False,True,False,0
33.67,0.375,0.375,0,300,45,True,False,False,True,False,False,False,False,False,True,False,False,False,False,False,False,False,False,False,False,False,False,True,False,False,False,False,True,False,True,False,True,False,False,True,False,1
21.25,2.335,0.5,4,80,1,True,False,False,True,False,False,False,False,False,False,False,False,True,False,False,False,False,False,False,False,False,False,False,True,False,False,False,False,True,False,True,True,False,True,False,False,1
24.5,1.04,0.5,3,180,148,True,False,True,False,False,True,False,False,False,False,False,False,False,False,False,False,False,False,False,True,False,False,False,False,False,False,False,False,True,False,True,True,False,False,True,False,0
21.0,4.79,2.25,1,80,301,False,True,True,False,False,False,False,False,False,False,False,False,False,False,False,False,False,False,True,False,False,False,True,False,False,False,False,False,True,False,True,False,True,False,True,False,1
21.67,11.5,0.0,11,0,1,True,False,True,False,False,False,False,False,False,False,False,False,False,False,True,False,False,False,False,False,False,True,False,False,False,False,False,False,True,False,True,False,True,False,True,False,1
31.75,3.0,0.0,0,160,21,True,False,True,False,False,False,False,False,False,False,False,False,False,False,True,False,False,False,False,False,False,True,False,False,False,False,False,True,False,True,False,True,False,False,True,False,0
38.58,3.335,4.0,14,383,1345,False,True,False,True,False,False,False,False,False,False,False,False,False,False,False,False,False,False,True,False,False,False,True,False,False,False,False,False,True,False,True,True,False,False,True,False,1
46.0,4.0,0.0,0,100,961,True,False,False,True,False,False,False,False,False,False,False,False,False,False,True,False,False,False,False,False,False,True,False,False,False,False,False,False,True,True,False,True,False,False,True,False,1
21.83,1.54,0.085,0,356,1,False,True,False,True,False,False,False,False,False,False,False,False,False,True,False,False,False,False,False,False,False,False,True,False,False,False,False,True,False,True,False,False,True,False,True,False,0
27.0,1.5,0.375,0,260,1066,False,True,True,False,False,False,False,False,False,False,False,False,False,False,False,False,False,False,True,False,False,False,True,False,False,False,False,False,True,True,False,False,True,False,True,False,1
42.08,1.04,5.0,6,500,10001,False,True,False,True,False,False,False,False,False,False,False,False,False,False,False,False,False,False,True,False,False,False,True,False,False,False,False,False,True,False,True,False,True,False,True,False,1
29.75,0.665,0.25,0,300,1,True,False,False,True,False,False,False,False,False,False,False,False,False,False,False,False,False,False,True,False,False,False,True,False,False,False,False,True,False,True,False,False,True,False,True,False,0
65.42,11.0,20.0,7,22,1,False,True,False,True,False,False,True,False,False,False,False,False,False,False,False,False,False,False,False,False,False,False,False,False,False,False,True,False,True,False,True,False,True,False,True,False,1
36.25,5.0,2.5,6,0,368,False,True,False,True,False,False,False,False,False,False,False,False,False,False,False,False,False,True,False,False,False,False,False,True,False,False,False,False,True,False,True,True,False,False,True,False,1
39.58,13.915,8.625,6,70,1,False,True,False,True,False,False,False,False,False,False,False,False,False,False,False,False,False,False,True,False,False,False,True,False,False,False,False,False,True,False,True,False,True,False,True,False,1
20.25,9.96,0.0,0,0,1,False,True,False,True,False,False,True,False,False,False,False,False,False,False,False,False,False,False,False,False,True,False,False,False,False,False,False,False,True,True,False,True,False,False,True,False,1
31.57,0.625,0.25,0,380,2011,False,True,False,True,False,False,False,False,False,False,False,False,False,True,False,False,False,False,False,False,False,False,True,False,False,False,False,True,False,True,False,True,False,False,True,False,0
65.17,14.0,0.0,11,0,1401,True,False,False,True,False,True,False,False,False,False,False,False,False,False,False,False,False,False,False,True,False,False,False,False,False,False,False,False,True,False,True,False,True,False,True,False,1
24.33,2.5,4.5,0,200,457,True,False,True,False,False,False,False,False,False,False,False,False,True,False,False,False,False,False,False,False,False,False,False,True,False,False,False,True,False,True,False,True,False,False,True,False,0
28.75,1.5,1.5,0,0,226,False,True,True,False,False,False,False,False,False,False,False,False,False,False,False,False,False,True,False,False,False,False,True,False,False,False,False,False,True,True,False,False,True,False,True,False,0
24.58,1.25,0.25,0,110,1,False,True,False,True,False,False,False,False,False,False,False,False,False,False,False,False,False,True,False,False,False,False,True,False,False,False,False,True,False,True,False,True,False,False,True,False,0
59.5,2.75,1.75,5,60,59,False,True,False,True,False,False,False,False,False,False,False,False,False,False,False,False,False,False,True,False,False,False,True,False,False,False,False,False,True,False,True,False,True,False,True,False,1
21.58,0.79,0.665,0,160,1,False,True,True,False,False,False,False,False,False,True,False,False,False,False,False,False,False,False,False,False,False,False,True,False,False,False,False,True,False,True,False,True,False,False,True,False,0
25.75,0.5,1.46,5,312,1,False,True,False,True,False,False,False,False,False,False,False,False,False,False,False,False,False,True,False,False,False,False,True,False,False,False,False,False,True,False,True,False,True,False,True,False,1
25.0,12.5,3.0,0,20,1,False,True,False,True,False,False,False,False,False,False,False,False,False,False,False,True,False,False,False,False,False,False,True,False,False,False,False,False,True,True,False,False,True,True,False,False,1
24.75,13.665,1.5,0,280,2,True,False,False,True,False,False,False,True,False,False,False,False,False,False,False,False,False,False,False,False,False,False,False,False,False,True,False,True,False,True,False,True,False,False,True,False,0
31.57,3.0,7.0,0,0,2,False,True,True,False,False,False,False,False,False,False,False,False,True,False,False,False,False,False,False,False,False,False,False,True,False,False,False,True,False,True,False,True,False,False,True,False,0
23.17,11.125,0.46,1,100,1,False,True,False,True,False,False,False,False,False,False,True,False,False,False,False,False,False,False,False,False,False,False,False,False,False,True,False,False,True,False,True,True,False,False,True,False,1
25.67,0.29,1.5,0,160,1,False,True,True,False,False,False,False,False,False,False,False,False,False,False,False,False,False,True,False,False,False,False,True,False,False,False,False,True,False,True,False,False,True,False,True,False,0
34.08,6.5,0.125,0,443,1,False,True,False,True,False,False,False,False,False,False,False,False,False,False,False,True,False,False,False,False,False,False,True,False,False,False,False,False,True,True,False,False,True,False,True,False,0
62.75,7.0,0.0,0,0,13,False,True,False,True,False,False,True,False,False,False,False,False,False,False,False,False,False,False,False,False,False,False,False,False,False,False,True,True,False,True,False,True,False,False,True,False,0
23.08,11.5,2.125,11,290,285,False,True,False,True,False,False,False,False,False,False,False,False,False,False,False,False,False,False,True,False,False,False,False,False,False,True,False,False,True,False,True,False,True,False,True,False,1
31.25,1.125,0.0,1,96,20,False,True,False,True,False,True,False,False,False,False,False,False,False,False,False,False,False,False,False,True,False,False,False,False,False,False,False,True,False,False,True,True,False,False,True,False,0
48.25,25.085,1.75,3,120,15,False,True,False,True,False,False,False,False,False,False,False,False,False,False,False,False,False,False,True,False,False,False,True,False,False,False,False,False,True,False,True,True,False,False,True,False,1
40.83,10.0,1.75,0,29,838,True,False,False,True,False,False,False,True,False,False,False,False,False,False,False,False,False,False,False,False,False,False,False,False,False,True,False,False,True,True,False,True,False,False,True,False,1
32.33,0.54,0.04,0,440,11178,True,False,False,True,False,False,False,False,False,True,False,False,False,False,False,False,False,False,False,False,False,False,True,False,False,False,False,False,True,True,False,True,False,False,True,False,1
22.67,10.5,1.335,0,100,1,False,True,False,True,False,False,False,True,False,False,False,False,False,False,False,False,False,False,False,False,False,False,False,False,False,True,False,False,True,True,False,True,False,False,True,False,1
20.42,7.5,1.5,1,160,235,True,False,False,True,False,False,False,False,False,False,False,False,False,True,False,False,False,False,False,False,False,False,True,False,False,False,False,False,True,False,True,True,False,False,True,False,1
24.17,0.875,4.625,2,520,2001,False,True,False,True,False,False,False,True,False,False,False,False,False,False,False,False,False,False,False,False,False,False,True,False,False,False,False,False,True,False,True,False,True,False,True,False,1
20.08,1.25,0.0,0,0,1,True,False,False,True,False,False,False,False,False,False,False,False,False,False,False,False,False,True,False,False,False,False,True,False,False,False,False,True,False,True,False,True,False,False,True,False,0
21.83,11.0,0.29,6,121,1,False,True,False,True,False,False,False,False,False,False,True,False,False,False,False,False,False,False,False,False,False,False,True,False,False,False,False,False,True,False,True,True,False,False,True,False,1
44.33,0.0,2.5,0,0,1,True,False,False,True,False,False,False,False,False,False,False,False,False,False,False,False,False,True,False,False,False,False,True,False,False,False,False,False,True,True,False,True,False,False,True,False,1
20.42,1.085,1.5,0,108,8,False,True,False,True,False,False,False,True,False,False,False,False,False,False,False,False,False,False,False,False,False,False,True,False,False,False,False,True,False,True,False,True,False,False,True,False,0
40.25,21.5,20.0,11,0,1201,False,True,False,True,False,False,True,False,False,False,False,False,False,False,False,False,False,False,False,False,False,False,False,False,False,False,True,False,True,False,True,True,False,False,True,False,1
25.17,3.0,1.25,1,0,23,False,True,False,True,False,False,False,False,False,False,False,False,False,False,False,False,False,True,False,False,False,False,True,False,False,False,False,True,False,False,True,True,False,False,True,False,0
35.75,2.415,0.125,2,220,2,False,True,False,True,False,False,False,False,False,False,False,False,False,False,False,False,False,False,True,False,False,False,True,False,False,False,False,True,False,False,True,True,False,False,True,False,0
22.17,2.25,0.125,0,160,11,False,True,False,True,False,False,False,False,False,False,False,False,True,False,False,False,False,False,False,False,False,False,True,False,False,False,False,True,False,True,False,True,False,False,True,False,0
25.5,0.375,0.25,3,260,15109,False,True,False,True,False,False,False,False,False,False,False,False,False,False,False,False,True,False,False,False,False,False,True,False,False,False,False,False,True,False,True,True,False,False,True,False,1
22.83,2.29,2.29,7,140,2385,True,False,False,True,False,False,False,True,False,False,False,False,False,False,False,False,False,False,False,False,False,False,False,False,False,True,False,False,True,False,True,False,True,False,True,False,1
40.33,7.54,8.0,14,0,2301,True,False,True,False,False,False,False,True,False,False,False,False,False,False,False,False,False,False,False,False,False,False,False,False,False,True,False,False,True,False,True,True,False,False,True,False,1
47.67,0.29,15.0,20,0,15001,False,True,False,True,False,False,False,False,False,False,False,False,False,False,False,False,False,True,False,False,False,False,False,True,False,False,False,False,True,False,True,True,False,False,True,False,1
56.42,28.0,28.5,40,0,16,False,True,True,False,False,False,False,False,False,False,False,False,False,False,False,False,False,True,False,False,False,False,True,False,False,False,False,False,True,False,True,True,False,False,True,False,1
27.83,1.54,3.75,5,100,4,False,True,False,True,False,False,False,False,False,False,False,False,False,False,False,False,False,False,True,False,False,False,True,False,False,False,False,False,True,False,True,False,True,False,True,False,1
60.08,14.5,18.0,15,0,1001,False,True,False,True,False,True,False,False,False,False,False,False,False,False,False,False,False,False,False,True,False,False,False,False,False,False,False,False,True,False,True,False,True,False,True,False,1
23.5,9.0,8.5,5,120,1,True,False,False,True,False,False,False,True,False,False,False,False,False,False,False,False,False,False,False,False,False,False,True,False,False,False,False,False,True,False,True,False,True,False,True,False,1
35.17,25.125,1.625,1,515,501,False,True,False,True,False,False,False,False,False,False,True,False,False,False,False,False,False,False,False,False,False,False,False,False,False,True,False,False,True,False,True,False,True,False,True,False,1
20.0,1.25,0.125,0,140,5,False,True,True,False,False,False,False,False,False,False,False,False,False,True,False,False,False,False,False,False,False,False,True,False,False,False,False,True,False,True,False,True,False,False,True,False,0
23.5,1.5,0.875,0,160,1,True,False,False,True,False,False,False,False,False,False,False,False,False,False,False,False,False,False,True,False,False,False,True,False,False,False,False,True,False,True,False,False,True,False,True,False,0
39.08,6.0,1.29,5,108,1098,False,True,False,True,False,False,False,False,False,False,False,False,False,False,False,False,True,False,False,False,False,False,True,False,False,False,False,False,True,False,True,False,True,False,True,False,1
20.08,0.125,1.0,1,240,769,True,False,False,True,False,False,False,True,False,False,False,False,False,False,False,False,False,False,False,False,False,False,True,False,False,False,False,True,False,False,True,True,False,False,True,False,1
25.67,3.25,2.29,1,416,22,False,True,False,True,False,False,False,False,False,False,False,False,False,False,False,False,False,True,False,False,False,False,False,False,False,True,False,True,False,False,True,False,True,False,True,False,0
22.17,12.125,3.335,2,180,174,False,True,False,True,False,False,False,False,False,False,False,False,False,False,False,False,False,True,False,False,False,False,True,False,False,False,False,True,False,False,True,False,True,False,True,False,0
27.42,14.5,3.085,1,120,12,True,False,False,True,False,False,False,False,False,False,True,False,False,False,False,False,False,False,False,False,False,False,False,False,False,True,False,False,True,False,True,True,False,False,True,False,1
31.92,4.46,6.04,3,311,301,False,True,False,True,False,False,False,False,False,True,False,False,False,False,False,False,False,False,False,False,False,False,False,False,False,True,False,False,True,False,True,True,False,False,True,False,1
25.17,2.875,0.875,0,360,1,True,False,False,True,False,False,False,False,False,False,True,False,False,False,False,False,False,False,False,False,False,False,False,False,False,True,False,False,True,True,False,True,False,False,True,False,1
64.08,20.0,17.5,9,0,1001,False,True,False,True,False,False,False,False,False,False,True,False,False,False,False,False,False,False,False,False,False,False,False,False,False,True,False,False,True,False,True,False,True,False,True,False,1
48.08,6.04,0.04,0,0,2691,False,True,False,True,False,False,False,False,False,False,False,False,False,True,False,False,False,False,False,False,False,False,True,False,False,False,False,True,False,True,False,True,False,False,True,False,1
31.57,0.5,0.835,0,320,1,False,True,False,True,False,False,False,False,False,False,False,False,False,False,False,False,False,True,False,False,False,False,False,True,False,False,False,False,True,True,False,False,True,True,False,False,0
51.42,0.04,0.04,0,0,3001,False,True,False,True,False,False,False,False,False,False,True,False,False,False,False,False,False,False,False,False,False,False,False,False,False,True,False,False,True,True,False,True,False,False,True,False,1
31.42,15.5,0.5,0,120,1,False,True,False,True,False,False,False,False,False,False,False,False,False,False,False,False,False,True,False,False,False,False,True,False,False,False,False,False,True,True,False,True,False,False,True,False,0
16.25,0.0,0.25,0,60,1,False,True,True,False,False,False,False,False,False,False,False,False,False,False,False,True,False,False,False,False,False,False,True,False,False,False,False,True,False,True,False,True,False,False,True,False,0
39.33,5.875,10.0,14,399,1,False,True,False,True,False,False,False,False,False,True,False,False,False,False,False,False,False,False,False,False,False,False,False,False,False,True,False,False,True,False,True,False,True,False,True,False,1
22.67,0.335,0.75,0,160,1,True,False,False,True,False,False,False,True,False,False,False,False,False,False,False,False,False,False,False,False,False,False,True,False,False,False,False,True,False,True,False,True,False,True,False,False,0
22.42,5.665,2.585,7,129,3258,True,False,False,True,False,False,False,True,False,False,False,False,False,False,False,False,False,False,False,False,False,False,True,False,False,False,False,False,True,False,True,True,False,False,True,False,1
44.83,7.0,1.625,0,160,3,False,True,True,False,False,False,False,False,False,False,False,False,False,False,False,False,False,True,False,False,False,False,True,False,False,False,False,True,False,True,False,True,False,False,True,False,0
64.08,0.165,0.0,1,232,101,True,False,False,True,False,True,False,False,False,False,False,False,False,False,False,False,False,False,False,True,False,False,False,False,False,False,False,False,True,False,True,True,False,False,True,False,1
42.25,1.75,0.0,0,150,2,True,False,True,False,False,False,False,False,False,False,False,False,False,False,False,False,False,True,False,False,False,False,True,False,False,False,False,True,False,True,False,False,True,False,True,False,0
26.0,1.0,1.75,0,280,1,False,True,False,True,False,False,False,True,False,False,False,False,False,False,False,False,False,False,False,False,False,False,True,False,False,False,False,False,True,True,False,False,True,False,True,False,1
28.67,14.5,0.125,0,0,287,False,True,False,True,False,False,False,False,False,False,False,True,False,False,False,False,False,False,False,False,False,False,True,False,False,False,False,True,False,True,False,True,False,False,True,False,0
34.58,0.0,0.0,0,184,1,False,True,False,True,False,False,False,False,False,False,False,False,False,False,False,False,False,True,False,False,False,False,True,False,False,False,False,True,False,True,False,True,False,False,False,True,0
36.42,0.75,0.585,0,240,4,False,True,True,False,False,False,False,False,False,False,False,True,False,False,False,False,False,False,False,False,False,False,True,False,False,False,False,True,False,True,False,True,False,False,True,False,0
30.58,10.665,0.085,12,129,4,True,False,False,True,False,False,False,True,False,False,False,False,False,False,False,False,False,False,False,False,False,False,False,False,False,True,False,True,False,False,True,False,True,False,True,False,0
56.5,16.0,0.0,15,0,248,True,False,False,True,False,False,False,False,False,False,False,False,False,False,True,False,False,False,False,True,False,False,False,False,False,False,False,False,True,False,True,True,False,False,True,False,1
47.42,8.0,6.5,6,375,51101,True,False,False,True,False,False,True,False,False,False,False,False,False,False,False,False,False,False,False,False,False,False,False,True,False,False,False,False,True,False,True,True,False,False,True,False,1
22.5,8.46,2.46,0,164,1,True,False,True,False,False,False,False,False,False,False,True,False,False,False,False,False,False,False,False,False,False,False,True,False,False,False,False,True,False,True,False,True,False,False,True,False,1
34.83,1.25,0.5,0,160,1,True,False,True,False,False,False,False,False,False,False,False,False,True,False,False,False,False,False,False,False,False,False,False,False,False,True,False,True,False,True,False,False,True,False,True,False,0
19.17,9.5,1.5,0,120,2207,False,True,False,True,False,False,False,False,False,False,False,False,False,False,False,False,False,False,True,False,False,False,True,False,False,False,False,False,True,True,False,True,False,False,True,False,1
20.83,3.0,0.04,0,100,1,True,False,False,True,False,False,False,False,False,False,False,False,False,False,False,True,False,False,False,False,False,False,True,False,False,False,False,False,True,True,False,True,False,False,True,False,1
34.17,5.25,0.085,0,290,7,False,True,False,True,False,False,False,False,False,False,False,False,False,False,False,False,False,False,True,False,False,False,True,False,False,False,False,True,False,True,False,False,True,False,True,False,1
22.75,11.5,0.415,0,0,1,False,True,False,True,False,False,False,False,False,False,False,False,True,False,False,False,False,False,False,False,False,False,True,False,False,False,False,True,False,True,False,True,False,False,True,False,0
22.67,2.54,2.585,0,0,1,False,True,True,False,False,False,False,False,False,False,False,False,False,False,False,False,False,True,False,False,False,False,False,False,False,True,False,False,True,True,False,True,False,False,True,False,1
50.08,12.54,2.29,3,156,1,True,False,False,True,False,False,False,False,False,False,False,False,False,False,False,True,False,False,False,False,False,False,True,False,False,False,False,False,True,False,True,False,True,False,True,False,1
17.08,0.085,0.04,0,140,723,False,True,True,False,False,False,False,False,False,False,False,False,False,False,False,False,False,True,False,False,False,False,True,False,False,False,False,True,False,True,False,True,False,False,True,False,0
56.0,12.5,8.0,0,24,2029,False,True,False,True,False,False,False,False,False,False,False,False,False,True,False,False,False,False,False,False,False,False,False,False,False,True,False,False,True,True,False,False,True,False,True,False,1
31.58,0.75,3.5,0,320,1,False,True,True,False,False,False,False,False,False,False,False,False,False,False,False,True,False,False,False,False,False,False,True,False,False,False,False,True,False,True,False,False,True,False,True,False,0
26.83,0.54,0.0,0,100,1,False,True,False,True,False,False,False,False,False,False,False,False,False,True,False,False,False,False,False,True,False,False,False,False,False,False,False,True,False,True,False,True,False,False,True,False,0
20.17,9.25,1.665,3,40,29,False,True,False,True,False,False,False,False,False,False,False,False,False,False,False,False,False,True,False,False,False,False,True,False,False,False,False,False,True,False,True,False,True,False,True,False,1
73.42,17.75,0.0,0,0,1,False,True,False,True,False,True,False,False,False,False,False,False,False,False,False,False,False,False,False,True,False,False,False,False,False,False,False,False,True,True,False,False,True,False,True,False,1
22.67,0.79,0.085,0,144,1,True,False,False,True,False,False,False,False,False,False,False,False,True,False,False,False,False,False,False,False,False,False,True,False,False,False,False,True,False,True,False,True,False,False,True,False,0
39.0,5.0,3.5,10,0,1,False,True,False,True,False,False,False,False,False,True,False,False,False,False,False,False,False,False,False,False,False,False,True,False,False,False,False,False,True,False,True,False,True,False,True,False,1
23.0,11.75,0.5,2,300,552,True,False,False,True,False,False,False,False,False,False,True,False,False,False,False,False,False,False,False,False,False,False,False,False,False,True,False,False,True,False,True,False,True,False,True,False,1
24.5,13.335,0.04,0,120,476,False,True,True,False,False,False,False,False,False,False,False,False,False,False,False,True,False,False,False,False,False,False,True,False,False,False,False,True,False,True,False,False,True,False,True,False,0
30.42,1.375,0.04,3,0,34,True,False,False,True,False,False,False,False,False,False,False,False,False,False,False,False,False,False,True,False,False,False,False,False,False,True,False,True,False,False,True,True,False,False,True,False,0
33.25,3.0,2.0,0,180,1,True,False,True,False,False,False,False,False,False,False,False,False,False,False,False,True,False,False,False,False,False,False,True,False,False,False,False,True,False,True,False,True,False,False,True,False,0
26.92,2.25,0.5,0,640,4001,False,True,False,True,False,False,False,False,False,False,False,False,True,False,False,False,False,False,False,False,False,False,False,True,False,False,False,True,False,True,False,False,True,False,True,False,0
30.33,0.5,0.085,0,252,1,False,True,False,True,False,False,False,False,False,False,False,True,False,False,False,False,False,False,False,False,False,False,False,False,False,True,False,True,False,True,False,False,True,True,False,False,0
34.08,2.5,1.0,0,460,17,False,True,False,True,False,False,False,False,False,False,False,False,False,False,False,False,False,True,False,False,False,False,True,False,False,False,False,True,False,True,False,True,False,False,True,False,0
25.83,12.835,0.5,0,0,3,False,True,False,True,False,False,False,False,False,True,False,False,False,False,False,False,False,False,False,False,False,False,True,False,False,False,False,True,False,True,False,True,False,False,True,False,0
47.75,8.0,7.875,6,0,1261,True,False,False,True,False,False,False,False,False,False,False,False,False,False,False,False,False,True,False,False,False,False,True,False,False,False,False,False,True,False,True,False,True,False,True,False,1
27.67,1.5,2.0,0,368,1,True,False,False,True,False,False,False,False,False,False,False,False,False,False,False,False,True,False,False,False,False,False,True,False,False,False,False,False,True,True,False,True,False,True,False,False,0
31.08,3.085,2.5,2,160,42,False,True,False,True,False,False,False,False,False,False,False,False,False,False,False,False,False,True,False,False,False,False,True,False,False,False,False,True,False,False,True,False,True,False,True,False,0
37.33,2.665,0.165,0,0,502,False,True,False,True,False,False,False,False,False,True,False,False,False,False,False,False,False,False,False,False,False,False,True,False,False,False,False,True,False,True,False,False,True,False,True,False,0
22.08,11.46,1.585,0,100,1213,False,True,False,True,False,False,False,False,False,False,False,False,False,True,False,False,False,False,False,False,False,False,True,False,False,False,False,True,False,True,False,False,True,False,True,False,0
21.75,11.75,0.25,0,180,1,True,False,False,True,False,False,False,False,False,False,False,False,False,False,False,False,False,True,False,False,False,False,True,False,False,False,False,True,False,True,False,False,True,False,True,False,0
20.67,1.25,1.375,3,140,211,False,True,True,False,False,False,False,False,False,False,False,False,False,False,False,False,False,True,False,False,False,False,False,False,False,True,False,False,True,False,True,False,True,False,True,False,0
36.17,0.42,0.29,0,309,3,False,True,True,False,False,False,False,False,False,False,False,False,False,False,False,False,False,False,True,False,False,False,True,False,False,False,False,True,False,True,False,False,True,False,True,False,0
28.92,15.0,5.335,11,0,2284,False,True,False,True,False,False,False,False,False,False,False,False,False,False,False,False,False,True,False,False,False,False,False,False,False,True,False,False,True,False,True,True,False,False,True,False,1
23.08,11.5,3.5,9,56,743,False,True,False,True,False,False,False,False,False,False,False,False,True,False,False,False,False,False,False,False,False,False,True,False,False,False,False,False,True,False,True,True,False,False,True,False,1
26.58,2.54,0.0,0,180,61,True,False,True,False,False,True,False,False,False,False,False,False,False,False,False,False,False,False,False,True,False,False,False,False,False,False,False,True,False,True,False,False,True,False,True,False,0
23.33,1.5,1.415,0,422,201,False,True,False,True,False,False,False,False,False,False,False,False,False,False,False,False,False,True,False,False,False,False,False,False,False,True,False,False,True,True,False,True,False,False,True,False,1
22.58,1.5,0.54,0,120,68,False,True,True,False,False,False,False,False,False,False,False,False,False,False,False,True,False,False,False,False,False,False,True,False,False,False,False,True,False,True,False,False,True,False,True,False,0
38.33,4.415,0.125,0,160,1,True,False,False,True,False,False,False,False,False,False,False,False,False,False,False,False,False,True,False,False,False,False,True,False,False,False,False,True,False,True,False,True,False,False,True,False,0
38.75,1.5,0.0,0,76,1,True,False,False,True,False,True,False,False,False,False,False,False,False,False,False,False,False,False,False,True,False,False,False,False,False,False,False,True,False,True,False,True,False,False,True,False,0
28.67,1.04,2.5,5,300,1431,True,False,False,True,False,False,False,False,False,False,False,False,False,False,False,False,False,True,False,False,False,False,True,False,False,False,False,False,True,False,True,False,True,False,True,False,1
38.67,0.21,0.085,0,280,1,False,True,False,True,False,False,False,False,False,False,False,False,False,True,False,False,False,False,False,False,False,False,True,False,False,False,False,False,True,True,False,False,True,False,True,False,1
27.58,2.04,2.0,3,370,561,False,True,True,False,False,False,False,False,False,False,False,False,False,False,False,True,False,False,False,False,False,False,True,False,False,False,False,False,True,False,True,False,True,False,True,False,1
29.58,4.75,2.0,1,460,69,False,True,False,True,False,False,False,False,False,False,False,False,False,False,False,False,True,False,False,False,False,False,True,False,False,False,False,True,False,False,True,False,True,False,True,False,0
22.67,0.165,2.25,0,0,1,False,True,False,True,False,False,False,False,False,False,False,False,False,False,False,False,False,True,False,False,False,True,False,False,False,False,False,True,False,True,False,False,True,True,False,False,1
13.75,4.0,1.75,2,120,1001,False,True,True,False,False,False,False,False,False,False,False,False,False,False,False,False,False,False,True,False,False,False,True,False,False,False,False,False,True,False,True,False,True,False,True,False,1
25.33,2.085,2.75,0,360,2,True,False,False,True,False,False,False,False,False,False,False,False,False,False,False,False,False,True,False,False,False,False,False,False,False,True,False,False,True,True,False,False,True,False,True,False,0
32.08,4.0,2.5,0,360,1,False,True,False,True,False,False,False,False,False,False,False,False,False,False,False,False,True,False,False,False,False,False,True,False,False,False,False,False,True,True,False,False,True,False,True,False,1
20.42,7.0,1.625,3,200,1392,False,True,False,True,False,False,False,False,False,False,False,False,False,False,False,False,False,True,False,False,False,False,True,False,False,False,False,False,True,False,True,True,False,False,True,False,1
34.83,2.5,3.0,0,200,1,False,True,True,False,False,False,False,False,False,False,False,False,False,False,False,False,False,False,True,False,False,False,True,False,False,False,False,True,False,True,False,True,False,True,False,False,0
29.25,14.79,5.04,5,168,1,False,True,False,True,False,False,False,False,False,False,False,False,False,False,False,True,False,False,False,False,False,False,True,False,False,False,False,False,True,False,True,False,True,False,True,False,1
19.58,0.665,1.0,1,2000,3,True,False,True,False,False,False,False,False,False,False,False,False,False,False,False,False,False,True,False,False,False,False,True,False,False,False,False,True,False,False,True,True,False,False,True,False,0
34.08,0.08,0.04,1,280,2001,False,True,True,False,False,False,False,False,False,False,False,False,False,False,False,False,True,False,False,False,False,False,False,True,False,False,False,False,True,False,True,False,True,False,True,False,1
24.75,3.0,1.835,19,0,501,True,False,False,True,False,False,False,True,False,False,False,False,False,False,False,False,False,False,False,False,False,False,False,False,False,True,False,False,True,False,True,True,False,False,True,False,1
16.5,0.125,0.165,0,132,1,False,True,False,True,False,False,False,False,False,False,False,False,False,False,False,False,False,True,False,False,False,False,True,False,False,False,False,True,False,True,False,True,False,False,True,False,0
40.33,8.125,0.165,2,184,19,True,False,True,False,False,False,False,False,False,False,False,False,False,True,False,False,False,False,False,False,False,False,True,False,False,False,False,True,False,False,True,True,False,False,True,False,0
39.08,4.0,3.0,0,480,1,True,False,False,True,False,False,False,False,False,False,False,False,False,False,False,False,False,True,False,False,False,False,True,False,False,False,False,True,False,True,False,True,False,False,True,False,0
32.0,6.0,1.25,0,272,1,True,False,False,True,False,False,False,False,False,False,False,True,False,False,False,False,False,False,False,False,False,False,True,False,False,False,False,True,False,True,False,True,False,False,True,False,0
36.67,3.25,9.0,0,102,640,False,True,False,True,False,False,False,True,False,False,False,False,False,False,False,False,False,False,False,False,False,False,False,False,False,True,False,False,True,True,False,False,True,False,True,False,1
21.5,6.0,2.5,3,80,919,True,False,False,True,False,False,False,False,False,False,False,False,False,False,False,True,False,False,False,False,False,False,True,False,False,False,False,False,True,False,True,True,False,False,True,False,1
22.33,11.0,2.0,1,80,279,False,True,False,True,False,False,False,False,False,False,False,False,False,False,False,False,False,False,True,False,False,False,True,False,False,False,False,False,True,False,True,True,False,False,True,False,1
22.67,0.75,2.0,2,200,395,True,False,False,True,False,False,False,False,False,False,False,False,False,False,False,False,False,True,False,False,False,False,True,False,False,False,False,True,False,False,True,False,True,False,True,False,0
28.75,1.165,0.5,0,280,1,False,True,False,True,False,False,False,False,False,False,False,False,False,True,False,False,False,False,False,False,False,False,True,False,False,False,False,False,True,True,False,True,False,True,False,False,0
22.08,11.0,0.665,0,100,1,False,True,False,True,False,False,False,False,False,True,False,False,False,False,False,False,False,False,False,False,False,False,True,False,False,False,False,False,True,True,False,True,False,False,True,False,1
56.58,18.5,15.0,17,0,1,False,True,False,True,False,False,False,False,False,False,False,True,False,False,False,False,False,False,False,False,False,False,False,True,False,False,False,False,True,False,True,False,True,False,True,False,1
21.33,7.5,1.415,1,80,9801,False,True,False,True,False,False,False,False,False,False,False,False,False,False,False,True,False,False,False,False,False,False,True,False,False,False,False,False,True,False,True,True,False,False,True,False,1
16.0,3.125,0.085,1,0,7,False,True,False,True,False,False,False,False,False,False,False,False,False,False,False,False,False,False,True,False,False,False,True,False,False,False,False,True,False,False,True,True,False,False,True,False,0
20.75,10.335,0.335,1,80,51,True,False,False,True,False,False,False,False,False,True,False,False,False,False,False,False,False,False,False,False,False,False,False,False,False,True,False,False,True,False,True,False,True,False,True,False,1
36.17,5.5,5.0,0,210,688,False,True,False,True,False,False,False,False,False,False,False,False,True,False,False,False,False,False,False,False,False,False,False,True,False,False,False,True,False,True,False,True,False,False,True,False,0
39.17,2.5,10.0,0,200,1,False,True,True,False,False,False,False,False,False,False,False,False,True,False,False,False,False,False,False,False,False,False,False,False,False,True,False,True,False,True,False,False,True,True,False,False,0
29.25,13.0,0.5,0,228,1,False,True,False,True,False,False,False,False,False,False,False,True,False,False,False,False,False,False,False,False,False,False,False,False,False,True,False,True,False,True,False,True,False,False,True,False,0
29.58,1.75,1.25,0,280,1,True,False,True,False,False,False,False,False,False,False,False,False,False,True,False,False,False,False,False,False,False,False,True,False,False,False,False,True,False,True,False,False,True,False,True,False,0
29.5,0.58,0.29,1,340,2804,False,True,False,True,False,False,False,False,False,False,False,False,False,False,False,False,False,False,True,False,False,False,True,False,False,False,False,True,False,False,True,True,False,False,True,False,0
45.0,8.5,14.0,1,88,2001,False,True,False,True,False,False,False,False,False,True,False,False,False,False,False,False,False,False,False,False,False,False,False,False,False,True,False,False,True,False,True,False,True,False,True,False,1
32.67,5.5,5.5,12,408,1001,False,True,False,True,False,False,False,True,False,False,False,False,False,False,False,False,False,False,False,False,False,False,False,False,False,True,False,False,True,False,True,False,True,False,True,False,1
16.5,1.25,0.25,1,108,99,True,False,False,True,False,False,False,True,False,False,False,False,False,False,False,False,False,False,False,False,False,False,True,False,False,False,False,True,False,False,True,True,False,False,True,False,0
43.25,25.21,0.21,1,760,91,False,True,False,True,False,False,False,True,False,False,False,False,False,False,False,False,False,False,False,False,False,False,False,False,False,True,False,False,True,False,True,True,False,False,True,False,0
15.75,0.375,1.0,0,120,19,True,False,False,True,False,False,False,False,False,False,False,False,False,False,False,False,False,True,False,False,False,False,True,False,False,False,False,True,False,True,False,True,False,False,True,False,0
48.75,26.335,0.0,0,0,1,False,True,True,False,False,True,False,False,False,False,False,False,False,False,False,False,False,False,False,True,False,False,False,False,False,False,False,False,True,True,False,False,True,False,True,False,0
23.75,12.0,2.085,0,80,1,False,True,False,True,False,False,False,False,False,False,False,False,False,False,False,False,False,True,False,False,False,False,True,False,False,False,False,True,False,True,False,True,False,True,False,False,0
47.67,2.5,2.5,12,410,2511,False,True,False,True,False,False,False,False,False,False,False,False,False,False,False,False,True,False,False,False,False,False,False,True,False,False,False,False,True,False,True,False,True,False,True,False,1
37.5,0.835,0.04,0,120,6,False,True,False,True,False,False,True,False,False,False,False,False,False,False,False,False,False,False,False,False,False,False,True,False,False,False,False,True,False,True,False,True,False,False,True,False,0
53.92,9.625,8.665,5,0,1,False,True,False,True,False,False,True,False,False,False,False,False,False,False,False,False,False,False,False,False,False,False,True,False,False,False,False,False,True,False,True,True,False,False,True,False,1
52.5,6.5,6.29,15,0,11203,False,True,False,True,False,False,False,False,False,False,False,False,False,True,False,False,False,False,False,False,False,False,True,False,False,False,False,False,True,False,True,True,False,False,True,False,1
31.92,3.125,3.04,2,200,5,True,False,False,True,False,True,False,False,False,False,False,False,False,False,False,False,False,False,False,True,False,False,False,False,False,False,False,True,False,False,True,False,True,False,True,False,0
41.5,1.54,3.5,0,216,1,False,True,False,True,False,False,False,False,False,False,False,False,True,False,False,False,False,False,False,False,False,False,False,True,False,False,False,True,False,True,False,True,False,False,True,False,1
23.33,11.625,0.835,0,160,301,False,True,True,False,False,False,False,False,False,False,False,False,False,False,False,False,False,False,True,False,False,False,True,False,False,False,False,False,True,True,False,False,True,False,True,False,1
22.83,3.0,1.29,1,260,801,False,True,False,True,False,False,False,False,False,False,False,False,False,False,False,False,True,False,False,False,False,False,True,False,False,False,False,False,True,False,True,True,False,False,True,False,1
17.58,10.0,0.165,1,120,2,False,True,False,True,False,False,False,False,False,False,False,False,False,False,False,False,False,False,True,False,False,False,False,False,False,True,False,True,False,False,True,True,False,False,True,False,0
18.83,3.54,0.0,0,180,2,False,True,True,False,False,True,False,False,False,False,False,False,False,False,False,False,False,False,False,True,False,False,False,False,False,False,False,True,False,True,False,False,True,False,True,False,0
33.58,2.75,4.25,6,204,1,False,True,False,True,False,False,False,False,False,False,False,False,False,False,False,False,True,False,False,False,False,False,True,False,False,False,False,False,True,False,True,True,False,False,True,False,1
25.0,12.0,2.25,2,120,6,False,True,False,True,False,False,False,False,False,False,False,False,False,True,False,False,False,False,False,False,False,False,True,False,False,False,False,False,True,False,True,False,True,False,True,False,0
54.33,6.75,2.625,11,0,285,False,True,False,True,False,False,False,False,False,False,False,False,False,False,False,False,False,True,False,False,False,False,False,False,False,True,False,False,True,False,True,False,True,False,True,False,1
23.25,1.5,2.375,3,0,583,False,True,False,True,False,False,False,True,False,False,False,False,False,False,False,False,False,False,False,False,False,False,True,False,False,False,False,False,True,False,True,False,True,False,True,False,1
31.57,11.25,0.0,0,184,5201,True,False,False,True,False,True,False,False,False,False,False,False,False,False,False,False,False,False,False,True,False,False,False,False,False,False,False,True,False,True,False,True,False,False,True,False,0
16.08,0.335,0.0,1,160,127,True,False,False,True,False,True,False,False,False,False,False,False,False,False,False,False,False,False,False,True,False,False,False,False,False,False,False,True,False,False,True,True,False,False,True,False,0
27.33,1.665,0.0,0,340,2,True,False,False,True,False,True,False,False,False,False,False,False,False,False,False,False,False,False,False,True,False,False,False,False,False,False,False,True,False,True,False,True,False,False,True,False,0
18.83,0.415,0.165,1,200,2,False,True,True,False,False,False,False,False,False,False,False,False,False,False,False,False,False,True,False,False,False,False,True,False,False,False,False,True,False,False,True,True,False,False,True,False,0
20.5,11.835,6.0,0,340,1,True,False,False,True,False,False,False,False,False,False,False,False,False,False,False,False,False,True,False,False,False,False,False,False,False,True,False,False,True,True,False,True,False,False,True,False,1
19.17,0.0,0.0,0,500,2,False,True,True,False,False,False,False,False,False,False,False,False,False,False,False,False,True,False,False,False,False,False,False,True,False,False,False,True,False,True,False,False,True,True,False,False,1
33.0,2.5,7.0,0,280,1,False,True,True,False,False,False,False,False,False,False,False,False,False,False,False,False,False,False,True,False,False,False,True,False,False,False,False,True,False,True,False,False,True,False,True,False,0
36.58,0.29,0.0,10,200,19,True,False,False,True,False,True,False,False,False,False,False,False,False,False,False,False,False,False,False,True,False,False,False,False,False,False,False,True,False,False,True,True,False,False,True,False,0
27.67,2.04,0.25,0,180,51,True,False,False,True,False,False,False,False,False,False,False,False,False,False,False,False,False,False,True,False,False,False,True,False,False,False,False,True,False,True,False,False,True,False,True,False,0
18.5,2.0,1.5,2,120,301,False,True,False,True,False,False,False,False,False,False,False,False,True,False,False,False,False,False,False,False,False,False,True,False,False,False,False,False,True,False,True,True,False,False,True,False,1
20.67,0.835,2.0,0,240,1,False,True,True,False,False,False,False,False,False,False,False,False,False,False,False,False,False,True,False,False,False,False,True,False,False,False,False,True,False,True,False,False,True,True,False,False,0
35.0,3.375,8.29,0,0,1,False,True,False,True,False,False,False,False,False,False,False,False,False,False,False,False,False,True,False,False,False,False,False,False,False,True,False,True,False,True,False,False,True,False,True,False,0
23.42,0.79,1.5,2,80,401,True,False,True,False,False,False,False,True,False,False,False,False,False,False,False,False,False,False,False,False,False,False,True,False,False,False,False,False,True,False,True,False,True,False,True,False,1
23.25,4.0,0.25,0,160,1,False,True,False,True,False,False,False,False,False,False,False,False,False,False,False,False,False,True,False,False,False,False,False,True,False,False,False,False,True,True,False,False,True,False,True,False,1
18.83,9.54,0.085,0,100,1,True,False,False,True,False,False,False,False,False,False,False,False,False,False,False,True,False,False,False,False,False,False,True,False,False,False,False,False,True,True,False,True,False,False,True,False,1
57.58,2.0,6.5,1,0,11,True,False,False,True,False,True,False,False,False,False,False,False,False,False,False,False,False,False,False,True,False,False,False,False,False,False,False,True,False,False,True,True,False,False,True,False,0
25.25,12.5,1.0,0,180,1063,True,False,False,True,False,False,False,False,False,False,False,True,False,False,False,False,False,False,False,False,False,False,True,False,False,False,False,True,False,True,False,False,True,False,True,False,0
19.5,0.29,0.29,0,280,365,False,True,False,True,False,False,False,False,False,False,False,False,False,True,False,False,False,False,False,False,False,False,True,False,False,False,False,True,False,True,False,True,False,False,True,False,0
33.08,4.625,1.625,2,0,1,True,False,False,True,False,False,False,True,False,False,False,False,False,False,False,False,False,False,False,False,False,False,False,False,False,True,False,False,True,False,True,True,False,False,True,False,1
19.42,6.5,1.46,7,80,2955,False,True,False,True,False,False,False,False,False,False,False,False,False,False,False,False,False,False,True,False,False,False,False,False,False,True,False,False,True,False,True,True,False,False,True,False,1
34.83,4.0,12.5,0,184,1,False,True,False,True,False,False,False,False,False,False,False,True,False,False,False,False,False,False,False,False,False,False,False,True,False,False,False,False,True,True,False,False,True,False,True,False,0
25.67,12.5,1.21,67,140,259,False,True,False,True,False,False,False,False,False,True,False,False,False,False,False,False,False,False,False,False,False,False,True,False,False,False,False,False,True,False,True,False,True,False,True,False,1
34.0,4.5,1.0,0,240,1,False,True,False,True,False,False,False,False,False,False,False,False,False,False,False,True,False,False,False,False,False,False,True,False,False,False,False,False,True,True,False,False,True,False,True,False,0
31.33,19.5,7.0,16,0,5001,False,True,False,True,False,False,False,False,False,False,False,False,False,False,False,False,False,True,False,False,False,False,True,False,False,False,False,False,True,False,True,True,False,False,True,False,1
62.5,12.75,5.0,0,112,1,False,True,True,False,False,False,False,False,False,False,False,False,False,False,False,False,False,True,False,False,False,False,False,False,False,True,False,False,True,True,False,True,False,False,True,False,0
20.0,0.0,0.5,0,144,1,False,True,False,True,False,False,False,False,False,False,False,True,False,False,False,False,False,False,False,False,False,False,True,False,False,False,False,True,False,True,False,True,False,False,True,False,0
16.0,0.165,1.0,2,320,2,True,False,False,True,False,False,False,False,False,False,False,False,False,False,False,True,False,False,False,False,False,False,True,False,False,False,False,True,False,False,True,False,True,False,True,False,0
71.58,0.0,0.0,0,184,1,True,False,False,True,False,False,False,False,False,False,False,False,False,False,False,False,False,True,False,False,False,False,True,False,False,False,False,True,False,True,False,True,False,False,False,True,1
34.17,1.54,1.54,1,520,50001,False,True,False,True,False,False,False,False,False,True,False,False,False,False,False,False,False,False,False,False,False,False,True,False,False,False,False,False,True,False,True,False,True,False,True,False,1
20.17,5.625,1.71,0,120,1,False,True,False,True,False,False,False,False,False,False,False,False,False,False,False,False,False,False,True,False,False,False,True,False,False,False,False,False,True,True,False,True,False,True,False,False,1
58.33,10.0,4.0,14,0,1603,True,False,False,True,False,False,False,True,False,False,False,False,False,False,False,False,False,False,False,False,False,False,True,False,False,False,False,False,True,False,True,True,False,False,True,False,1
52.33,1.375,9.46,0,200,101,False,True,True,False,False,False,False,False,False,False,False,False,False,False,False,False,False,True,False,False,False,False,False,False,False,True,False,False,True,True,False,False,True,False,True,False,0
42.0,9.79,7.96,8,0,1,False,True,False,True,False,False,False,False,False,False,True,False,False,False,False,False,False,False,False,False,False,False,False,False,False,True,False,False,True,False,True,True,False,False,True,False,1
17.83,11.0,1.0,11,0,3001,True,False,False,True,False,False,False,False,False,False,True,False,False,False,False,False,False,False,False,False,False,False,False,False,False,True,False,False,True,False,True,True,False,False,True,False,1
37.58,0.0,0.0,0,184,1,False,True,False,True,False,False,False,False,False,False,False,False,False,False,False,False,False,True,False,False,False,False,True,False,False,False,False,True,False,True,False,True,False,False,False,True,1
28.5,1.0,1.0,2,167,501,True,False,False,True,False,False,False,True,False,False,False,False,False,False,False,False,False,False,False,False,False,False,True,False,False,False,False,False,True,False,True,False,True,False,True,False,0
23.58,0.46,2.625,6,208,348,False,True,True,False,False,False,False,False,False,False,False,False,False,False,False,False,False,False,True,False,False,False,True,False,False,False,False,False,True,False,True,False,True,False,True,False,0
29.58,4.5,7.5,2,330,1,False,True,False,True,False,False,False,False,False,False,False,False,False,False,False,False,False,False,True,False,False,False,True,False,False,False,False,False,True,False,True,False,True,False,True,False,1
41.17,4.04,7.0,8,320,1,False,True,False,True,False,False,False,False,False,True,False,False,False,False,False,False,False,False,False,False,False,False,False,False,False,True,False,False,True,False,True,True,False,False,True,False,1
36.08,2.54,0.0,0,0,1001,False,True,False,True,False,True,False,False,False,False,False,False,False,False,False,False,False,False,False,True,False,False,False,False,False,False,False,True,False,True,False,True,False,False,True,False,0
31.57,3.5,3.0,0,300,1,True,False,False,True,False,False,False,False,False,False,False,True,False,False,False,False,False,False,False,False,False,False,True,False,False,False,False,False,True,True,False,False,True,False,True,False,0
22.92,11.585,0.04,0,80,1350,True,False,False,True,False,False,False,False,False,True,False,False,False,False,False,False,False,False,False,False,False,False,True,False,False,False,False,False,True,True,False,True,False,False,True,False,1
19.17,8.585,0.75,7,96,1,True,False,False,True,False,False,False,False,False,True,False,False,False,False,False,False,False,False,False,False,False,False,False,False,False,True,False,False,True,False,True,True,False,False,True,False,1
23.92,0.665,0.165,0,100,1,False,True,False,True,False,False,False,False,False,False,False,False,False,False,False,False,False,True,False,False,False,False,True,False,False,False,False,True,False,True,False,True,False,False,True,False,1
41.75,0.96,2.5,0,510,601,False,True,False,True,False,False,False,False,False,False,True,False,False,False,False,False,False,False,False,False,False,False,True,False,False,False,False,False,True,True,False,True,False,False,True,False,1
22.25,0.46,0.125,0,280,56,False,True,False,True,False,False,False,False,False,False,False,False,False,True,False,False,False,False,False,False,False,False,True,False,False,False,False,True,False,True,False,False,True,False,True,False,0
28.5,3.04,2.54,1,70,1,True,False,True,False,False,False,False,False,False,False,True,False,False,False,False,False,False,False,False,False,False,False,False,False,False,True,False,False,True,False,True,True,False,False,True,False,1
41.33,1.0,2.25,0,0,301,True,False,False,True,False,False,False,False,False,False,False,False,True,False,False,False,False,False,False,False,False,False,False,True,False,False,False,False,True,True,False,False,True,False,True,False,1
23.5,3.165,0.415,1,280,81,False,True,True,False,False,False,False,False,False,False,False,False,False,True,False,False,False,False,False,False,False,False,True,False,False,False,False,True,False,False,True,False,True,False,True,False,0
28.25,0.875,0.96,3,396,1,False,True,False,True,False,False,False,False,False,False,False,False,False,False,False,False,True,False,False,False,False,False,True,False,False,False,False,False,True,False,True,False,True,False,True,False,1
44.33,0.5,5.0,0,320,1,False,True,False,True,False,False,False,False,False,False,False,False,True,False,False,False,False,False,False,False,False,False,False,False,False,True,False,False,True,True,False,False,True,False,True,False,1
55.75,7.08,6.75,3,100,51,True,False,False,True,False,False,False,False,False,False,False,False,False,True,False,False,False,False,False,False,False,False,False,False,False,True,False,False,True,False,True,False,True,False,True,False,0
58.42,21.0,10.0,13,0,6701,True,False,False,True,False,False,False,False,False,False,False,False,True,False,False,False,False,False,False,False,False,False,False,True,False,False,False,False,True,False,True,True,False,False,True,False,1
44.17,6.665,7.375,3,0,1,True,False,False,True,False,False,False,True,False,False,False,False,False,False,False,False,False,False,False,False,False,False,True,False,False,False,False,False,True,False,True,False,True,False,True,False,1
49.58,19.0,0.0,1,94,1,False,True,False,True,False,True,False,False,False,False,False,False,False,False,False,False,False,False,False,True,False,False,False,False,False,False,False,False,True,False,True,True,False,False,True,False,0
36.5,4.25,3.5,0,454,51,False,True,False,True,False,False,False,True,False,False,False,False,False,False,False,False,False,False,False,False,False,False,True,False,False,False,False,True,False,True,False,True,False,False,True,False,0
34.92,5.0,7.5,6,0,1001,False,True,False,True,False,False,False,False,False,False,True,False,False,False,False,False,False,False,False,False,False,False,False,False,False,True,False,False,True,False,True,False,True,False,True,False,1
39.92,6.21,0.04,1,200,301,False,True,False,True,False,False,False,True,False,False,False,False,False,False,False,False,False,False,False,False,False,False,True,False,False,False,False,False,True,False,True,True,False,False,True,False,1
24.58,13.5,0.0,0,184,1,False,True,True,False,False,True,False,False,False,False,False,False,False,False,False,False,False,False,False,True,False,False,False,False,False,False,False,True,False,True,False,True,False,False,True,False,0
41.17,1.25,0.25,0,0,196,False,True,True,False,False,False,False,False,False,False,False,False,False,False,False,False,False,False,True,False,False,False,True,False,False,False,False,True,False,True,False,True,False,False,True,False,0
23.58,1.79,0.54,0,136,2,False,True,False,True,False,False,False,False,False,False,False,False,False,False,False,False,False,True,False,False,False,False,True,False,False,False,False,True,False,True,False,False,True,False,True,False,0
18.92,9.25,1.0,4,80,501,True,False,True,False,False,False,False,False,False,False,False,False,False,False,False,False,False,True,False,False,False,False,True,False,False,False,False,False,True,False,True,False,True,False,True,False,1
28.08,15.0,0.0,0,0,13213,True,False,True,False,False,False,True,False,False,False,False,False,False,False,False,False,False,False,False,False,False,False,False,False,False,False,True,False,True,True,False,True,False,False,True,False,1
32.25,0.165,3.25,1,432,8001,False,True,True,False,False,False,False,False,False,False,False,False,False,False,False,False,False,True,False,False,False,False,False,False,False,True,False,False,True,False,True,False,True,False,True,False,1
32.17,1.46,1.085,16,120,2080,True,False,False,True,False,False,False,False,False,False,False,False,False,False,False,False,False,False,True,False,False,False,True,False,False,False,False,False,True,False,True,True,False,False,True,False,1
20.17,8.17,1.96,14,60,159,False,True,False,True,False,False,False,False,False,False,False,False,False,False,False,True,False,False,False,False,False,False,True,False,False,False,False,False,True,False,True,True,False,False,True,False,1
27.42,12.5,0.25,0,720,1,False,True,False,True,False,False,False,False,False,False,False,False,False,False,False,True,False,False,False,False,False,False,False,True,False,False,False,True,False,True,False,False,True,False,True,False,0
37.17,4.0,5.0,0,280,1,False,True,False,True,False,False,False,False,False,False,False,False,False,False,False,False,False,True,False,False,False,False,False,True,False,False,False,False,True,True,False,False,True,True,False,False,0
46.08,3.0,2.375,8,396,4160,True,False,False,True,False,False,False,False,False,False,False,False,False,False,False,False,False,True,False,False,False,False,True,False,False,False,False,False,True,False,True,False,True,False,True,False,1
18.83,0.0,0.665,0,160,2,False,True,False,True,False,False,False,True,False,False,False,False,False,False,False,False,False,False,False,False,False,False,True,False,False,False,False,True,False,True,False,True,False,False,True,False,0
22.58,10.75,0.415,5,0,561,True,False,False,True,False,False,False,True,False,False,False,False,False,False,False,False,False,False,False,False,False,False,True,False,False,False,False,False,True,False,True,False,True,False,True,False,1
20.75,10.25,0.71,2,49,1,True,False,False,True,False,False,False,True,False,False,False,False,False,False,False,False,False,False,False,False,False,False,True,False,False,False,False,False,True,False,True,False,True,False,True,False,1
26.17,12.5,1.25,0,0,18,False,True,True,False,False,False,False,False,False,False,False,False,False,True,False,False,False,False,False,False,False,False,False,False,False,True,False,True,False,True,False,False,True,False,True,False,0
31.57,4.0,5.0,3,290,2280,False,True,False,True,False,False,False,False,False,False,True,False,False,False,False,False,False,False,False,False,False,False,True,False,False,False,False,False,True,False,True,False,True,False,True,False,1
16.33,0.21,0.125,0,200,2,True,False,False,True,False,False,False,False,False,False,False,False,False,False,False,True,False,False,False,False,False,False,True,False,False,False,False,True,False,True,False,True,False,False,True,False,0
23.08,0.0,1.0,11,0,1,False,True,False,True,False,False,False,False,False,False,False,False,False,True,False,False,False,False,False,False,False,False,True,False,False,False,False,True,False,False,True,True,False,True,False,False,0
23.0,0.75,0.5,0,320,1,False,True,False,True,False,False,False,False,False,False,False,False,False,False,False,False,True,False,False,False,False,False,True,False,False,False,False,True,False,True,False,False,True,True,False,False,0
39.42,1.71,0.165,0,400,1,False,True,True,False,False,False,False,False,False,False,False,False,False,False,False,False,True,False,False,False,False,False,True,False,False,False,False,True,False,True,False,True,False,True,False,False,0
25.67,2.21,4.0,0,188,1,False,True,True,False,False,False,False,False,False,False,False,False,False,False,False,True,False,False,False,False,False,False,True,False,False,False,False,False,True,True,False,True,False,False,True,False,0
41.33,0.0,15.0,0,0,1,False,True,False,True,False,False,False,False,False,False,False,False,False,False,False,False,False,True,False,False,False,False,False,True,False,False,False,False,True,True,False,True,False,False,True,False,1
26.75,4.5,2.5,0,200,1211,False,True,True,False,False,False,False,False,False,False,False,False,False,False,False,False,False,True,False,False,False,False,False,True,False,False,False,True,False,True,False,True,False,False,True,False,0
